Keyword,Clicks,Conversions,Industry
dentist near me,34,4.5,Dentist
dentist,463,49.5,Dentist
dental clinic near me,26,3,Dentist
emergency dentist,135,15,Dentist
dental clinic,63,6,Dentist
dentist office,104,10,Dentist
certificat de localisation,94,1,Land Surveyor
Surveying Services,62,1,Land Surveyor
Certified Surveyor,66,5,Land Surveyor
Surveying Companies,32,3,Land Surveyor
Arpenteur de construction,86,5,Land Surveyor
Arpenteur Géomètre Prix,21,1,Land Surveyor
Arpenteur Géomètre,34,3,Land Surveyor
Arpenteur gatineau,57,8,Land Surveyor
Arpenteur,7,1,Land Surveyor
Géomètre Arpenteur,103,1,Land Surveyor
Cleaning Services,52,1,Cleaning
Inspection Maison,44,0.5,Home Inspection
Inspection De Maison,16,2.5,Home Inspection
Inspecteur Résidentiel,40,4.5,Home Inspection
Inspection De Batiment,146,19,Home Inspection
Inspecteur Pour Maison,12,0.5,Home Inspection
Inspection Residentielle,16,3,Home Inspection
Inspecteur Pré Achat,13,2,Home Inspection
pose de plancher de bois franc,48,8.5,Construction
installation plancher bois franc,11,4,Construction
installateur de plancher flottant,8,3,Construction
installation plancher flottant,43,2,Construction
pose de plancher,350,54,Construction
poseur de plancher flottant,14,1,Construction
installateur de plancher de bois franc,2,1,Construction
pose plancher flottant,63,13,Construction
installation de plancher,82,18,Construction
sablage de plancher,44,6.5,Construction
sablage plancher bois franc,36,1,Construction
sablage plancher,87,14,Construction
sablage et vernissage de plancher,56,13,Construction
sablage,92,10,Construction
fabricant d escalier intérieur,113,7,Construction
fabrication d escalier,132,18.5,Construction
construction escalier intérieur,126,18,Construction
construction escalier,18,3,Construction
fabricant escalier sur mesure,11,1.5,Construction
Plancher Époxy,359,7,Doors & Windows
Roofing Supplies,131,3,Roofer
Shingle Anchor,2,1,Roofer
Junk Removal,131,3,Disposal
Junk Removal Montreal,79,2,Disposal
Scrap Removal,67,3,Disposal
Scrap Pickup,63,3,Disposal
garbage pick up in,97,2,Disposal
Scrap Removal Near Me,17,2,Disposal
Rubbish Removal,317,8.5,Disposal
montreal junk removal,202,10,Disposal
Junk Removal Near Me,23,2,Disposal
1800 Got Junk,63,1,Disposal
Appliance Removal Near Me,27,1,Disposal
Furniture Removal,69,2,Disposal
Furniture Removal Services,175,11,Disposal
Pick Up Old Furniture,121,4,Disposal
Sofa Removal,23,1,Disposal
Couvreur Toiture,59,2,Roofer
Entreprise Toiture,94,1,Roofer
Membrane Pour Toiture,7,2,Roofer
agence de création de site web,2,1,Marketing
création site internet,9,2,Marketing
agence web marketing,8,1,Marketing
service de marketing,6,1,Marketing
construire projet immobilier,116,3,Construction
entreprise de construction immobilière,150,4,Construction
acheter un terrain pour construire,233,1,Construction
salle de bain,47,1,Home Cabinets
Vanité Salle de Bain,446,1,Home Cabinets
vanité sur mesure,63,1,Home Cabinets
Mobilier De Salle De Bain,23,1,Home Cabinets
Cuisine Design Sur Mesure,9,1,Home Cabinets
epoxy plancher,20,1,Flooring
plancher époxy,45,3,Flooring
revêtement époxy,56,3,Flooring
compagnie époxy,21,2,Flooring
plancher époxy,84,4,Flooring
epoxy sous sol,3,1,Flooring
plancher epoxy,38,4,Flooring
Ramassage Des Encombrants,228,23,Disposal
Vider Un Appartement,20,3,Disposal
Ramassage De Dechet,18,1,Disposal
Ramassage D'ordure,14,1,Disposal
Ramassage Objets Encombrants,646,47,Disposal
1 800 got junk,11,5,Disposal
go junk,5,1,Disposal
Got Junk,121,17,Disposal
Got Junk Montreal,11,2,Disposal
gotjunk,87,9,Disposal
1800 Got Junk,43,5,Disposal
gojunk,1,1,Disposal
Ramassage Meubles Usagés,165,21.5,Disposal
Ramassage Meuble,36,1,Disposal
Ramassage Vieux Electroménagers,101,5,Disposal
Ramassage De Meubles,50,7,Disposal
Service De Ramassage De Meuble,24,3,Disposal
Récupération Électroménager Usagé,132,11,Disposal
Cueillette De Meubles,139,17.5,Disposal
Collecte Meuble À Domicile,84,7,Disposal
ramassage de meuble laval,257,26,Disposal
ramassage electromenager,28,2,Disposal
Ramassage Vieux Meubles,24,4,Disposal
ramassage des meubles,204,22.67,Disposal
collecte de meubles à domicile,398,43.33,Disposal
Recuperation Mobilier Bureau,2,1,Disposal
Ramassage Debris Construction,16,2,Disposal
Barcode GS1,8,1,Packaging
Vente étiquetage,23,2,Packaging
Étiquetage industriel,15,1,Packaging
Service étiquetage,42,1,Packaging
Label applicator,56,3,Packaging
Emballage étiquetage,62,1,Packaging
Marquage industriel,3,1,Packaging
livraison de colis,115,1,Transport
volet décoratif extérieur,14,1,Roofer
persiennes extérieures,12,1,Roofer
volets décoratifs,15,2,Roofer
persienne pour fenêtre,43,1,Roofer
métaux en feuilles,24,0.5,Roofer
feuille de tole,217,11.5,Roofer
feuille aluminium,27,1,Roofer
aluminium en feuille,105,5.5,Roofer
grille de ventilation,69,5,Roofer
grille aération,63,1,Roofer
arrêt de neige pour toiture,46,2,Roofer
arrêt neige toit,41,1,Roofer
arrêt de neige,41,4,Roofer
moulure métallique,40,1,Roofer
pliage aluminium,14,3,Roofer
pliage aluminium sur mesure,22,2.5,Roofer
entrepreneur en rénovation,21,2,Renovation
rénovation entrepreneur,9,1,Renovation
entreprise de renovation,37,1,Renovation
rénovation résidentielle,47,3,Renovation
entreprise de rénovation,15,1,Renovation
nettoyage drain francais,32,2,Construction
reparation fissure,51,2,Construction
reparation fondation,14,1,Construction
réparation fissure béton extérieur,12,1,Construction
fissure fondation,12,1,Construction
Excavation Et Terrassement,23,2,Construction
Service d'Excavation,17,2,Construction
Inspection Immeuble,1,1,Home Inspection
Electricien Residentiel,1,1,Electrician
Entreprise Electricien,26,1,Electrician
Urgence Electricien,37,5,Electrician
Service Electrique,26,5,Electrician
Installation électrique,5,2,Electrician
Réparation électrique,38,6,Electrician
Électricien,51,3,Electrician
Installation Borne De Recharge,33,1,Electrician
Borne de recharge résidentielle,14,1,Electrician
Électricien rénovation,37,5,Electrician
Distribution électrique,8,1,Electrician
Lave Auto À La Main,74,1,Car Wash
Nettoyage Des Voitures,122,1,Car Wash
Lavage Auto,78,1,Car Wash
Lavage Automobile,422,6,Car Wash
Auto Esthétique,106,2,Car Wash
Esthétique Automobile,48,2,Car Wash
Esthétique Auto,20,1,Car Wash
Détaillant De Voiture,91,1,Car Wash
Garage Esthétique Auto,26,1,Car Wash
Nettoyage Voiture Intérieur,65,1,Car Wash
Esthétique Auto Rive Sud,51,1,Car Wash
Lavage Auto Interieur,41,1,Car Wash
Hardwood Floor Refinishing,9,1,Flooring
Tile Flooring,6,1,Flooring
Floor Carpeting,19,1,Flooring
House Cleaning Services,193,7,Cleaning
Cleaners Near Me,17,2,Cleaning
Residential Cleaners,2,1,Cleaning
Cleaning Services,199,9,Cleaning
Cleaning Company,20,2,Cleaning
Home Cleaners,12,1,Cleaning
Move Out Cleaning,6,1,Cleaning
Move Out Cleaning Services,1,1,Cleaning
Home Deep Cleaning Services,10,1,Cleaning
Deep Cleaning Services,65,8,Cleaning
Comptable Terrebonne,26,3,Accounting
service comptable,104,4,Accounting
comptable fiscaliste pour particulier,6,2,Accounting
compagnie époxy,3,1,Flooring
nettoyage air climatisé mural,82,3,Hvac
air climatisé mural nettoyage,7,1,Hvac
nettoyage thermopompe,70,3,Hvac
nettoyage de thermopompe,50,1,Hvac
nettoyage de conduits,28,1,Hvac
nettoyage conduits ventilation,5,1,Hvac
nettoyage de conduit de ventilation,14,2,Hvac
nettoyage de ventilation,42,2,Hvac
entretien ventilation,24,2,Hvac
nettoyage conduit sécheuse,31,4,Hvac
nettoyage ventilation,25,2,Hvac
nettoyage conduit ventilation,57,1,Hvac
peinture pour fenêtre,90,6,Construction
peinture porte,19,3,Construction
peinture fenêtre,25,1,Construction
peinture porte extérieur,47,2,Construction
peinture pour porte,70,3,Construction
peinture porte de garage,48,4,Construction
Revêtements Extérieurs Peinture,29,1,Construction
Peinture De Revêtement Extérieur,76,1,Construction
Peinture Revêtement Extérieur Aluminium,33,1,Construction
peinture toiture,76,1,Construction
peintre toiture tole,21,1,Construction
chauffage au gaz,24,1,Hvac
Revêtements Extérieurs Peinture,8,1,Construction
peintre toiture tole,1,2,Construction
Roofing Supplies,190,1,Roofer
ABC Supply,158,3,Roofer
SRS Distribution,29,1,Roofer
Beacon Building Products,84,1,Roofer
renovation contractor,29,1,Construction
CPR First Aid,103,5,Training Classes
First Aid CPR Training,19,1,Training Classes
First Aid And CPR,56,2,Training Classes
Roof Construction,5,1,Roofer
Toiture Métal,6,1,Roofer
Réparation Toiture Tôle,2,1,Roofer
Toiture Tôle,12,1,Roofer
Membrane Élastomère,2,1,Roofer
Toiture Bardeaux,14,1,Roofer
Bardeau d'asphalte,2,1,Roofer
Service Toiture,16,1,Roofer
Entreprise Toiture,40,3,Roofer
Matériaux de toiture,85,2,Roofer
Réparation de Toiture,32,1,Roofer
intercom multilogement,21,1,Alarm Systems
système intercom,70,1,Alarm Systems
entrepreneur général construction,35,2,Renovation
Service de nettoyage,17,1,Cleaning
Travaux de rénovation,21,1,Construction
Travaux de rénovation,14,1,Construction
entrepreneur général construction,16,1,Construction
Electricien Residentiel,16,2,Electrician
Urgence Electricien,56,4,Electrician
Entreprise Electricien,188,22,Electrician
Service Electrique,157,21.33,Electrician
Professionnel Electricien,27,2.67,Electrician
Borne de recharge,72,2,Electrician
Installation Borne De Recharge,50,1,Electrician
Borne Recharge Électrique,73,3,Electrician
Installation Electrique,6,1,Electrician
nettoyage air climatisé mural prix,13,1,Hvac
nettoyage thermopompe murale,28,1,Hvac
entretien air climatisé mural,16,1,Hvac
thermopompe nettoyage,25,2,Hvac
nettoyage conduit ventilation,30,2,Hvac
entretien échangeur d air,38,1,Hvac
nettoyage échangeur d air prix,7,1,Hvac
nettoyage de conduit de sécheuse prix,13,1,Hvac
nettoyage conduit sécheuse,13,1,Hvac
sortie sécheuse,2,1,Hvac
sortie de secheuse,5,1,Hvac
toiture metallique pour maison,39,3,Construction
couvreur toiture métallique,22,5,Construction
toiture en metal,3,1,Construction
toiture métallique,29,2,Construction
revêtement métallique toiture,31,2,Construction
réparation de toiture,22,2,Construction
entrepreneur général résidentiel,128,2,Construction
entrepreneur général construction,90,3,Construction
contracteur général,35,1,Construction
constructeur general,238,5,Construction
entrepreneur général rénovation,155,1,Construction
entrepreneur général rive sud,17,2,Construction
toiture bardeaux,6,1,Construction
Screener Machine,170,5,Excavator
entrepreneur construction,38,2,Renovation
entrepreneur général construction,35,1,Renovation
entrepreneur général construction,13,2,Renovation
entrepreneur en rénovation,7,3,Renovation
rénovation cuisine,7,1,Renovation
entrepreneur général construction,75,3,Construction
Entrepreneur Rénovation Maison,21,1,Construction
contracteur général,27,1,Construction
renovation generale,36,1,Construction
renovation sous sol,18,2,Construction
renovation generale,42,2,Construction
Coupe D Arbre,136,4,Tree Services
Couper Un Arbre,402,15.5,Tree Services
Abattage D'arbres,53,1,Tree Services
Emondage Arbre,138,5.5,Tree Services
Coupe Arbre,74,2.5,Tree Services
Abattage,2,1,Tree Services
Entreprise Elagage,168,13.5,Tree Services
Entreprise Abattage Arbre,22,3,Tree Services
Entreprise De Déboisement,11,1,Tree Services
Taillage Des Haies,45,3.5,Tree Services
Taille Haie De Cèdre,155,7,Tree Services
Taille De Haies,236,3.5,Tree Services
Taillage Haie,31,0.5,Tree Services
Coupe De Haie De Cèdre,100,7.5,Tree Services
entrepreneur en rénovation,8,1,Construction
rénovation générale,10,2,Construction
entreprise renovation,17,1,Construction
construction et renovation,2,1,Construction
entreprise de renovation,3,1,Construction
entrepreneur général,17,1,Construction
entreprise de construction renovation,7,2,Construction
entrepreneur de construction,14,1,Construction
rénovation de la salle de bain,23,1,Construction
location camion,113,1,Transport
Gestion des Stocks,2,2,Transport
Gestion stock,1,1,Transport
Chaîne d'approvisionnement,4,3,Transport
Approvisionnement,9,7.5,Transport
Transport logistique,44,39.17,Transport
Logistique et transport,25,26,Transport
Solutions de transport,38,34,Transport
Service logistique,53,47.33,Transport
Entreprise de logistique,18,21,Transport
Gestion des réseaux,1,1,Transport
Consultant supply chain,2,2,Transport
Analyse des performances,4,5,Transport
Conseil en Entreprise,13,12,Transport
Audit logistique,2,2,Transport
Gestion d'inventaire,10,11,Transport
Consultant en Entreprise,20,20,Transport
Consultant Gestion de projet,14,14,Transport
Démolition Résidentielle,3,2,Construction
Construction Renovation,55,3,Construction
Entreprise Rénovation,41,7,Construction
Rénovation Résidentielle,31,1,Construction
Entreprise De Construction,196,14,Construction
Entreprise De Construction Et Rénovation,24,1,Construction
Rénovation Générale,12,1,Construction
installateur thermopompe,17,2,Hvac
installation air climatisé,8,1,Hvac
Climatisation Installateur,39,4,Hvac
Installer Thermopompe,1,1,Hvac
Installateur Thermopompe,7,3,Hvac
Climatisation Installateur,43,3,Hvac
Installateur Thermopompe,7,2,Hvac
Installateur Air Climatisé,53,4,Hvac
Installation Climatiseur,10,1,Hvac
Expert En Ventilation,6,2,Hvac
Installation De Ventilation,19,1.5,Hvac
Installateur Ventilation,7,3,Hvac
ventilation expert,4,2,Hvac
Installation Ventilation,6,2,Hvac
spécialiste ventilation,16,3,Hvac
Installateur Ventilation,14,2.5,Hvac
entreprise de ventilation,7,1,Hvac
ventilation,16,2,Hvac
Expert En Ventilation,4,4,Hvac
Services De Déménagement,10,1,Moving Services
renovation salle de bains,24,1,Construction
peinture fenêtre,11,1,Construction
peinture porte extérieur,29,2,Construction
Cuisine Sur Mesure,17,2,Construction
Peinture Revêtement Extérieur Prix,34,1,Construction
Peinturer Revêtement Extérieur,45,1,Construction
Travaux Rénovation,15,1,Construction
Compagnie De Construction,29,1,Construction
Entrepreneur Général Construction,25,1,Construction
Sableur De Plancher De Bois Franc,6,2,Flooring
Sablage De Plancher,21,1,Flooring
Service entretien ménager,103,4,Cleaning
Service de ménage commercial,25,1,Cleaning
Entretien ménager commercial,73,1,Cleaning
Compagnie de ménage commercial,105,1,Cleaning
services de construction,18,1,Construction
Entrepreneur Général Construction,15,1,Construction
location panneau signalisation,15,2,Transport
location signalisation,25,5,Transport
service de signalisation,32,3,Transport
glissière de béton,4,2,Transport
glissière de sécurité en béton,3,1,Transport
location camion,235,8,Transport
transport spécialisé,216,9,Transport
transport machinerie,11,1,Transport
location camion lourd,20,1,Transport
transport de matériaux,36,1,Transport
HVAC,49,1,Hvac
Heating and Cooling,27,1,Hvac
foyer au gaz propane,35,1,Fireplace
foyer propane,146,1,Fireplace
foyer au gaz,99,1,Fireplace
poêle propane prix,9,1,Fireplace
peintre montreal,62,1,Painter
ABC Supply,17,1,Roofer
Beacon Building Products,4,1,Roofer
reparation toiture,32,1,Roofer
toiture Métallique,133,3,Roofer
toiture de tôle installation,27,1,Roofer
toiture maison,62,2,Roofer
Expert En Bâtiment,40,7,Home Inspection
Inspection Immeuble,25,5,Home Inspection
Expert Bâtiment,23,4,Home Inspection
Inspection En Batiment,74,10,Home Inspection
Inspection Du Bâtiment,70,17,Home Inspection
Inspection Copropriété,9,1,Home Inspection
Inspection Multilogement,6,2,Home Inspection
Expert Du Batiment,53,11,Home Inspection
Récupération Électroménager Usagé,256,11.5,Disposal
ramassage electromenager,53,5,Disposal
Ramassage Meubles Usagés,178,6,Disposal
collecte de meubles à domicile,343,22,Disposal
Cueillette De Meubles,151,3.5,Disposal
Ramassage Meuble,49,2.5,Disposal
Ramassage Vieux Electroménagers,47,1.5,Disposal
ramassage de meuble montreal,109,16,Disposal
ramassage meuble montreal,1,1,Disposal
Ramassage De Meubles,101,11,Disposal
Ramassage Objets Encombrants,273,5,Disposal
collecte des déchets montreal,414,15,Disposal
Vider Un Appartement,21,1,Disposal
Vider Maison,29,2,Disposal
Ramassage Des Encombrants,262,3,Disposal
Renovation Contractor,26,1,Construction
Home Renovation,91,1,Construction
Home Renovation Contractors,15,1,Construction
Got Junk Montreal,38,7,Disposal
1 800 got junk,378,25,Disposal
go junk,185,4,Disposal
i got junk,10,1,Disposal
Got Junk,204,20.5,Disposal
got junk prix,73,4.5,Disposal
1800 Got Junk,74,10,Disposal
gojunk,363,17.5,Disposal
Roof Construction,54,1,Roofer
Roof Specialist,57,2,Roofer
PVC Roofing,20,1,Roofer
Commercial Roof Repair,7,1,Roofer
Salle Bain Sur Mesure,35,2,Home Cabinets
Armoire Cuisine,29,1,Home Cabinets
Fabricant Armoire De Cuisine,13,1,Home Cabinets
Test Pyrite,27,4,Renovation
décontamination moisissure,17,1,Renovation
moisissure maison,42,1,Renovation
Démolition De Béton,4,1,Renovation
Démolition Résidentielle,2,3,Renovation
Démolition Mur,3,1,Renovation
Entreprise De Démolition,13,1.5,Renovation
Démolition Maison,10,1.5,Renovation
Toiture Saint-jean-sur-richelieu,14,1,Roofer
Ramassage Objets Encombrants,8,1,Disposal
collecte des déchets montreal,43,8,Disposal
collecte de meubles à domicile,59,3.33,Disposal
Ramassage De Meubles,6,5,Disposal
ramassage de meuble montreal,20,2.67,Disposal
Cueillette De Meubles,16,3,Disposal
Approvisionnement,2,2,Transport
couper arbre,32,1,Tree Services
arbres expert,53,3,Tree Services
faire couper un arbre,17,1,Tree Services
arboriste expert,65,6.5,Tree Services
Solutions de transport,3,3,Transport
Transport logistique,14,13,Transport
Service logistique,5,5,Transport
Entreprise de logistique,3,2,Transport
Logistique et transport,3,4,Transport
haubanage arbre,3,1,Tree Services
rénovation salle de bain,13,2,Construction
Gestion d'inventaire,2,1,Transport
Consultant en Entreprise,2,2,Transport
abattage des arbres,49,1,Tree Services
abattage arbre,52,1,Tree Services
abattage d arbre,17,2,Tree Services
émondage prix,23,1,Tree Services
prix élagage arbre,44,1,Tree Services
émondage des arbres,16,2,Tree Services
émondage,95,5,Tree Services
emondage arbres,58,1,Tree Services
élagage,39,1,Tree Services
élagage des arbres,28,1.5,Tree Services
elagage arbre,13,2,Tree Services
Montreal Movers,25,2,Moving Services
Movers,20,2,Moving Services
Entreprise De Beton,80,16,Concrete
Réparation De Béton,203,26.15,Concrete
Entreprise Beton,287,47.33,Concrete
Dalle Béton,7,2.5,Concrete
Escalier Beton,92,19,Concrete
Dalle de Beton,96,19.5,Concrete
Balcon Beton,84,12,Concrete
Trottoir De Béton,65,9.67,Concrete
Entrepreneur Dalle De Béton,42,10,Concrete
Inspection De Batiment,23,1,Home Inspection
Coffrage Fondation Maison,14,2,Concrete
Fondation Beton,10,1,Concrete
Entreprise De Fondation,19,2,Concrete
Entrepreneur En Coffrage,11,4.02,Concrete
Fondation Maison,28,4,Concrete
Bois De Coffrage,1,1,Concrete
Entreprise De Coffrage,49,5,Concrete
Coffrage Beton,76,17.33,Concrete
revêtement époxy,205,2,Flooring
plancher epoxy,156,6,Flooring
plancher sous sol epoxy,104,2,Flooring
plancher epoxy maison,105,2,Flooring
plancher epoxy sous sol prix,29,1,Flooring
Roofing Supplies,54,1,Roofer
nettoyage air climatisé mural,46,5,Hvac
nettoyage air climatisé,37,4,Hvac
nettoyage conduit échangeur d air,5,1,Hvac
paysagement pavé uni,35,2,Excavator
service paysager,125,1,Excavator
Paysagiste,50,1,Excavator
aménagement paysager,61,5,Excavator
designer paysager,9,1,Excavator
service de paysagement,49,1,Excavator
service paysager,23,1,Excavator
paysagiste aménagement extérieur,45,1,Excavator
Paysagiste,22,5,Excavator
paysagiste aménagement extérieur,86,3,Excavator
entreprise aménagement paysager,23,1,Excavator
aménagement extérieur,19,1,Excavator
aménagement paysager,191,1,Excavator
Thermopompe Centrale,48,1,Hvac
Thermopompe Vente,12,1,Hvac
Vente De Thermopompe,106,1,Hvac
interlock driveway,27,3,Insulation
interlock landscaping,30,2,Insulation
basement waterproofing,65,3,Insulation
foundation waterproofing,26,2,Insulation
foundation repair,119,13.5,Insulation
concrete repair near me,15,0.5,Insulation
wet basement,39,2,Insulation
foundation repair services,73,8,Insulation
fix wet basement,9,1,Insulation
core filling,15,1,Insulation
kitchen remodel remodeling,23,1,Construction
kitchen ottawa,120,13.5,Construction
kitchen renovations ottawa,20,2,Construction
kitchen renovations,32,1,Construction
kitchen design ottawa,26,2.5,Construction
kitchen remodel ottawa,12,1,Construction
compagnie béton,4,1,Concrete
nettoyage ventilation,90,18,Cleaning
nettoyage conduits ventilation,10,1,Cleaning
nettoyage thermopompe,62,6,Cleaning
nettoyage échangeur d'air,50,14,Cleaning
nettoyage air climatisé mural,150,26,Cleaning
service demenagement,53,2,Moving Services
compagnie de déménagement,49,1,Moving Services
compagnie de déménagement montréal,25,1,Moving Services
Déménagement Maison,28,3,Moving Services
Réparation Thermopompe,39,2,Hvac
Réparation Thermopompe Murale,4,1,Hvac
Réparation Climatiseur,76,11,Hvac
réparation air climatisé,17,1,Hvac
demenagement piano,12,1,Moving Services
déménagement table de billard,1,1,Moving Services
thermopompe prix,33,1,Hvac
Subvention Thermopompe,136,1,Hvac
Thermopompe Centrale,53,2,Hvac
Thermopompe Vente,93,2,Hvac
Climatiseur Mural Repentigny,3,1,Hvac
Entretien Thermopompe Murale,2,2,Hvac
Entretien De Thermopompe,5,1,Hvac
Nettoyage Thermopompe Murale,16,1,Hvac
Nettoyage Thermopompe,14,2,Hvac
entrepreneur en beton,32,4,Concrete
compagnie béton,54,6,Concrete
coffrage dalle de beton,9,3,Concrete
Entreprise Asphaltage,42,4.5,Paving
Entreprise Asphaltage,25,3,Paving
Asphaltage Résidentiel,13,1,Paving
Asphaltage Résidentiel,15,1.5,Paving
excavation terrassement,111,8,Excavator
entreprise terrassement,30,1,Excavator
excavation terrassement,42,6,Excavator
paysagiste terrassement,30,1,Excavator
excavation rive nord,20,1,Excavator
nivellement de terrain,15,1,Excavator
compagnie de terrassement,5,1,Excavator
Installation De Pavé Uni,8,1,Paving
Pose Pavé Uni,1,2,Paving
Pose De Pavé Uni,34,2,Paving
Pose De Pavé Uni,14,1,Paving
installateur fosse septique,18,4,Excavator
installation fosse septique,26,2,Excavator
excavation,72,6,Excavator
Drain Français,32,2,Excavator
Compagnie Excavation,141,7,Paving
Compagnie Excavation,29,4,Paving
Entrepreneur En Excavation,29,1,Paving
Soffite Et Fascia Installation,14,2,Renovation
compagnie de revetement exterieur,35,0.5,Renovation
compagnie revetement exterieur,5,0.5,Renovation
constructeur de maison clé en main,11,1,Renovation
revêtement canexel,37,3,Renovation
revêtement extérieur canexel,10,1,Renovation
revetement aluminium,28,5,Renovation
revêtement extérieur,81,4,Renovation
revetement de maison,10,3,Renovation
revêtement de bois extérieur,8,3,Renovation
distributeur revêtement extérieur,6,1,Renovation
revetement exterieur,58,6,Renovation
revêtement façade extérieur,21,1,Renovation
projet de construction,44,1,Renovation
revêtement de maison extérieur,19,2,Renovation
revetement exterieur maison,4,1,Renovation
revetement aluminium exterieur,54,3,Renovation
core filling,6,1,Insulation
foundation repair,14,1,Insulation
foundation repair services,8,1,Insulation
wet basement,8,3,Insulation
basement waterproofing,3,1,Insulation
Entreprise Excavation,12,1,Excavator
Compagnie Excavation,63,5,Excavator
Drainage Sherbrooke,36,2,Excavator
Drain Francais Inspection,3,1,Excavator
Drainage Excavation,24,3,Excavator
Reparation De Fissure Beton,25,4,Excavator
Réparation Fondation Maison,41,6,Excavator
Réparation Fissure Fondation,8,1,Excavator
Fissure Fondation,22,4,Excavator
Drain De Fondation Maison,15,2,Excavator
Inspection Drain De Fondation,18,1,Excavator
déménagement granby,31,2,Moving Services
déménageur terrebonne,10,1,Moving Services
déménagement économique,8,1,Moving Services
Déménagement Maison,202,8,Moving Services
meilleurs déménageurs montréal,10,1,Moving Services
service demenagement,84,2,Moving Services
compagnie de déménagement,73,1,Moving Services
Déménagement Résidentiel,41,2,Moving Services
demenagement piano,21,3,Moving Services
aménagement paysager,34,5,Excavator
jardinier paysager,28,2,Excavator
paysagement pavé uni,16,4,Excavator
Porte commerciale,137,10,Doors & Windows
Porte de garage sur mesure,150,3,Doors & Windows
Porte garage commercial,45,3,Doors & Windows
Fenêtre sur mesure,609,16.5,Doors & Windows
installation portes et fenêtres,10,1,Doors & Windows
installation fenetres,133,1,Doors & Windows
vente porte et fenetre,1698,99.5,Doors & Windows
installation de portes,307,10,Doors & Windows
changement thermos,7,2,Doors & Windows
Remplacement thermos fenêtre,5,1,Doors & Windows
Remplacement de thermos,19,1,Doors & Windows
Entreprise de vitrerie,486,23.5,Doors & Windows
Thermos fenêtre,9,1,Doors & Windows
Calfeutrage,7,0.5,Doors & Windows
Exterminateur Nid De Guêpes,6,1,Exterminator
Extermination Guêpe,19,1,Exterminator
Extermination Guêpe,56,6,Exterminator
Exterminateur De Souris,3,1,Exterminator
Exterminateur De Souris,33,7,Exterminator
Extermination Souris,22,1,Exterminator
Souris Extermination,24,2,Exterminator
élagage d'arbre,64,11,Tree Services
coupe d'arbre,39,1,Tree Services
dessouchage arbre,8,4,Tree Services
dessouchage,9,2,Tree Services
Essouchage Arbre,3,2,Tree Services
Imperméabilisation Fondation,15,1,Excavator
Climatiseur Mural Trois Rivieres,1,1,Hvac
Installer Un Climatiseur Mural,49,7,Hvac
Air Climatisé Mural Multizone,18,2,Hvac
Climatisation Centrale,12,3,Hvac
Installation Climatiseur Mural,34,10,Hvac
Installation Air Climatisé Mural,28,4,Hvac
Climatiseur Central,74,12,Hvac
Installation Air Climatisé,165,33,Hvac
Installer Une Thermopompe,34,2,Hvac
Thermopompe Multizone,67,6,Hvac
Installation Thermopompe Centrale,118,15,Hvac
Thermopompe Centrale,106,10,Hvac
Installateur De Thermopompe,130,22,Hvac
Installation Thermopompe,36,4,Hvac
rejointoiement brique,3,1,Construction
Réparation Climatiseur,87,9,Hvac
Réparation Thermopompe Joliette,16,5,Hvac
Réparation Thermopompe Murale,7,1,Hvac
Réparation Thermopompe,82,5,Hvac
Vente De Thermopompe,59,1,Hvac
reparation fissure,36,19,Excavator
reparation de solage,24,1,Excavator
réparation de fissures,6,3,Excavator
solage fissure,5,1,Excavator
fissure fondation,44,9,Excavator
réparation fondation maison,12,5,Excavator
réparation fissure béton,27,9,Excavator
réparation de fondation,78,19,Excavator
drain francais,36,9,Excavator
drains francais,80,9,Excavator
nettoyage de drain francais,31,2,Excavator
drain francais maison,18,2,Excavator
inspection de drain francais,12,6,Excavator
installateur de portes et fenetres,40,1,Doors & Windows
Remplacement De Thermos,194,17.5,Doors & Windows
Remplacement Thermos Fenêtre,346,39.5,Doors & Windows
Levage De Maison,5,0.5,Excavator
Levage Maison,3,2.5,Excavator
Soulèvement Maison,132,11,Excavator
Levage De Maison,72,13,Excavator
Levage Maison,382,29,Excavator
Soulèvement De Maison,134,15,Excavator
Membrane Hydrofuge,40,4,Excavator
Membrane Hydrofuge Fondation,8,1,Excavator
Membrane Hydrofuge Pour Fondation Intérieur,70,10,Excavator
Inspection Drain Fondation,51,4,Excavator
Inspection De Drain,267,32.17,Excavator
Inspection De Drain Français,70,3.33,Excavator
Inspection Drain De Fondation,47,3,Excavator
Inspection Drain Caméra,131,14.5,Excavator
Inspection Drain Français,92,16,Excavator
entrepreneur en décontamination,10,2,Insulation
décontamination amiante,80,10,Insulation
décontamination moisissure entretoit,11,2,Insulation
enlèvement de vermiculite,11,2,Insulation
décontamination de Moisissure,91,9,Insulation
décontamination,207,24,Insulation
entrepreneur isolation maison,2,1,Insulation
isolation uréthane Giclé,78,11,Insulation
isolation résidentielle,55,2,Insulation
isolation entretoit,11,1,Insulation
spécialiste En Isolation,106,13,Insulation
Bardeaux Toiture,77,2,Roofer
Toiture Bardeaux,56,2,Roofer
concrete contractors near me,4,1,Concrete
cement companies near me,5,1,Concrete
concrete contractors,6,2,Concrete
concrete companies near me,23,1,Concrete
reparation toiture,45,3,Roofer
Rénovation Toiture,91,3,Roofer
Toiture Laurentides,32,2,Roofer
Réparer Toiture,36,2,Roofer
Toiture,11,1,Roofer
Toiture Résidentiel,146,3,Roofer
Thermopompe Murale,25,3,Hvac
Installation Thermo Pompe,15,1,Hvac
Installer Une Thermopompe,41,5,Hvac
Thermopompe Centrale,24,1,Hvac
Installateur De Thermopompe,63,11,Hvac
Thermopompe Centrale Reparation,46,3,Hvac
Réparation Thermopompe,569,111,Hvac
Réparation Thermopompe Centrale,118,17,Hvac
Réparation Thermopompe Mural,163,24,Hvac
Réparation De Thermopompe,64,4,Hvac
Nettoyage Conduit de Sécheuse,59,1,Hvac
Nettoyage Conduits d'Air,17,1,Hvac
Nettoyage Thermopompe,8,4,Hvac
Nettoyage Échangeur d'Air,8,2,Hvac
Nettoyage de Conduits,8,4,Hvac
Ventilation Nettoyage,8,4,Hvac
Thermopompe Nettoyage,42,2,Hvac
Air Climatisé Mural Nettoyage,169,4.55,Hvac
Maintenance Climatiseur Mural,26,4,Hvac
Nettoyage Climatiseur Mural,5,1,Hvac
Nettoyage Air Climatisé Murale,25,2,Hvac
Climatiseur Mural Nettoyage,15,3,Hvac
Hot Water Heater,22,1,Plumber
AC Repair,4,1,Plumber
déménagement coffre fort,4,2,Moving Services
déménagement table de billard,9,2,Moving Services
déménagement piano montréal,37,5,Moving Services
demenagement piano,43,6,Moving Services
déménagement commercial montréal,22,1,Moving Services
déménagement d entreprise,3,3,Moving Services
déménagement granby,87,14,Moving Services
compagnie de déménagement montréal,35,2,Moving Services
service demenagement,80,7,Moving Services
déménagement brossard,10,1,Moving Services
déménagement économique,33,1,Moving Services
Déménagement Résidentiel,17,2,Moving Services
compagnie de déménagement terrebonne,4,1,Moving Services
déménageur cowansville,29,13,Moving Services
Déménageur Résidentiel,65,5,Moving Services
compagnie de déménagement,48,1,Moving Services
déménageur terrebonne,21,6,Moving Services
Refaire Une Toiture,15,1,Roofer
entreprise de toiture,14,0.33,Roofer
Toiture Réfection,14,2.33,Roofer
rénovation de toiture,26,3.67,Roofer
Couvreur De Toiture,77,5,Roofer
Couvreur Autour De Moi,6,3,Roofer
entrepreneur excavation,32,2.99,Excavator
compagnie excavation,17,1,Excavator
Entreprise En Excavation,19,0.01,Excavator
installation septique,3,1,Excavator
installation champ d épuration,3,1,Excavator
fosse septique ecoflo,20,1,Excavator
installation fosse septique,19,5,Excavator
champ d epuration installation,20,5,Excavator
compagnie fosse septique,19,4,Excavator
excavation fosse septique,1,1,Excavator
fosse septique,25,2,Excavator
installateur fosse septique,7,1,Excavator
Plancher Epoxy,49,5,Painter
Peintre Residentiel,19,1,Painter
service de peinture,67,3,Painter
Peintre D Intérieur,6,3,Painter
peinture maison intérieur,98,2,Painter
Societe Peinture,48,1,Painter
entreprise de maçonnerie,8,1,Construction
maçonnerie montréal,7,1,Construction
packaging personnalisé,16,1,Box Creator
boite carton sur mesure,20,3,Box Creator
boîte sur mesure,12,4,Box Creator
boite cartonné,37,2,Box Creator
boite en carton emballage,43,1,Box Creator
boite de carton,105,2,Box Creator
boite carton,38,2,Box Creator
boites emballage,92,1,Box Creator
petite boite en carton,4,2,Box Creator
paysagiste,10,1,Landscaper
pavage résidentiel québec,4,1,Landscaper
fissure fondation,82,5,Excavator
réparation fissure béton extérieur,13,1,Excavator
réparation fissure béton,26,1,Excavator
reparation fissure,21,3,Excavator
drains francais,75,2,Excavator
toiture de bardeaux d asphalte,66,2,Roofer
Entrepreneur En Excavation,15,2,Excavator
Excavation Générale,9,1,Excavator
Entreprise En Excavation,20,2,Excavator
Compagnie Excavation,17,1,Excavator
Mini Excavation,35,1,Excavator
Installation Fosse Septique,29,2,Excavator
réparateur de clim autour de moi,51,0.33,Hvac
réparation climatiseur,57,4.33,Hvac
réparateur air climatisé,124,13,Hvac
réparation air climatisé,70,11.33,Hvac
réparation de climatisation maison,15,1,Hvac
réparation air climatisé repentigny,65,10,Hvac
réparation air climatisé mural,42,6,Hvac
reparation air climatisé,12,2,Hvac
Thermopompe Réparation,19,3,Hvac
réparation thermopompe murale,2,1,Hvac
Thermopompe Centrale,18,2,Hvac
réparation thermopompe repentigny,20,10,Hvac
réparateur thermopompe,42,2,Hvac
réparation thermopompe,53,4,Hvac
vendeur thermopompe,44,5,Hvac
installation thermopompe,61,7.5,Hvac
thermopompe mascouche,6,1,Hvac
thermopompe repentigny,20,3.5,Hvac
thermopompe murale,54,4,Hvac
daikin thermopompe,40,2,Hvac
thermopompe joliette,25,2,Hvac
thermopompe centrale,18,1,Hvac
Installateur chauffage,27,1,Hvac
air climatisé,57,2,Hvac
thermopompe repentigny,41,2,Hvac
climatisation,72,5,Hvac
vendeur climatiseur,28,8,Hvac
Nettoyage Air Climatisé Mural,37,2,Hvac
climatiseur,34,1.5,Hvac
air climatisé mural repentigny,125,33.5,Hvac
Climatisation Mural,41,4,Hvac
air climatisé mural,13,2,Hvac
installation climatiseur,13,2,Hvac
reparation toiture,106,3,Roofer
réparation de toiture bardeaux,9,2,Roofer
Gouttières Laurentides,34,8,Roofer
Gouttière Sur Mesure,42,6.5,Roofer
entreprise de gouttière,72,8,Roofer
Gouttière Installation,58,8,Roofer
gouttieres laurentides,14,0.5,Roofer
Pose De Gouttière,7,0.5,Roofer
compagnie de gouttière,48,7,Roofer
gouttières mont laurier,108,16,Roofer
entreprise gouttière,148,26.5,Roofer
Fabricant De Gouttière,20,3,Roofer
Service d'Arbre,190,1,Tree Services
émondage prix,67,5,Tree Services
emondage,212,10,Tree Services
emondage arbres,23,2,Tree Services
coupe d arbre,20,1,Tree Services
demenagement,57,3,Moving Services
déménagement résidentiel,42,3,Moving Services
service déménagement,27,5,Moving Services
déménageurs sherbrooke,14,2,Moving Services
demenagement sherbrooke,45,6.5,Moving Services
demenageur,5,2,Moving Services
entreprise de déménagement,23,2,Moving Services
compagnie de déménagement,1,1,Moving Services
demenagement longue distance,27,3,Moving Services
déménagement longue distance,3,0.5,Moving Services
Excavation Et Terrassement,20,1,Excavator
Excavation,39,1,Excavator
construction contractors,134,2,Construction
local contractors,54,5,Construction
general contractors,37,1,Construction
Home Improvement Contractor,73,3,Construction
Custom Home Building Services,10,1,Construction
custom home construction,28,1,Construction
home builders,77,4,Construction
New Construction Contractor,111,4,Construction
general construction,152,4,Construction
revetement extérieur bois,18,1,Renovation
revêtement extérieur,24,1,Renovation
revêtement extérieur canexel,60,2,Renovation
patios pavers,68,1,Concrete
concrete patios,41,1.67,Concrete
concrete stair repair,6,1,Concrete
concrete services,194,4,Concrete
cement contractors near me,14,1,Concrete
concrete companies near me,14,1,Concrete
concreting near me,65,4,Concrete
concrete driveway,37,1,Concrete
concrete workers near me,17,1,Concrete
concrete contractors,16,2.33,Concrete
driveways contractors near me,32,1,Concrete
concrete crack repair,26,3,Concrete
concrete step repair,17,3,Concrete
cement step repair,2,1,Concrete
concrete work,60,1,Concrete
concrete backyard,30,1,Concrete
concrete repair,40,1,Concrete
solage fissure,37,2,Excavator
fissures fondation,72,5,Excavator
Excavation Rive-sud,21,2,Excavator
Entrepreneur En Excavation,23,2,Excavator
Excavation Et Terrassement,60,3,Excavator
excavation chantier,17,1,Excavator
Petite Excavation,48,4,Excavator
Compagnie D Excavation,122,4,Excavator
Excavation,24,2,Excavator
paysagiste pavé uni,30,1,Landscaper
pavé uni québec,24,3,Landscaper
pavage résidentiel québec,7,3,Landscaper
mur de soutènement,178,3,Landscaper
entrepreneur mur de soutènement,44,2,Landscaper
mur de soutènement ville de québec,20,3,Landscaper
Piscine creusée,64,1,Landscaper
aménagement paysager beauport,68,6,Landscaper
Clôtures,49,1,Landscaper
service paysagiste,47,3,Landscaper
paysagiste,49,4,Landscaper
paysagiste,81,4,Landscaper
aménagement paysager ville de québec,48,1,Landscaper
aménagement paysager québec,42,1,Landscaper
Piece Auto Occasion,39,3,Car Mechanic
Pieces Auto Usagé,64,9,Car Mechanic
Piece Voiture,33,1,Car Mechanic
Vente Piece Auto,6,1.5,Car Mechanic
Piece Auto Sherbrooke,95,16.5,Car Mechanic
Piece Auto,1073,180.83,Car Mechanic
Garage Auto,20,1.5,Car Mechanic
Concessionnaire,148,30.67,Car Mechanic
Service De Garage,29,2,Car Mechanic
Garage Auto,241,18,Car Mechanic
Mécanique Automobile À Proximité,19,2,Car Mechanic
Mecanique Auto,56,6,Car Mechanic
Garages Sherbrooke,256,29.5,Car Mechanic
Garage Automobile,23,4,Car Mechanic
Pièces Automobile,56,13.5,Car Mechanic
Entretien Automobile,16,4,Car Mechanic
Réparation Automobile,74,9,Car Mechanic
Thermopompe Gatineau,16,1,Hvac
Chauffagiste,9,1,Hvac
ottawa renovation and construction,132,9,Construction
home improvements,39,2,Construction
Asphaltage,18,1,Excavator
Entrepreneur en Asphalte,25,2,Excavator
Compagnie Asphalte,24,2,Excavator
Entreprise Asphaltage,39,3,Excavator
Compagnie Excavation,56,4,Excavator
Entrepreneur En Excavation,80,3,Excavator
Entreprise Excavation,13,1,Excavator
Terrassement Excavation,56,3,Excavator
Entrepreneur Excavation,58,3,Excavator
Pavage Résidentielle,21,1,Excavator
Pavage Asphalte,136,7,Excavator
excavation terrassement,9,1,Landscaper
Système De Filtration d'Eau,106,3,Plumber
Système De Filtration d'Eau De Puit,100,1,Plumber
Système Filtration Eau,388,17,Plumber
Réparation Pompe à Eau Puit,13,1,Plumber
Réparation Pompe Puit Artésien,20,2,Plumber
Réparation Pompe à Eau,153,11.4,Plumber
Réparation De Pompe À Eau,73,3.6,Plumber
Forage Artesien,137,17,Plumber
Forage de Puit,72,2,Plumber
Forage Puit Artésien,43,2,Plumber
Stationnement Asphalte,5,1.5,Paving
Entrée Asphalte,17,7,Paving
Asphalte Stationnement,9,3.5,Paving
Recouvrement Asphalte,87,53,Paving
Compagnie Scellant Asphalte,122,47,Paving
Asphalte Entrée,14,5,Paving
Réparation Fissure Asphalte,26,2.5,Paving
Bouche Fissure Asphalte,6,2,Paving
Fissure Asphalte,9,1,Paving
Colmatage Fissure Asphalte,19,6,Paving
Réparation Asphalte,79,14,Paving
Asphalte Réparation,10,4.5,Paving
Réparation d'Asphalte,18,7,Paving
toiture tôle,31,4,Roofer
Entrepreneur Toiture,24,2,Roofer
toiture de tôle installation,2,2,Roofer
Service Toiture,55,2,Roofer
de toiture,13,2,Roofer
couvreur bardeaux,18,1,Roofer
renovation cuisine,18,2,Construction
reno cuisine,11,1,Construction
renovation sous sol,22,1,Construction
renovation sous sol maison,2,1,Construction
refaire son sous sol,27,1,Construction
renovation maison,113,12.5,Construction
entrepreneur renovation,31,4,Construction
compagnie de rénovation,18,3,Construction
entrepreneur general rive sud,43,8,Construction
entrepreneur en rénovation,142,22,Construction
entreprise renovation,131,17,Construction
entreprise de renovation,21,1,Construction
renovation rive sud,3,1,Construction
contracteur general,40,4.5,Construction
entreprise renovation maison,10,1,Construction
contracteur,71,5.5,Construction
entrepreneur rénovation rive sud,34,3.5,Construction
renovation rive sud,100,9,Construction
entrepreneur generale,59,8,Construction
bathroom renovation,30,1,Construction
bathroom reno,19,1,Construction
bathroom renovation ottawa,57,5,Construction
bathroom renovation,54,2,Construction
small bathroom reno,10,1,Construction
kitchen renovation,40,1,Construction
kitchen remodel,13,1,Construction
kitchen reno,17,3,Construction
kitchen remodel,29,3,Construction
Home Renovation Contractors,177,9,Construction
home renovators,10,1,Construction
renovation,230,25,Construction
basement renovation,12,1,Construction
revêtement en bois,32,1,Construction
revêtement extérieur métallique,67,4,Construction
revetement mural exterieur,86,9,Construction
entrepreneur revêtement extérieur rive sud,36,6,Construction
revetement exterieur maison,287,32,Construction
revêtement métallique,24,4,Construction
revêtement en fibrociment,54,2,Construction
revêtement extérieur en bois,74,6,Construction
Entreprise Toiture,2,1,Construction
remplacement de fenêtres,48,3,Construction
installateur porte,40,3,Construction
décontamination d'amiante,31,3,Renovation
entreprise de décontamination après sinistre,4,2,Renovation
entrepreneur après sinistre,23,3,Renovation
décontamination sous sol,8,1,Renovation
entreprise de nettoyage après sinistre,3,1,Renovation
décontamination,162,24,Renovation
décontamination moisissure,29,1,Renovation
compagnie de nettoyage après sinistre,10,2,Renovation
moisissure maison,69,10,Renovation
service apres sinistre,92,22.33,Renovation
entreprise nettoyage après sinistre,8,1,Renovation
restauration après sinistre,7,1,Renovation
nettoyage après sinistre,88,24,Renovation
compagnie apres sinistre,66,16.17,Renovation
apres sinistre,86,28,Renovation
projet renovation,27,1,Renovation
rénovation après sinistre,50,8.5,Renovation
travaux renovation,102,14,Renovation
après-sinistre,18,3,Renovation
rénovation,84,6,Renovation
entreprise travaux rénovation,39,1,Renovation
construction rénovation,69,11,Renovation
entreprise renovation,217,33,Renovation
Infiltrations sous sol,13,1,Renovation
drainage,165,17,Renovation
drain de fondation,8,1,Renovation
entrepreneur en excavation,21,1,Renovation
excavation,18,2,Renovation
Pose De Gouttière,27,2,Roofer
Gouttière Sur Mesure,70,7,Roofer
Fabricant De Gouttière,84,4,Roofer
Gouttières Laurentides,22,2,Roofer
gouttières mont laurier,6,2,Roofer
Gouttière Installation,51,1,Roofer
installateur de gouttière,4,2,Roofer
entreprise de gouttière,10,1,Roofer
Rampe Escalier,18,1,Construction
Rampe Escalier Extérieur,20,4,Construction
Rampe Aluminium,65,6,Construction
rampe de patio,48,4,Construction
Construction Patio,411,18.5,Construction
patio en composite,113,8.5,Construction
Design De Patio,185,9,Construction
Composite Patio,149,4,Construction
pest control,224,14,Exterminator
service extermination,80,10,Exterminator
exterminateur laval,25,3,Exterminator
exterminateur rive nord,14,1,Exterminator
exterminateur,414,31,Exterminator
rive nord extermination,32,4,Exterminator
extermination,61,3,Exterminator
exterminateur mirabel,5,1,Exterminator
bee removal free near me,12,1,Exterminator
exterminateur st eustache,28,5,Exterminator
probleme de mouche,9,1,Exterminator
exterminateur insecte,76,1,Exterminator
exterminateur guepe,50,2,Exterminator
exterminateur de punaise de lit,38,2,Exterminator
exterminateur punaise de lit,17,1.5,Exterminator
mouches a fruits,17,8,Exterminator
extermination coquerelles,10,1,Exterminator
exterminateur mouches,21,2,Exterminator
extermination mouche,73,8,Exterminator
extermination parasites,23,0.5,Exterminator
gestion parasitaire,18,2,Exterminator
exterminateur cafard,49,1,Exterminator
extermination insectes,49,5,Exterminator
extermination gestion parasitaire,14,2,Exterminator
exterminateur souris,14,3,Exterminator
exterminateur moufette,123,26,Exterminator
Extermination Rongeur,27,2,Exterminator
Exterminateur De Souris,5,3,Exterminator
Se Débarrasser D'une Souris,42,1,Exterminator
extermination raton laveur,57,10,Exterminator
Extermination Mulots,10,1,Exterminator
Extermination Rat,26,2,Exterminator
relocalisation moufette,25,2,Exterminator
Expert En Ventilation,62,12,Hvac
Compagnie De Ventilation,82,17,Hvac
Installateur Ventilation,114,18,Hvac
Compagnie Ventilation,10,1,Hvac
Air Climatisé Maison,54,10.17,Hvac
Service De Climatisation,131,19,Hvac
reparateur air climatisé,3,1,Hvac
Air Climatisé Mural,55,6,Hvac
Climatisation Thermopompe,60,12,Hvac
Entreprise De Climatisation,133,21.83,Hvac
Thermopompe Air Climatise,151,26,Hvac
réparateur de thermopompe,21,9,Hvac
compagnie de thermopompe,7,1,Hvac
Climatisation Thermopompe,44,6,Hvac
Thermopompe Centrale,8,2,Hvac
Thermopompe Murale,29,2,Hvac
Installation Thermopompe Centrale,19,1,Hvac
Thermopompe Air Climatise,27,3,Hvac
Système Chauffage,10,1,Hvac
Installation Chauffage,18,2,Hvac
Compagnie De Chauffage,16,4,Hvac
Installation De Système De Chauffage,66,5,Hvac
revêtement en fibrociment,24,1,Construction
Asphalte Entrée,7,2,Paving
Compagnie Scellant Asphalte,40,1,Paving
Entrée Asphalte,11,1,Paving
Réparation Asphalte,31,1,Paving
elagage,542,112,Tree Services
émondage granby,125,6,Tree Services
elagage arbre,6,1,Tree Services
élagage d'arbre,49,3,Tree Services
elageur,35,6,Tree Services
entreprise de déssouchage d arbre,4,1,Tree Services
essouchage,8,4,Tree Services
dessouchage,42,2,Tree Services
enlever souche arbre,45,6,Tree Services
essouchage sherbrooke,20,2,Tree Services
haubanage arbre,6,2,Tree Services
coffrage pour fondation,10,2,Concrete
coffrage beton,46,9,Concrete
coffrage dalle de beton,17,4,Concrete
coffrage fondation,78,11,Concrete
entrepreneur en beton,57,7,Concrete
compagnie béton,362,42,Concrete
compagnie de beton,94,10,Concrete
pompe beton,119,15,Concrete
pompe a béton,2,2,Concrete
balcon en béton,291,5,Concrete
trottoir en béton,126,7,Concrete
luminaires,184,2,Lighting
Coffrage Fondation,10,1,Excavator
Coffrage De Béton,12,1,Excavator
Compagnie De Fondation,7,1,Excavator
coffrage,39,4.5,Excavator
Coffrage Estrie,63,4,Excavator
Entrepreneur Fondation,152,14,Excavator
Fondation Coffrage,5,1,Excavator
Coffrage De Béton,26,3,Excavator
Coffrage Résidentiel,92,8.5,Excavator
Coffrage Estrie,8,1,Excavator
Coffrage Fondation Maison,43,6,Excavator
Coffrage Maison,14,1,Excavator
Coffrage Béton,21,2,Excavator
coffrage de beton,21,14,Excavator
Coffrage Sherbrooke,51,9,Excavator
toit plat membrane,31,3,Roofer
Élastomère Toiture,37,2,Roofer
installation toit plat,20,1,Roofer
toiture en elastomere,73,4.33,Roofer
entreprise toit plat,87,9,Roofer
installation de toit plat,14,1.33,Roofer
nettoyage air climatisé mural,28,2,Hvac
nettoyage conduit ventilation,32,1,Hvac
fosse septique prix,56,1,Excavator
installation septique,26,2,Excavator
Installation Fosse Septique,1,1,Excavator
Fosse Septique,419,14,Excavator
excavation rive nord,12,2,Excavator
compagnie excavation,84,2,Excavator
Excavation,34,3,Excavator
entrepreneur en excavation,164,3,Excavator
entrepreneur en démolition,8,1,Excavator
Entreprise Demolition,70,3,Excavator
Démolition Résidentielle,29,1,Excavator
house renovation,41,2,Construction
toiture membrane élastomère,38,1,Roofer
abattage arbre,26,1,Tree Services
abattage d arbre,68,10,Tree Services
coupe d arbre,28,1,Tree Services
Service d'Arbre,206,15.5,Tree Services
Arboriste,38,7,Tree Services
emondage arbres,20,1,Tree Services
emondage,20,1,Tree Services
elagage,37,1,Tree Services
élagage des arbres,8,0.5,Tree Services
Air Conditioning,38,1,Plumber
Plumbing Services Near Me,8,1,Plumber
Plumbing maintenance,15,0.5,Plumber
Plumbing repair,26,1,Plumber
Plumbing Contractors,15,1,Plumber
Dishwasher install,6,1,Plumber
Plumbing,44,4,Plumber
Plumber,47,2.5,Plumber
Septic installs,7,1,Plumber
mini excavation sherbrooke,12,1,Landscaper
entreprise excavation,25,2,Landscaper
compagnie excavation,61,1,Landscaper
fence company,9,2,Landscaper
fences installation,26,2,Landscaper
deck installation,14,2,Landscaper
fence company near me,8,2,Landscaper
fence and installation,15,2,Landscaper
interlock services,1,1,Landscaper
landscape services,80,3,Landscaper
Gardener,19,1,Landscaper
gardener near me,12,1,Landscaper
landscaping brampton,5,1,Landscaper
lawn care companies,43,1,Landscaper
landscaping company,64,1,Landscaper
yard cutting service near me,21,1,Landscaper
Lights and Fixtures,23,1,Lighting
Outdoor Home Lighting,96,2,Lighting
Lighting Contractors Near Me,79,5.5,Lighting
Outside Lights for House,33,1,Lighting
Garden Light,7,1,Lighting
Landscape Lighting,37,1,Lighting
outdoor home lighting,18,1,Lighting
Outdoor lighting installation,14,4,Lighting
Outdoor Lighting,93,2,Lighting
Outdoor lighting,180,8,Lighting
Garden Lighting installation,2,3,Lighting
Outdoor Lighting Lights,9,1,Lighting
Landscape lighting,30,9,Lighting
Installation Fosse Septique,28,1,Excavator
Installation Fosse Septique,58,5,Excavator
Installation Septique,29,2,Excavator
Fosse Septique Champ d'épuration,38,2,Excavator
Fosse Septique Avec Champ d'épuration,32,2,Excavator
Entreprise d'Excavation,50,0.5,Excavator
Excavation Générale,132,2,Excavator
Excavation Fondation,28,2,Excavator
Excavation Estrie,8,0.5,Excavator
Entrepreneur En Excavation,123,8.5,Excavator
Entreprise Excavation,56,4,Excavator
Excavation Générale,39,2.5,Excavator
Compagnie Excavation,55,1,Excavator
Entreprise En Excavation,115,7.5,Excavator
Compagnie Excavation,33,1.5,Excavator
Mini Excavation,59,0.5,Excavator
Foam Insulation Services,1,1,Insulation
Insulation Services,56,6,Insulation
Compagnie De Coffrage,63,5.5,Concrete
Construction Coffrage,46,4,Concrete
Fondation En Béton,69,4,Concrete
Fondation Coffrage,27,4,Concrete
Fondation de Maison,153,8.5,Concrete
luminaires,473,3,Lighting
nettoyage air climatisé mural,72,11,Hvac
entretien air climatisé mural,27,2,Hvac
nettoyage de thermopompe,18,4,Hvac
nettoyage air climatise mural,3,4,Hvac
nettoyage thermopompe murale,16,2,Hvac
nettoyage thermopompe,42,1,Hvac
nettoyage de thermopompe murale,13,2,Hvac
nettoyage d air climatisé mural,32,7,Hvac
déménagement coffre fort,2,2,Moving Services
déménagement table de billard,10,1,Moving Services
demenagement piano,27,2,Moving Services
service demenagement,94,1,Moving Services
Déménagement Résidentiel,37,2,Moving Services
déménagement granby,60,4,Moving Services
Déménageur Résidentiel,86,3,Moving Services
Ventilation Granby,35,2,Hvac
Thermopompe Réparation,91,2,Hvac
Thermopompe Piscine,89,2,Hvac
Conduit de secheuse,11,1,Hvac
nettoyage air climatisé,14,1,Hvac
Reparation De Fissure Beton,13,6,Excavator
Reparation Fondation,15,7,Excavator
Colmatage De Fissure,23,3.67,Excavator
Réparer Fissure Fondation,49,12,Excavator
Inspection Fondation,19,1,Excavator
Fissure Fondation,20,6,Excavator
Drain Francais Inspection,5,2,Excavator
Drain Français,40,7,Excavator
Nettoyage Drain,71,10,Excavator
Entrepreneur Drain Francais,1,1,Excavator
Réparation De Fissure De Fondation,11,6,Excavator
Réparation Fondation,17,2,Excavator
Entrepreneur En Excavation,39,5,Excavator
Excavation Terrain,20,5,Excavator
Entreprise En Excavation,103,11,Excavator
Excavation Résidentielle,25,4,Excavator
Plumbing,20,1,Plumber
Sump pump installation near me,3,1,Plumber
reabels plumbing brockville,8,2,Plumber
Thermopompe Centrale,118,3,Hvac
Thermopompe Gatineau,88,1,Hvac
Thermopompe Murale,117,1,Hvac
Climatisation Gatineau,161,5,Hvac
Climatisation Mural,53,1,Hvac
Système De Climatisation Central,11,1,Hvac
Air Climatisé Mural,56,1,Hvac
Installation De Chauffage,10,2,Hvac
Chauffagiste,16,2,Hvac
Système De Chauffage,157,2,Hvac
Installateur Chauffage,29,1,Hvac
beton estampe rive sud,102,10,Concrete
béton estampé,453,21,Concrete
entrepreneur béton estampé,68,3,Concrete
béton estampé st jean sur richelieu,35,4,Concrete
béton estampé brossard,13,2,Concrete
béton brossard,15,1,Concrete
cout beton estampé,68,1,Concrete
patio en beton,193,4,Concrete
wood decking,29,3,Construction
decks and pergolas,14,0.5,Construction
deck building,95,5.5,Construction
siding installation,15,1,Construction
home siding installation,55,7,Construction
home siding,6,1,Construction
siding construction,29,3,Construction
exterior siding,21,1,Construction
general construction,87,3,Construction
building contractor,59,5.2,Construction
construction company,25,1,Construction
general contractor,341,37.67,Construction
contractor company,90,14,Construction
best contractor,22,1,Construction
construction contractor,82,8.33,Construction
remodel contractor,101,6,Construction
construction builders,137,5.8,Construction
paysagiste,129,1,Paving
pavé uni,134,10,Paving
ventilation commercial,35,1,Hvac
réparation fissure béton,6,1,Excavator
fissure fondation,5,2,Excavator
réparation de fondation,29,6,Excavator
solage fissure,3,1,Excavator
reparation fissure,16,7,Excavator
inspection de drain francais,8,3,Excavator
drain francais,22,2,Excavator
nettoyage de drain francais,7,4,Excavator
drain extérieur,7,2,Excavator
drain francais maison,7,2,Excavator
réparation thermopompe,188,2,Hvac
installation ventilation,54,1,Hvac
entretien fournaise,17,1,Hvac
installation de ventilation,40,1,Hvac
bathroom vanities,46,2,Construction
ev charging stations,8,2,Electrician
best electrical contractors near me,7,1,Electrician
electrical technician,19,2,Electrician
construction electrician,4,1,Electrician
commercial electrician services,4,1,Electrician
licensed electrical contractor,8,1,Electrician
marche en béton préfabriqué,23,2,Concrete
Béton Saint-Jérôme,19,6,Concrete
marche béton préfabriqué,4,1,Concrete
Béton Mirabel,8,1,Concrete
Béton Laval,52,7,Concrete
béton préparé,55,2,Concrete
dalle béton,35,3,Concrete
beton livraison,33,2,Concrete
béton livré,83,4.83,Concrete
livraison betonniere,3,1,Concrete
se faire livrer du béton,24,2,Concrete
livraison béton,311,24.17,Concrete
livraison de béton à domicile,14,1,Concrete
livraison béton laval,16,4,Concrete
Béton Terrebonne,54,6,Concrete
Remodel Kitchen,1,1,Construction
Home Renovation Contractors,6,2,Construction
Renovation Company,13,1,Construction
New Houses,193,1,Construction
New Build Homes,391,3,Construction
Custom Home Builders,50,1,Construction
truck exhaust,91,2,Car Mechanic
aftermarket exhaust system,305,1.5,Car Mechanic
custom exhaust,383,6.5,Car Mechanic
aftermarket exhaust,605,7.5,Car Mechanic
car exhaust,720,6.5,Car Mechanic
performance exhaust,1774,9.83,Car Mechanic
custom car exhaust,67,0.5,Car Mechanic
custom exhaust system,138,2,Car Mechanic
aftermarket exhaust,435,3.17,Car Mechanic
custom car exhaust,19,1,Car Mechanic
custom exhaust,113,2,Car Mechanic
car exhaust,540,5.67,Car Mechanic
aftermarket exhaust system,84,1,Car Mechanic
custom muffler,103,2,Car Mechanic
performance exhaust,204,1,Car Mechanic
Party De Noel Entreprise,71,1,Party
Party De Noël Entreprise,80,1,Party
Party Noel Corporatif,262,5,Party
animation party noel,106,3,Party
Party De Noel Bureau,128,4,Party
Party De Noel Corporatif,91,1,Party
Well System Repair,30,2,Plumber
Well Pump Replacement Near Me,2,2,Plumber
Repairing Well Pump,7,1,Plumber
Well Pump Replacement,15,1,Plumber
Sewer Cleaning Services,6,2,Plumber
Unclog Bathroom Sink,19,1,Plumber
Plumbing Repair Near Me,26,1,Plumber
Toilet Repair,111,2,Plumber
Plumbing Repair,80,5,Plumber
Plumbing Companies Near Me,8,1,Plumber
Plumbing Company,118,6,Plumber
Plancher Sous Sol Époxy,508,52.01,Flooring
Plancher Époxy Garage,100,17,Flooring
Plancher Garage,61,2,Flooring
Camden Door Controls,25,1,Doors & Windows
Bookkeeping Services,265,1,Bookkeeping
entreprise nettoyage maison,98,11,Cleaning
nettoyage appartement,59,2.5,Cleaning
ménage déménagement,57,9,Cleaning
services ménage à domicile,510,56.54,Cleaning
ménage résidentiel,97,16.5,Cleaning
compagnie d entretien ménager,209,23.33,Cleaning
service d entretien ménager résidentiel,418,44,Cleaning
entretien ménager résidentiel rive sud,43,2,Cleaning
service menage,228,14.17,Cleaning
menage a domicile,229,15,Cleaning
compagnie de ménage résidentiel,18,1,Cleaning
femme menage,291,19,Cleaning
compagnie entretien ménager,139,15.17,Cleaning
service de menage residentiel,329,31.17,Cleaning
femme de menage,85,10,Cleaning
entretien menager,6,3,Cleaning
Janitorial Services,23,2,Cleaning
Janitorial Cleaning,11,1,Cleaning
Cleaning And Janitorial Services,97,6,Cleaning
Commercial Cleaning Company,28,4,Cleaning
Commercial Cleaning Service,29,5,Cleaning
Contract Cleaning Companies,31,2,Cleaning
Construction Cleanup Service,1,1,Cleaning
Commercial Tile Cleaner,11,1,Cleaning
Tile Cleaning Near Me,2,1,Cleaning
Tile Cleaning Service,6,1,Cleaning
Floor Cleaning Services,43,1,Cleaning
Professional Tile Cleaning,7,1,Cleaning
Professional Floor Cleaners,16,1,Cleaning
Commercial Floor Cleaning,22,2,Cleaning
kitchen renos,6,1,Construction
Custom Home Builders,66,1,Construction
Home Building Companies,39,1,Construction
builders toronto,41,3,Construction
Construction Companies Near,73,4,Construction
Home Renovation Contractors,25,1,Construction
Kitchen Renovation,38,1,Construction
Kitchen Renovation Company,2,1,Construction
Construction Companies Near,117,3,Construction
Custom Home Builders,36,1,Construction
home builders,61,2,Construction
construction company,29,2,Construction
construction contractor,4,3,Construction
Abattage Des Arbres,50,1,Tree Services
Émondeur Vaudreuil,25,1,Tree Services
Soudure Mobile Rive Sud,3,1.5,Welder
soudure en aluminium,17,1,Welder
soudure stainless steel,2,1,Welder
soudure acier inoxydable,7,1,Welder
soudure stainless,10,4,Welder
Soudeur Métallique,32,2.5,Welder
Entreprise De Soudure,46,1,Welder
atelier de soudure,96,3,Welder
Architecture Firm Toronto,51,1,Home Designer
Moving Services Long Distance,8,1,Moving Services
Canadian Long Distance Movers,13,1,Moving Services
Concessionnaire Auto,118,2,Car Shop
service de menage residentiel,120,11,Cleaning
service d entretien ménager résidentiel,126,11.5,Cleaning
ménage déménagement,33,9,Cleaning
service de menage residentiel,15,1,Cleaning
menage a domicile,562,48.83,Cleaning
femme menage,223,16,Cleaning
entretien ménager résidentiel rive sud,15,2,Cleaning
nettoyage appartement,47,6,Cleaning
compagnie entretien ménager,67,8,Cleaning
entretien ménager résidentiel,454,53.97,Cleaning
grand menage a domicile,181,17.96,Cleaning
de menage,78,5.33,Cleaning
compagnie de ménage résidentiel,16,2,Cleaning
femme de menage,228,21,Cleaning
compagnie d entretien ménager,116,11.5,Cleaning
ménage résidentiel,48,6,Cleaning
entretien menager,421,47.83,Cleaning
entreprise nettoyage maison,56,5,Cleaning
services ménage à domicile,404,34,Cleaning
service entretien menager residentiel,38,1,Cleaning
service menage,152,18,Cleaning
menage a domicile montreal,169,15.5,Cleaning
électricien ville de québec,273,3,Electrician
electricien lévis,49,1,Electrician
electricien résidentiel,427,6.5,Electrician
entrepreneur renovation,42,28,Construction
entrepreneur general rive sud,4,3,Construction
contracteur général,37,9,Construction
entrepreneur en électricité,421,8.5,Electrician
contracteur electricien,73,1,Electrician
entrepreneur electricien,133,4,Electrician
Élagage Arbre,512,24.5,Tree Services
Élagueur,42,4,Tree Services
Élagage Des Arbres,53,2,Tree Services
Élagage,48,2.5,Tree Services
Abattage d'Arbres,85,6,Tree Services
Abattage Arbre,405,24,Tree Services
Émondage d'Arbres,152,13.5,Tree Services
Émondeur Drummondville,130,13,Tree Services
Émondeur,12,1,Tree Services
Émondage Arbre,26,1,Tree Services
Émondage Drummondville,223,17.5,Tree Services
Émondage,21,1,Tree Services
mould removal victoria,25,6.67,Cleaning
Mold Removal Service,27,2,Cleaning
mould removal company,12,1,Cleaning
Mold Cleaning Services,31,4,Cleaning
Mold Removal Company,27,6.33,Cleaning
attic mold removal near me,1,1,Cleaning
mould inspection,32,2,Cleaning
mold removal victoria bc,98,21,Cleaning
mold testing victoria bc,121,38,Cleaning
Professional Mold Removal,20,2,Cleaning
mold inspection victoria bc,27,12,Cleaning
mould remediation,303,37,Cleaning
mold remediation companies,20,3,Cleaning
Mold Inspection And Testing,49,3,Cleaning
Mold Inspection Services,304,45,Cleaning
attic mold removal,26,6,Cleaning
mold remediation,96,8,Cleaning
Attic Mold Removal Cost,7,1,Cleaning
black mold remediation,68,3,Cleaning
Air Quality Mold Inspection,3,1,Cleaning
air mold testing,104,9.5,Cleaning
air quality mold testing,258,54.5,Cleaning
mold inspection victoria bc,72,8,Cleaning
Home Renovation Companies Near Me,7,1,Construction
home construction contractors,50,1,Construction
Entreposage Chicoutimi,100,6,Moving Services
Entreposage Saguenay,327,23,Moving Services
Entreposage Jonquière,84,9,Moving Services
Compagnie De Déménagement Longue Distance,2,1,Moving Services
Déménagement Commercial,8,2,Moving Services
Soudure Mobile,15,9,Welder
Soudeur Mobile,2,1,Welder
atelier du soudeur,5,1,Welder
Soudeur Métallique,9,1,Welder
soudure acier inoxydable,6,1,Welder
soudeur aluminium,2,1,Welder
water softener,16,2,Plumber
drain clearing,3,1,Plumber
Plumbing,70,5,Plumber
soudure stainless steel,23,1,Welder
soudure acier,76,6,Welder
soudure acier inoxydable,67,2,Welder
soudure stainless,45,4,Welder
Soudure Mobile Rive Sud,25,3.5,Welder
Soudure Mobile,283,21,Welder
Soudage Mobile,7,1,Welder
Soudeur Mobile,20,2,Welder
Soudure Mobile Montreal,38,2,Welder
atelier du soudeur,51,2,Welder
Entreprise De Soudure,368,10.5,Welder
Réparation Soudure,152,5,Welder
atelier soudure,119,8.5,Welder
Compagnie De Soudure,272,10,Welder
Soudeur Métallique,259,12.5,Welder
atelier de soudure,763,21.5,Welder
soudage aluminium,111,9,Welder
soudeur aluminium,26,2,Welder
soudure en aluminium,253,12.5,Welder
Corporate Team Training,5,1,Training Classes
corporate management training programs,7,1,Training Classes
Bathroom Renovations,19,1,Renovation
Home Renovation Contractors,2,1,Renovation
Kitchen Remodeling Services,3,1,Renovation
Cleaning Contracts,22,1,Cleaning
Janitorial Services,32,1,Cleaning
Office Cleaning,23,1,Cleaning
Office Cleaning Services,31,2,Cleaning
Cleaning And Janitorial Services,114,3,Cleaning
Commercial Cleaning Services,59,1,Cleaning
Best Professional Carpet Cleaners,11,1,Cleaning
Carpets Cleaned Professionally,43,1,Cleaning
Plancher Sous Sol Époxy,15,1,Flooring
reparation solage beton,8,2,Excavator
excavation rive sud,5,2,Excavator
compagnie excavation,9,2,Excavator
Cleaning And Janitorial Services,6,1,Cleaning
abattage d arbre,100,4,Tree Services
abattage arbre,70,1,Tree Services
émondeur laval,2,2,Tree Services
Émondage,239,10,Tree Services
Émondage d'Arbre,78,2,Tree Services
Plancher Epoxy,320,1,Flooring
Glass And Mirror Company,58,6,Doors & Windows
Glass And Mirror Cutting,16,1,Doors & Windows
courtenay glass and mirror,97,7,Doors & Windows
Glass And Mirror Company,15,1,Doors & Windows
courtenay glass and mirror,53,5,Doors & Windows
Glass And Mirror Near Me,5,1,Doors & Windows
Bathroom Glass Showers,40,0.5,Doors & Windows
Glass Shower Doors,129,9.5,Doors & Windows
Glass Shower Doors,4,1,Doors & Windows
Glass Railings,45,1,Doors & Windows
Glass Deck Railing,16,1,Doors & Windows
Glass Railing Outdoor,17,1,Doors & Windows
Glass Railing System,12,2,Doors & Windows
Glass Company,182,6,Doors & Windows
Glass Specialist,38,1,Doors & Windows
Local Glass Company,8,1,Doors & Windows
seaview glass,11,1,Doors & Windows
Glass Specialist,11,2,Doors & Windows
Glass Company,13,1,Doors & Windows
seaview glass nanaimo,45,4,Doors & Windows
Glazing Company,6,2,Doors & Windows
Local Glass Company,15,1,Doors & Windows
Glazing Service,14,1,Doors & Windows
Glass Company Near Me,30,2,Doors & Windows
compagnie excavation,137,4,Excavator
excavation fondation,9,1,Excavator
Toiture Couvreur,39,1,Roofer
entreprise de déneigement,43,4,Excavator
deneigement st bruno,8,1,Excavator
deneigement ste julie,13,1,Excavator
compagnie de déneigement,236,16,Excavator
drain de fondation,30,1,Excavator
inspection drain francais,6,1,Excavator
reparation fondation beton,24,2,Excavator
Roofing Contractors near me,11,1,Roofer
Best Roofing,15,1,Roofer
Roofing Company,43,2,Roofer
Roofing Contractor,24,2,Roofer
Entrepreneur En Toitures,42,1,Roofer
compagnie d entretien ménager,25,3,Cleaning
service d entretien ménager résidentiel,24,1,Cleaning
femme menage,16,3,Cleaning
entretien ménager résidentiel,119,7.5,Cleaning
services ménage à domicile,83,3.5,Cleaning
entreprise nettoyage maison,25,3,Cleaning
entreprise nettoyage,22,4,Cleaning
entretien menager,51,8,Cleaning
entreprise de ménage à domicile,34,1,Cleaning
menage a domicile,102,14.5,Cleaning
entreprise d élagage autour de moi,2,1,Tree Services
plancher epoxy,49,1,Flooring
Époxy Plancher,6,1,Flooring
epoxy flooring montreal,9,1,Flooring
epoxy plancher,41,2,Flooring
Plancher Époxy,36,2,Flooring
Rénovation Petite Salle De Bain,65,1,Renovation
Rénovation Salle De Bain,217,5,Renovation
Salle De Bain Rénovation,168,3,Renovation
Reno Salle De Bain Rive Sud,5,1,Renovation
Rénovation De Salle De Bain,48,2,Renovation
Entrepreneur Plancher,73,3,Renovation
Rénovation Plancher Bois,41,1,Renovation
Rénovation Plancher,128,2,Renovation
Cuisine Rénovation,46,3,Renovation
Refaire Cuisine,58,1,Renovation
Isolation À l'Uréthane,7,1,Insulation
Isolant Uréthane Giclé,7,1,Insulation
Location Pépine,34,2,Tools
Location Pelle Excavatrice,13,3,Tools
Location Pelle Mécanique,38,4,Tools
Location De Pelle Mécanique,48,1,Tools
Location Mini Pelle Mecanique,102,2,Tools
Location De Machinerie,420,9,Tools
Location Machinerie Lourde,101,2,Tools
Location Mini Excavatrice,55,1,Tools
Mini Excavatrice Location,21,2,Tools
Compagnie De Dynamitage,25,1,Excavator
Forage Et Dynamitage,15,3,Excavator
Dynamitage,159,18,Excavator
Isolation Sous Sol Mur,8,1,Insulation
Isolation Sous Sol,14,1,Insulation
scellant asphalte,66,2,Paving
traitement bitume pour asphalte,14,2,Paving
scellant bitume,6,1,Paving
scellant d asphalte au bitume,15,1,Paving
enduit pour asphalte,13,1,Paving
reparation fissure asphalte,40,1,Paving
renovation porte,77,1,Construction
revêtement extérieur vinyle,157,1,Construction
revetement exterieur,280,3,Construction
revetement exterieur maison,144,1,Construction
revêtement extérieur aluminium,114,4,Construction
revêtement extérieur canexel,313,1,Construction
renovation de patio,29,2,Construction
renovation de balcon,22,1,Construction
charpente métallique,40,1,Construction
charpentier menuisier,95,5,Construction
charpentier laval,12,2,Construction
devis menuiserie,13,1,Construction
entrepreneur charpente,116,7,Construction
charpentier,182,13,Construction
menuiserie pvc,31,1,Construction
menuisier charpentier,18,1,Construction
revêtement balcon extérieur pas cher,7,1,Construction
revetement exterieur,145,6,Construction
Entreprise Rénovation,102,7,Construction
rénovation de facade,3,1,Construction
reparation patio,51,1,Construction
balcon reparation,33,1,Construction
reparation balcon montreal,48,2,Construction
reparation balcon en fibre de verre,114,4,Construction
installation balcon,59,4,Construction
reparation patio bois,34,5,Construction
menuisier charpentier,219,8,Construction
entrepreneur en charpente de bois,86,4,Construction
entrepreneur charpente,16,2,Construction
charpentier,35,1,Construction
charpentier montreal,56,5,Construction
entrepreneur spécialisé charpente,50,3,Construction
Toiture Drummondville,197,34,Roofer
Entrepreneur Toiture,473,40,Roofer
Toiture Métallique,81,4,Roofer
Toiture De Tôle Installation,33,1,Roofer
Toiture Tôle,78,3,Roofer
Toiture Acier,40,1,Roofer
Toiture En Acier,142,7,Roofer
Tôle Acier Toiture,85,2,Roofer
sleep apnea machine,93,2,Medical Supplies
Professional Property Management,13,1,Property Management
Ontario Property Management,23,1,Property Management
property management,137,4,Property Management
property management companies near me,23,2,Property Management
Property Management Companies Hamilton,33,5,Property Management
Property Management Companies,148,3,Property Management
property management company hamilton,12,1,Property Management
recherche bras pour demenagement,34,2,Moving Services
main d oeuvre pour déménagement,30,1,Moving Services
recherche main d oeuvre pour déménagement,15,1,Moving Services
main d oeuvre déménagement,140,3,Moving Services
Property Maintenance Management,27,1,Property Management
Property Maintenance Company,63,1,Property Management
National Moving Companies,28,2,Moving Services
Professional Long Distance Movers,13,1,Moving Services
Canadian Long Distance Movers,29,2,Moving Services
Long Distance Moving Services,82,4,Moving Services
Glass Shower Doors,26,0.67,Doors & Windows
Bathroom Glass Showers,4,1,Doors & Windows
Glass Company,32,1,Doors & Windows
Local Glass Company,4,0.33,Doors & Windows
Roulotte De Chantier A Vendre,28,2,Tools
Location Roulotte Chantier,9,1,Tools
ménage déménagement,1,1,Cleaning
femme de ménage drummondville,111,11,Cleaning
ménage résidentiel,24,4,Cleaning
entretien menager,109,8,Cleaning
service de menage residentiel,17,2,Cleaning
menage a domicile,254,30.5,Cleaning
service d entretien ménager résidentiel,92,8.5,Cleaning
entretien menager,10,2,Cleaning
entretien ménager résidentiel,443,38,Cleaning
entretien ménager Drummondville,130,14,Cleaning
service menage,70,3,Cleaning
grand menage a domicile,51,6,Cleaning
femme de menage,136,14.5,Cleaning
service de menage residentiel,41,5.5,Cleaning
services ménage à domicile,267,23.5,Cleaning
entreprise nettoyage maison,89,5,Cleaning
excavation générale,3,1,Excavator
compagnie excavation,26,1,Excavator
excavation rive sud,10,1,Excavator
installation drain français,7,1,Excavator
inspection drain francais,6,3,Excavator
femme de menage,9,1,Cleaning
grand menage a domicile,13,2,Cleaning
entretien menager,27,1,Cleaning
entretien ménager résidentiel,40,7,Cleaning
entretien ménager Joliette,13,3,Cleaning
menage a domicile,64,5,Cleaning
entreprise nettoyage maison,3,1,Cleaning
femme menage,25,3,Cleaning
femme de menage,53,5,Cleaning
services ménage à domicile,35,7,Cleaning
Avocat Droit De La Famille Autour De Moi,9,2,Lawyer
Avocate Famille,12,0.5,Lawyer
Avocat Droit De La Famille,38,1,Lawyer
Avocat Granby Droit Familial,27,2.17,Lawyer
Avocat De La Famille,42,4,Lawyer
Avocats En Droit Des Affaires,5,1,Lawyer
Home Remodelling Contractors,1,1,Construction
Best Roofing,146,5,Roofer
Residential Roofer,153,5,Roofer
Roofer,118,16,Roofer
Roofing Contractors near me,105,6,Roofer
Roofer,19,1,Roofer
Local Roofing Companies,66,3,Roofer
Roofer,13,2,Roofer
Asphalt Roofing,31,1,Roofer
Shingle Roof,124,3,Roofer
Flat Roofing Membranes,31,1,Roofer
Railing Services,539,1,Landscaper
Aluminum Railing Companies,105,1,Landscaper
Entrepreneur Plombier,2,1,Plumber
Plombier Residentiel,17,1,Plumber
Entreprise Plomberie,13,1,Plumber
Plombier 24 Heures,1,1,Plumber
Plombier Urgence 24h,1,1,Plumber
Home Renovation,53,4,Renovation
Residential Interior Design,199,4,Renovation
House Plans,926,3,Renovation
General Contractor,94,1,Renovation
Architectural Design,447,2,Renovation
Home Renovation,38,1,Renovation
Home Remodelling,10,1,Renovation
Residential Contractor,14,11,Renovation
Calgary Electrical Companies,24,1,Electrician
balai et brosse,8,1,Cleaning
Balai & Brosse,59,4,Cleaning
Balai and Brosse,60,2.5,Cleaning
Balai & Brosse,32,2,Cleaning
Époxy à Plancher,43,1,Flooring
Époxy Pour Plancher,153,5,Flooring
Plancher En Époxy,63,1,Flooring
epoxy flooring montreal,174,9,Flooring
Plancher Époxy,490,12,Flooring
plancher en epoxy,99,3.5,Flooring
Époxy Plancher,78,1,Flooring
plancher epoxy,631,20,Flooring
plancher epoxy cuisine,128,3,Flooring
epoxy plancher,449,12,Flooring
Couvre-plancher Commercial,32,1,Flooring
nettoyage sofa,6,2,Cleaning
lavage de divan,7,2,Cleaning
Nettoyage Meuble,14,5,Cleaning
nettoyage canape,10,1,Cleaning
Lavage De Tapis,30,1.75,Cleaning
Désinfecter Matelas,16,4,Cleaning
lavage de matelas,2,1,Cleaning
Nettoyage De Matelas,16,1,Cleaning
nettoyage de sofa en tissu,11,3,Cleaning
nettoyage sofa tissu,12,1,Cleaning
nettoyage fauteuil,21,2,Cleaning
Nettoyage De Tapis,44,1,Cleaning
nettoyage de tapis,6,2,Cleaning
Nettoyage De Divan,83,19,Cleaning
lavage tapis,15,1,Cleaning
lavage matelas,51,5,Cleaning
service nettoyage tapis,4,1,Cleaning
catalytic converter replacement,181,3,Car Mechanic
muffler repair,293,10.75,Car Mechanic
exhaust replacement,126,1,Car Mechanic
exhaust repair,119,4.33,Car Mechanic
exhaust service,113,4,Car Mechanic
car exhaust repair,79,4,Car Mechanic
muffler replacement,219,3,Car Mechanic
muffler service,283,6.67,Car Mechanic
catalytic converter repair,66,4,Car Mechanic
car muffler parts,144,5,Car Mechanic
exhaust pipe,167,3,Car Mechanic
truck muffler parts,17,1,Car Mechanic
muffler parts,530,21,Car Mechanic
quality muffler,87,13,Car Mechanic
exhaust muffler,559,16,Car Mechanic
exhaust parts,476,7.5,Car Mechanic
exhaust system,1414,31,Car Mechanic
aftermarket exhaust parts,497,6.83,Car Mechanic
car muffler,418,7.5,Car Mechanic
catalytic converter,312,4,Car Mechanic
security agencies near me,207,12,Security
security agency toronto,67,0.5,Security
security guard companies near me,169,1,Security
security companies,97,1,Security
security guard agencies near me,68,6,Security
security agencies brampton,39,1,Security
security companies in brampton,19,1,Security
security guard agencies in toronto,36,1.5,Security
traffic control flagging companies,31,1,Security
security agency,7,1,Security
security guard agency,125,2,Security
security guard agencies,61,6,Security
security guard agencies in brampton,54,1,Security
a2a security agency inc,51,1,Security
security agency mississauga,62,2,Security
warehouse security guard,6,1,Security
near security agency,95,2,Security
security agency near me,12,1,Security
security guard brampton,52,2,Security
security companies toronto,94,1,Security
near by security agency,48,1,Security
security companies brampton,50,2,Security
security services near me,71,1,Security
shopping mall security guard,31,1,Security
office security guard,257,17,Security
building security service,270,16,Security
office security service,234,11,Security
Residential Private Security,207,9,Security
Residential Security Guard Services,309,7.33,Security
concierge security near me,121,2,Security
Residential Security Patrol Services,80,1,Security
Residential Security Guard,98,1.67,Security
concierge security guard,81,3,Security
Security Guard Residential,161,5,Security
Condo Security Guard,30,1,Security
franchise menage,15,1,Cleaning
franchise jan pro,11,1,Cleaning
franchise entretien ménager,19,1,Cleaning
Entreprise Rénovation Plomberie,205,2,Plumber
plombier,82,5,Plumber
Commercial Cleaning,114,3,Cleaning
Cleaning Company Services,55,1,Cleaning
compagnie de ménage résidentiel,47,2,Cleaning
nettoyage résidentiel,86,3,Cleaning
service d entretien ménager résidentiel,135,7,Cleaning
grand ménage résidentiel,51,3,Cleaning
nettoyage fenetre residentiel,6,1,Cleaning
entretien ménager résidentiel,532,8.5,Cleaning
lavage de vitres résidentiel,77,2,Cleaning
femme de ménage longueuil,8,1,Cleaning
ménage résidentiel,60,0.5,Cleaning
service de menage residentiel,75,4.5,Cleaning
Toiture Tôle,29,1,Roofer
Toiture Drummondville,14,2,Roofer
réparation thermopompe,44,3.5,Hvac
air climatisé reparation,42,1,Hvac
maintenance chauffage,284,12.33,Hvac
reparation fournaise,151,10.67,Hvac
thermopompe reparation,59,4.5,Hvac
reparation air climatise,79,2,Hvac
réparation climatiseur,51,5,Hvac
réparation air climatisé,45,1,Hvac
Plancher Époxy Garage,82,4.5,Flooring
Plancher Garage Époxy,71,1,Flooring
Plancher Garage,332,14,Flooring
Sous Sol Époxy,194,10,Flooring
Plancher De Sous Sol,73,1,Flooring
Plancher Sous Sol Époxy,127,3,Flooring
Teinte De Vitre Auto,24,1,Car Aesthetic
Teintage Vitres,126,3,Car Aesthetic
Teintage De Vitre,96,3,Car Aesthetic
Teintage De Vitre Voiture,84,2,Car Aesthetic
compagnie de déneigement,6,1,Excavator
compagnie excavation,1,1,Excavator
Protection Pare Pierre,77,3,Car Aesthetic
Pellicule Pare Pierre 3m,129,10.5,Car Aesthetic
Pare Pierre,47,6.67,Car Aesthetic
Pare Pierre Auto,165,9,Car Aesthetic
Pellicule Pare Pierre,307,8,Car Aesthetic
Pare Pierre 3m,30,3.5,Car Aesthetic
Pare Pierre,203,10,Car Aesthetic
Pellicule Pare Pierre Auto,102,7.33,Car Aesthetic
Traitement Céramique Voiture,93,5.17,Car Aesthetic
Protection Ceramique Voiture,275,13.83,Car Aesthetic
Céramique Auto,87,2,Car Aesthetic
epoxy flooring montreal,55,6,Flooring
Époxy Plancher,135,10,Flooring
Époxy à Plancher,57,6,Flooring
Plancher Époxy,5,1,Flooring
Plancher En Époxy,108,15,Flooring
epoxy plancher,188,18,Flooring
Architecte Laurentides,6,1,Home Designer
Architecte,116,1.99,Home Designer
Roofing Contractor Regina,15,1.33,Roofer
Roofing Companies Regina,41,1,Roofer
House Roofing,87,1,Roofer
roof roofers,30,2,Roofer
Roofing Contractor,56,2.67,Roofer
VTT Réparation,16,3,Car Mechanic
Réparation 4 roues,9,1,Car Mechanic
reparateur de vtt,14,3,Car Mechanic
rénovation salle de bain,128,4,Construction
refaire toilette,7,1,Construction
rénovation salle de bain,74,4,Construction
rénovation salle bain,19,3,Construction
rénovation petite salle de bain,138,2,Construction
refaire sa cuisine,72,1,Construction
renovation sous sol,35,1,Construction
amenagement sous sol,130,2,Construction
renovation sous sol,19,1,Construction
contracteur général,361,9.5,Construction
entrepreneur renovation,603,32,Construction
entrepreneur general rive sud,71,3,Construction
entrepreneur renovation,318,14,Construction
Dynamitage,145,27,Excavator
Dynamitage Laurentides,26,3,Excavator
Compagnie De Dynamitage,20,5,Excavator
Installation Septique,275,9,Excavator
Installateur Fosse Septique,30,1,Excavator
Remplacement Fosse Septique,135,4,Excavator
Installation Septique,41,2,Excavator
Installateur Fosse Septique,105,13,Excavator
Décontamination Sol,9,1,Excavator
Décontamination Du Sol,51,3,Excavator
Décontamination Sol,21,1,Excavator
Team Building Training,43,1,Training Classes
Leadership & Management Training,28,2,Training Classes
Plomberie,12,1,Construction
courtenay glass and mirror,30,6,Doors & Windows
Office Cleaning Services,24,1,Cleaning
seaview glass nanaimo,5,1,Doors & Windows
seaview glass,12,2,Doors & Windows
Glass Company,9,2,Doors & Windows
Bathroom Design,12,1,Renovation
Electrical Contractor Industrial,2,1,Electrician
electrician calgary,7,1,Electrician
Calgary Electrical Contractor,20,1,Electrician
Electrical Service,73,4,Electrician
Electricians Calgary,26,1,Electrician
calgary electrical,107,6,Electrician
calgary electrical suppliers,20,1,Electrician
Calgary Electrical Companies,114,2,Electrician
Residential Electrical Service,7,1,Electrician
home electrician,6,1,Electrician
Schluter,46,1,Ceramic
Home Renovation Contractors,44,1,Construction
Home Renovators,16,2,Construction
home construction contractors,68,1,Construction
Custom Home Builders,36,2,Construction
Construction Companies Near,118,4,Construction
companies to build a house,31,1,Construction
Entreprise Plomberie,415,33,Plumber
Entreprise De Plomberie,32,2,Plumber
Plombier Residentiel,490,21,Plumber
Entrepreneur Plombier,44,2,Plumber
plomberie commerciale,49,2,Plumber
commercial plomberie,10,2,Plumber
urgence plomberie,8,1,Plumber
Plombier Urgence,64,10,Plumber
Installation Plancher Chauffant,37,4,Plumber
Chauffage Glycol Plancher,20,1,Plumber
Plancher Radiant Installation,7,1,Plumber
Chauffage Glycol Plancher,42,4.5,Plumber
Chauffage Plancher Glycol,86,6.5,Plumber
Bathroom Contractors Near Me,6,1,Plumber
Bathroom Renovations,150,1,Plumber
Bathroom Makeover,47,1,Plumber
bathroom renovations guelph,4,1,Plumber
Bathroom Renovations Near Me,16,2,Plumber
Small Bathroom Renovations,5,1,Plumber
water softener,55,1,Plumber
Plumbing,231,7,Plumber
plumber kitchener,10,1,Plumber
and plumbing,9,1,Plumber
silencieux qualité inc,4,2,Car Mechanic
qualite silencieux,1,2,Car Mechanic
Silencieux Qualité,21,8,Car Mechanic
silencieux qualite mufflers,26,1.5,Car Mechanic
silencieux qualite,61,5,Car Mechanic
Foam Insulation Companies Near Me,1,1,Insulation
Spray Foam Insulation Companies,9,1,Insulation
Spray Foam Insulation Services,47,1,Insulation
Spray Foam Insulation Contractors,42,1,Insulation
Elevator Refinishing,6,1,Home Cabinets
Elevator Renovation,24,2,Home Cabinets
entreprise nettoyage apres travaux,26,1,Cleaning
grand menage apres travaux,20,4,Cleaning
entreprise nettoyage maison apres travaux,78,3,Cleaning
ménage après travaux,32,1,Cleaning
nettoyage après rénovation,14,1,Cleaning
service de ménage commercial,76,1,Cleaning
ménage commercial,22,2,Cleaning
entretien ménager commercial rive sud,11,1,Cleaning
compagnie de ménage commercial,57,2,Cleaning
ménage commercial rive sud,20,1,Cleaning
entretien ménager résidentiel,91,8,Cleaning
lavage de vitre résidentiel,3,1,Cleaning
entretien ménager résidentiel st jean sur richelieu,2,1,Cleaning
compagnie de ménage résidentiel,3,1,Cleaning
service d entretien ménager résidentiel,26,1,Cleaning
femme de ménage longueuil,10,2,Cleaning
ménage résidentiel,16,1,Cleaning
Roulotte De Chantier,216,11.5,Tools
Roulotte De Chantier A Vendre,130,4,Tools
Location Bureau Mobile,4,1,Tools
Bureau De Chantier Mobile,8,1,Tools
Fabricant Roulotte De Chantier,8,1,Tools
Roulotte Chantier A Vendre,82,3,Tools
Location Conteneur Chantier,177,3,Tools
location conteneur,44,1,Tools
Location Roulotte Chantier,39,2,Tools
Roulotte De Chantier Location,19,2.5,Tools
Location Sanitaire De Chantier,140,2,Tools
Location Roulotte De Chantier,103,8,Tools
Rénovation Maison,62,2,Renovation
Entrepreneur General,85,1,Renovation
Rénovation Salle De Bain,44,1,Renovation
Entrepreneur Rénovation,84,5,Renovation
Construction Garage,119,2,Renovation
air quality mold testing,19,2,Cleaning
mold inspection victoria bc,6,3,Cleaning
Mold Inspection Services,7,6,Cleaning
mold testing victoria bc,6,3,Cleaning
mold removal victoria bc,7,2,Cleaning
Déménageurs Longue Distance,26,5,Moving Services
Déménagement Longue Distance Tarif,6,2,Moving Services
Déménagement Grande Distance,2,1,Moving Services
Nettoyage De Drain Français,23,2,Renovation
Fournisseur Quincaillerie,28,1,Ceramic
Quincaillerie Spécialisée,30,1,Ceramic
ceramique achat,48,1,Ceramic
abattage d arbre,88,1,Tree Services
Inspection d'arbres,8,1,Tree Services
elagueur,23,1,Tree Services
Protection Ceramique Voiture,43,1,Car Aesthetic
Céramique Auto,20,2,Car Aesthetic
Traitement Céramique Voiture,15,1,Car Aesthetic
Traitement Céramique Voiture Professionnel,1,1,Car Aesthetic
Teinte Vitres Auto,33,2,Car Aesthetic
Teinte Vitres Voiture,29,3,Car Aesthetic
Pellicule Pare Pierre 3m,37,3,Car Aesthetic
Protection Pare Pierre,7,1,Car Aesthetic
Pare Pierre,26,1,Car Aesthetic
Pare Pierre Auto,27,2,Car Aesthetic
Pellicule Pare Pierre,61,3,Car Aesthetic
roulotte de chantier,2233,129,Tools
Déménagement Longue Distance Pas Cher,18,1,Moving Services
Demenagement Longue Distance,70,8,Moving Services
Déménagement Longue Distance Tarif,49,3,Moving Services
Déménagement Grande Distance,8,1,Moving Services
Compagnie De Déménagement Longue Distance,54,3,Moving Services
Déménageurs Longue Distance,145,10,Moving Services
catalyseurs,1070,35,Car Mechanic
tuyaux d'échappement,313,6,Car Mechanic
convertisseurs catalytiques,60,1,Car Mechanic
pièces système d'échappement,152,7,Car Mechanic
pièces échappement,241,6.25,Car Mechanic
pièce d'échappement,746,18,Car Mechanic
convertisseur catalytique,95,2,Car Mechanic
pièces silencieux,683,21.5,Car Mechanic
installation d'échappement,128,3,Car Mechanic
réparation de silencieux,984,39,Car Mechanic
réparation système d'échappement,277,12,Car Mechanic
réparation d'échappement,271,7.5,Car Mechanic
Avocat Droit De La Famille Autour De Moi,9,1,Lawyer
Avocat Spécialisé En Droit De La Famille,68,2,Lawyer
Avocat Droit De La Famille,398,40,Lawyer
Avocat Droit Familial,212,18.5,Lawyer
Avocat Divorce,42,6,Lawyer
Avocat Familial,98,4,Lawyer
Avocate En Droit Familial,38,1,Lawyer
Avocat Granby Droit Familial,450,115,Lawyer
Avocate Famille,289,39,Lawyer
Avocat Pour Divorce,26,4,Lawyer
silencieux qualité mufflers inc,19,6,Car Mechanic
silencieux qualité,84,3,Car Mechanic
silencieux qualité inc,19,6,Car Mechanic
qualité silencieux,52,2,Car Mechanic
Silencieux Qualité,59,8,Car Mechanic
Avocats Droit Des Affaires,101,17,Lawyer
Avocats Droit Commercial,48,29,Lawyer
Avocat Commercial,16,4,Lawyer
Avocat d'Entreprise,46,2,Lawyer
Isolation Plancher Sous Sol,77,1,Insulation
Isolation Sous Sol,80,1,Insulation
Isolation Entretoit,61,3,Insulation
Isolation Grenier,65,1,Insulation
Compagnie d'Isolation,95,2,Insulation
Cellulose Isolant,90,1,Insulation
Isolant Soufflé Cellulose,53,1,Insulation
Ouate de Cellulose,78,2,Insulation
Décontamination Entretoit,8,1,Insulation
Polyuréthane Giclé,168,4,Insulation
Isolation Polyuréthane,24,1,Insulation
Isolation À l'Uréthane,84,2,Insulation
Isolation Uréthane,371,15,Insulation
Inspecteur Residentiel,28,2,Home Inspection
Inspecteur en Bâtiment,74,1,Home Inspection
Inspecteur en Batiment Residentiel,4,1,Home Inspection
Inspection Batiment,31,2,Home Inspection
Inspection des Batiments,21,1,Home Inspection
Inspecteur Maison,32,3,Home Inspection
Inspection Maison Avant Achat,7,1,Home Inspection
Inspection Pré Achat Maison,16,1,Home Inspection
Inspection Preachat,5,1,Home Inspection
Compagnie Rénovation,31,1,Renovation
Rénovation Maison,11,1,Renovation
Entrepreneur General,27,1,Renovation
tubulure cpap,1,1,Medical Supplies
masque apnée du sommeil,7,4,Medical Supplies
appareil pour apnée du sommeil,39,1,Medical Supplies
Commercial Cleaning,23,1.5,Cleaning
Réfection Toit,38,5,Roofer
Renovation Toiture,6,1,Roofer
Toiture Rénovation,115,20,Roofer
Toiture Rénovation,151,10,Roofer
Professional Cleaning Services,260,5,Cleaning
Carpet Cleaning Services,37,4,Cleaning
Cleaning Company,153,1,Cleaning
Commercial Cleaning,36,0.5,Cleaning
Well Pressure Tank Replacement,3,2,Plumber
Well System Repair,3,1,Plumber
menage a domicile,270,21,Cleaning
compagnie entretien ménager,58,3,Cleaning
compagnie d entretien ménager,56,8,Cleaning
service d entretien ménager résidentiel,44,4,Cleaning
femme de menage,78,4,Cleaning
femme menage,108,12.5,Cleaning
entretien menager,140,13,Cleaning
service entretien menager residentiel,12,3,Cleaning
grand menage a domicile,45,6,Cleaning
service de menage residentiel,13,4,Cleaning
nettoyage appartement,19,1.5,Cleaning
entretien ménager résidentiel,199,19.5,Cleaning
services ménage à domicile,190,16,Cleaning
service menage,65,5,Cleaning
de menage,15,0.5,Cleaning
entreprise nettoyage maison,4,1,Cleaning
entretien menager,7,2,Cleaning
ménage résidentiel,30,2,Cleaning
Se Débarrasser D'une Souris,878,1,Exterminator
Compagnie De Ménage,171,3,Cleaning
Service De Nettoyage,119,4,Cleaning
Compagnie Entretien Ménager,121,2,Cleaning
Entreprise De Ménage,15,1,Cleaning
Shower Door contractor near me,29,1,Glass
Frameless shower door services,13,1,Glass
Glass Shower Door installation,83,3,Glass
Shower door replacement,268,5,Glass
Shower enclosure installation,45,1,Glass
Nettoyeur Matelas,5,1,Cleaning
Nettoyage Matelas,24,1,Cleaning
Entreprise Nettoyage Matelas,3,1,Cleaning
nettoyeur tapis,11,2.25,Cleaning
lavage de carpette,7,1,Cleaning
nettoyeur pour tapis,12,1,Cleaning
Nettoyage De Tapis,15,4,Cleaning
Nettoyer Canapé Tissu,13,1,Cleaning
Nettoyer Fauteuil Tissu,2,1,Cleaning
Nettoyage De Divan,47,1,Cleaning
Nettoyage Divan,8,1,Cleaning
Nettoyage Meuble,5,1,Cleaning
air quality mold testing,15,1,Cleaning
Mold Removal Company,1,1,Cleaning
mold remediation,1,1,Cleaning
fabrication silencieux,20,0.5,Car Mechanic
échappement sur mesure,263,13,Car Mechanic
fabrication silencieux sur mesure,127,7.67,Car Mechanic
échappement custom,302,9.33,Car Mechanic
fabrication silencieux,99,3.5,Car Mechanic
échappement sur mesure,1014,36,Car Mechanic
fabrication d'échappement sur mesure,29,1,Car Mechanic
fabricant pièces d'échappement,17,6,Car Mechanic
fabrication d'échappement,51,6,Car Mechanic
fabrication d'échappement,115,4.5,Car Mechanic
entretien ménager lévis,53,5.67,Cleaning
entreprise nettoyage maison,19,3,Cleaning
ménage résidentiel,13,1,Cleaning
entretien menager,82,7.83,Cleaning
compagnie d entretien ménager,17,1,Cleaning
femme menage,55,0.5,Cleaning
service d entretien ménager résidentiel,37,5.5,Cleaning
services ménage à domicile,93,11.5,Cleaning
entretien ménager résidentiel,86,8,Cleaning
compagnie de ménage résidentiel,4,2,Cleaning
femme de ménage lévis,89,6,Cleaning
service de menage residentiel,17,2,Cleaning
menage a domicile,143,16,Cleaning
service de ménage résidentiel,38,5,Cleaning
compagnie entretien ménager,21,3,Cleaning
grand menage a domicile,9,2,Cleaning
femme de menage,22,3,Cleaning
réparation de souffleuse,121,11.17,Car Mechanic
réparation souffleuse à domicile rive-sud,85,20,Car Mechanic
réparation de souffleuse à neige,140,9,Car Mechanic
réparation souffleuse à domicile,234,32.83,Car Mechanic
souffleuse réparation,165,19,Car Mechanic
réparation de souffleuse à neige à domicile,59,5,Car Mechanic
Réparation VTT À Domicile,67,15,Car Mechanic
reparateur de vtt,113,8,Car Mechanic
Réparation de VTT,86,2,Car Mechanic
Réparation VTT,126,6.5,Car Mechanic
vtt réparation,40,3.5,Car Mechanic
Mécanicien VTT,81,7,Car Mechanic
femme de menage,350,19,Cleaning
entretien ménager résidentiel rive sud,9,1,Cleaning
entreprise de ménage à domicile,256,26,Cleaning
ménage déménagement,54,10,Cleaning
de menage,28,5,Cleaning
menage a domicile montreal,149,23.5,Cleaning
entreprise nettoyage maison,96,11,Cleaning
grand menage a domicile,71,7,Cleaning
femmes de menage,7,1,Cleaning
entretien menager,446,36.33,Cleaning
femme de menage,27,2,Cleaning
entreprise nettoyage,69,5,Cleaning
service d entretien ménager résidentiel,326,25,Cleaning
grand menage a domicile,58,5,Cleaning
compagnie de ménage résidentiel,19,4,Cleaning
entretien ménager résidentiel,793,72.33,Cleaning
cherche femme de menage,86,10,Cleaning
services ménage à domicile,694,64,Cleaning
compagnie d entretien ménager,139,20.5,Cleaning
service entretien menager residentiel,32,1,Cleaning
compagnie entretien ménager,109,13,Cleaning
nettoyage appartement,50,2,Cleaning
service menage,146,8.98,Cleaning
service de menage residentiel,145,14.25,Cleaning
service de ménage résidentiel,38,2,Cleaning
femme menage,380,22.33,Cleaning
ménage résidentiel,62,3,Cleaning
menage a domicile,868,79.67,Cleaning
entretien moto à domicile,22,2,Car Mechanic
Réparation Moto,114,5,Car Mechanic
anti slip coating,41,1,Flooring
polyaspartic floor coating,61,3,Flooring
polyurethane garage floor,15,1,Flooring
polyaspartic edmonton,9,1,Flooring
industrial floor coating,66,1.5,Flooring
residential epoxy flooring,205,7.5,Flooring
Plombier Urgence,27,3,Plumber
Entrepreneur Plombier,4,1,Plumber
Entreprise De Plomberie,44,5,Plumber
plomberie commercial industriel,1,1,Plumber
security guard agencies near me,22,2,Security
security companies brampton,9,1,Security
security companies near me,12,2,Security
construction site security,10,1,Security
security guard agencies,3924,248.67,Security
security guard companies,21,1,Security
security agencies,658,40.33,Security
private security agency,520,30,Security
security guard agencies in toronto,12,1,Security
traffic control flagging companies,33,1,Security
security guard agency,127,2,Security
security agencies near me,47,6,Security
traffic control flagger,17,2,Security
near security agency,28,3,Security
construction site security guards,28,2,Security
security guard companies near me,21,1,Security
security agency mississauga,13,2,Security
security agency near me,26,1,Security
security services near me,8,1,Security
security companies,23,1,Security
security companies toronto,27,1,Security
office security service,69,2,Security
shopping mall security guard,35,2,Security
commercial security company,46,2,Security
office security guard,20,2,Security
parking enforcement,88,4,Security
commercial security guard services,37,2,Security
private event security,39,2,Security
event guard security,16,1,Security
private party security,27,3,Security
night club security guard,30,1,Security
event security,150,5,Security
special event security,20,0.5,Security
event security guards,100,5.5,Security
hire security guard for event near me,18,1,Security
security guard for private party,6,2,Security
event security guard companies,47,3,Security
event security service,12,1,Security
private party security guards,6,1,Security
event security guard services,33,6,Security
security guards for private events,7,1,Security
Security Guard Residential,39,2,Security
Residential Security Patrol Services,32,0.5,Security
concierge security officer,120,7,Security
security guard condominium,70,2,Security
Residential Security Guard,199,10.5,Security
Residential Security Guard Services,197,17,Security
concierge security guard,27,1,Security
concierge security near me,6,1,Security
concierge security service,100,5,Security
Condo Security Guard,49,3,Security
Private Residential Security,163,4,Security
Réparation Toiture Longueuil,4,1,Roofer
Réparation Toiture,29,6,Roofer
Réparation De Toiture,16,4,Roofer
Entreprise Toiture,22,1,Roofer
Compagnie De Toiture,96,5,Roofer
Dalle De Béton Garage,20,7,Concrete
Dalle De Béton Pour Garage,32,2,Concrete
Plancher De Béton Garage,5,0.5,Concrete
Plancher De Garage En Béton,27,1,Concrete
Dalle Béton Garage,9,1,Concrete
Plancher De Béton Maison,141,16.5,Concrete
Plancher Béton,18,1,Concrete
Maison Plancher Béton Poli,15,1,Concrete
Plancher Béton Sous Sol,166,18,Concrete
Plancher En Béton,264,38,Concrete
Plancher Béton Poli,86,4,Concrete
Plancher De Béton Intérieur,93,12,Concrete
Béton Autour Piscine,49,2,Concrete
Dalle Extérieure Béton,117,6,Concrete
Dalle De Béton Pour Cabanon,68,3,Concrete
dalle terrasse beton,34,1,Concrete
Béton Estampé Piscine Creusée,4,1,Concrete
Dalle De Béton Cabanon,8,1,Concrete
Dallage Béton Extérieur,144,16,Concrete
Galerie En Béton,42,1,Concrete
Patio En Ciment,46,3,Concrete
Patio En Béton,101,5,Concrete
Perron En Béton,44,2,Concrete
Balcon Béton,382,40,Concrete
Compagnie Béton,185,29,Concrete
Entrepreneur En Béton,55,5,Concrete
compagnie beton,83,5,Concrete
Béton Mascouche,63,11,Concrete
Béton Mirabel,91,9,Concrete
Béton Terrebonne,128,22,Concrete
Compagnie De Béton,580,87,Concrete
Entrepreneur Béton,118,18,Concrete
Finisseur De Béton,103,16,Concrete
Réparation Air Climatisé Mural,3,1,Hvac
Air Climatisé Réparation,10,1,Hvac
Thermopompe Centrale,21,1,Hvac
réparation cheminée,155,16.5,Construction
Reparation Cheminee En Brique,23,1,Construction
renovation cheminée,28,2,Construction
reparer cheminée,111,7,Construction
reparer cheminee extérieure,29,8,Construction
Restaurer Cheminée En Pierre,6,1,Construction
Restaurer Une Cheminée,13,0.5,Construction
Réparation De Cheminée En Brique,25,1,Construction
Réparation Cheminée Maçonnerie,49,3,Construction
briqueteur,36,5,Construction
reparation mur de brique,59,2,Construction
rénovation mur en brique extérieur,13,1,Construction
briqueteur macon,47,3,Construction
briqueteur maçon,13,2,Construction
restaurer un mur en brique extérieur,12,2,Construction
Renovation Facade Brique,17,3,Construction
refaire un mur de brique,34,4,Construction
Rénovation Façade Brique,8,1,Construction
maçon briqueteur,45,12,Construction
Rénovation Mur En Brique Extérieur,27,1,Construction
Rejointoiement De Façade,11,1,Construction
rejointoiement brique,9,2,Construction
rejointoyage brique,2,1,Construction
Rejointer Mur En Pierre,5,1,Construction
rejointoiement de brique,24,6,Construction
reparation maconnerie,73,14,Construction
travaux de maçonnerie,74,13,Construction
compagnie de maconnerie,15,1,Construction
réparation béton extérieur,160,11,Construction
entreprise maçonnerie,89,8.33,Construction
entrepreneur maçonnerie,48,2.67,Construction
Maconnerie Sorel,50,8,Construction
entreprise de maçonnerie,11,2,Construction
Installation Tourbe,10,2,Landscaper
Pose De Tourbe,21,1,Landscaper
Achat Tourbe,31,3,Landscaper
tourbe drummondville,23,5,Landscaper
Rouleau De Tourbe à Vendre,35,2,Landscaper
Ppf Near Me,5,1.5,Car Aesthetic
Gazon À Vendre,26,2,Landscaper
Vendeur De Gazon En Rouleau,15,3,Landscaper
Compagnie De Béton,28,3,Concrete
Béton Terrebonne,7,1,Concrete
Béton Repentigny,6,1,Concrete
Travaux de Béton,29,1,Concrete
Entrepreneur En Béton,7,1,Concrete
Entrepreneur En Toiture,93,4,Roofer
Compagnie De Toiture,23,3,Roofer
Pose Bardeau Asphalte,28,2,Roofer
enlèvement réservoir mazout,9,2,Tank Cleaning
enlever réservoir mazout,28,2,Tank Cleaning
enlever reservoir mazout,23,5,Tank Cleaning
Compagnie de Pompage,6,1,Tank Cleaning
Service De Pompage,18,1,Tank Cleaning
Pompage Industriel,4,1,Tank Cleaning
Recyclage Déchets Dangereux,1,1,Tank Cleaning
Installation Porte Extérieur,50,4,Doors & Windows
Installateur Porte Et Fenêtre,73,4,Doors & Windows
Installation De Porte,78,4,Doors & Windows
Installation Porte d'Entrée,10,2,Doors & Windows
Installation Thermopompe Gatineau,6,1,Hvac
Remplacement Thermos Fenêtre,36,11,Doors & Windows
Réparation Thermos Fenêtre,17,4,Doors & Windows
Fenêtre Thermos,65,3,Doors & Windows
Thermos de Fenêtre,24,6,Doors & Windows
remplacement de vitre thermos,27,3,Doors & Windows
Installation Climatisation,26,3,Hvac
Vente Air Climatise,3,1,Hvac
Vendeur Climatisation,21,3,Hvac
Climatiseur À Vendre,85,9,Hvac
Acheter Air Climatisé,74,3,Hvac
Vente De Thermopompe,137,9,Hvac
Achat Air Climatisé Mural,13,2,Hvac
Vente De Thermopompe Murale,8,1,Hvac
Piano Moving,42,14,Moving Services
Packing Boxes,24,1,Moving Services
Boxes Moving Supplies,51,1,Moving Services
Long Distance Moving Services,11,1,Moving Services
Commercial Moving Service,13,2,Moving Services
Best Moving Companies,11,1,Moving Services
moving company montreal,12,1,Moving Services
Local Moving Companies,3,2,Moving Services
Moving Service Montreal,91,18,Moving Services
House Movers,2,1,Moving Services
moving services montreal,18,2,Moving Services
Moving Companies,8,2,Moving Services
Moving Company,83,11,Moving Services
Local Moving Company,6,1,Moving Services
Liftow,52,1,Machine Shop
A1 machinery,8,1,Machine Shop
reparation bardeau,18,2,Roofer
reparateur toiture,32,7,Roofer
couvreur toiture repentigny,8,2,Roofer
toiture alain forget,1,1,Roofer
reparation toiture,136,2,Roofer
renovation toiture,496,26,Roofer
refaire toiture,10,1,Roofer
couvreur repentigny,17,4,Roofer
installation bardeaux,22,1,Roofer
pose bardeau,65,2,Roofer
toiture blanche,18,2,Roofer
reparation toitures,125,15,Roofer
urgence toiture,19,5,Roofer
renovation toiture plate,15,2,Roofer
revêtement toiture plate,43,2,Roofer
toiture membrane,25,1,Roofer
toiture plate,14,4,Roofer
Flat Roof Membrane,4,1,Roofer
Flat Roof,68,4,Roofer
roof repair services,21,4,Roofer
membrane élastomère,126,3,Roofer
home roofing companies near me,24,4,Roofer
roof repair contractor,24,2,Roofer
membrane roofs,75,2,Roofer
Elastomeric Membrane,21,1,Roofer
Roof Membrane,75,5,Roofer
Elastomer Membrane,11,1,Roofer
roof repairs montreal,14,1,Roofer
Compagnie Toiture,25,1,Roofer
roof company,8,1,Roofer
roof repairs,42,2,Roofer
roofer in montreal,2,1,Roofer
roofers,53,1,Roofer
roof installer,8,1,Roofer
roofers roofing,44,1,Roofer
leaking roof,12,1,Roofer
Roofing Company,58,2,Roofer
roof repair service,32,4,Roofer
Roofing Contractor,109,1,Roofer
a roofing company,29,1,Roofer
roofer montreal,27,2,Roofer
Couvreur De Toiture,32,1,Roofer
exterior christmas light installation,6,1,Lighting
holiday lighting company,4,3,Lighting
christmas light decorating service,20,1,Lighting
christmas decoration installers,94,1,Lighting
christmas light installers,9,1,Lighting
christmas tree light installation,7,1,Lighting
christmas light installation,31,3,Lighting
Service De Grues,89,12,Crane rental
location camion grue,6,1,Crane rental
Location Grue,70,3,Crane rental
déverrouillage voiture,5,1,Towing
Service Remorquage,294,86.83,Towing
remorquage lourd,22,2,Towing
remorquage ste agathe,71,49.67,Towing
remorquage camion lourd,4,4,Towing
remorquage,302,95,Towing
assistance routière,107,9,Towing
transport de quais,1,2,Towing
transport machinerie lourde,5,1,Towing
transport véhicule,34,3,Towing
transport moto,5,1,Towing
Panneau Numérique,73,1,Marketing
Affichage Numérique,96,1.5,Marketing
Écran LED Publicitaire,44,1,Marketing
Panneau LED Publicitaire,50,2,Marketing
LED Panneau Publicitaire,19,1,Marketing
Écran Publicitaire LED Extérieur,27,1,Marketing
Affichage Numérique Publicitaire,98,2,Marketing
Affichage Publicitaire Numérique,7,0.5,Marketing
Interlocking Stones,175,3,Paving
Retaining Wall Builder,36,3,Paving
Thermopompe Réparation,18,1,Hvac
Aménagement Paysagiste,23,2,Landscaper
Compagnie Aménagement Paysager,8,1,Landscaper
Pavage,203,1,Paving
Saunas For Sale,67,1,Sauna
indoor sauna,66,2,Sauna
home sauna,100,1,Sauna
sauna kits for sale,44,2,Sauna
outdoor sauna,150,2,Sauna
Custom Saunas,32,1,Sauna
conception aménagement paysager,81,4,Paving
Aménagement Paysager,63,1,Paving
paysagement gatineau,129,15,Paving
paysagiste gatineau,187,28,Paving
Aménagement Paysagiste,38,1,Paving
architecte exterieur,73,2,Paving
Compagnie Paysagement,29,2,Paving
paysagement outaouais,68,8,Paving
aménagement du paysage,149,9,Paving
pavés uni,33,1,Paving
pave uni,14,3,Paving
entreprise paysagement,106,5.5,Paving
amenagement paysagiste,89,1,Paving
Installation Pavé Uni,6,1,Paving
Pavé Uni,54,4,Paving
fissure reparation,26,1,Paving
réparation de fondations,46,4.5,Paving
Réparation De Fissures,16,1,Paving
Réparation Fissure,16,2,Paving
hydro solution chauffe eau,76,4,Hvac
chauffage eau chaude,33,3,Hvac
Système De Chauffage Hydronique,3,1,Hvac
Crépi extérieur,67,16,Renovation
Crépi extérieur,45,0.5,Renovation
renovation crepis exterieur,48,3.5,Renovation
réparation de crépi extérieur rive sud,3,1,Renovation
compagnie maçonnerie,31,2,Renovation
entreprise de maçonnerie,122,8,Renovation
réparation maçonnerie,342,48.5,Renovation
travaux de maçonnerie,15,1,Renovation
réparation crépi fondation,50,2,Renovation
maçonnerie brique,103,5,Renovation
maçonnerie rive sud,33,1,Renovation
entreprise de maçonnerie,53,2,Renovation
macon rive sud,40,8,Renovation
réparation béton extérieur,109,5,Renovation
compagnie maçonnerie,9,1,Renovation
macon rive sud,7,1,Renovation
maconnerie rive sud,44,10,Renovation
reparation maconnerie,63,3,Renovation
maçonnerie,104,1,Renovation
travaux de maçonnerie,49,7,Renovation
entrepreneur maçonnerie,218,21.5,Renovation
maçonnerie brique,56,7,Renovation
joints de maçonnerie,37,2,Renovation
joint brique extérieur,5,1,Renovation
refaire joint de brique,35,6,Renovation
Réparation de balcon en béton,29,2,Renovation
Dalle Béton Terrasse,57,8,Renovation
Patio En Béton,22,4,Renovation
Balcon De Béton,25,2,Renovation
Balcon De Béton,51,5,Renovation
reparation de marche en beton,31,7,Renovation
resurfacage de béton,22,1,Renovation
Balcon Béton Rive Sud,2,2,Renovation
Terrasse En Béton,15,3,Renovation
Resurfacage de balcon,4,1,Renovation
resurfacage de béton,79,13,Renovation
enlever réservoir mazout,20,1,Tank Cleaning
enlèvement réservoir mazout,24,2,Tank Cleaning
Entreprise De Pompage,235,36,Tank Cleaning
Pompage,235,23,Tank Cleaning
Pompage Industriel,36,1,Tank Cleaning
Service De Pompage,560,80,Tank Cleaning
Compagnie de Pompage,106,16,Tank Cleaning
Pompage Huile Chauffage,67,7,Tank Cleaning
urgence environnementale,29,1,Tank Cleaning
Recyclage Déchets Dangereux,62,9,Tank Cleaning
hydro excavation,5,3,Tank Cleaning
Décontamination Des Sols,26,3,Tank Cleaning
Location Grue,196,12,Crane rental
Service Grue,46,2.5,Crane rental
Location De Grue,85,6,Crane rental
grue mobile location,22,1,Crane rental
grue a louer,24,1,Crane rental
Location Camion Grue,36,1,Crane rental
location grue montreal,10,6,Crane rental
Service De Grues,278,19.5,Crane rental
Location Boom Truck,89,6,Crane rental
boom truck service,31,2,Crane rental
Water Softener System For Sale,15,1,Water Softener Shop
Entrepreneur Macon,36,3,Renovation
maçonnerie montréal,87,19,Renovation
Compagnie De Maconnerie,278,18,Renovation
réparation ventre de boeuf,11,2,Renovation
restauration mur de brique,5,1,Renovation
Ventre De Boeuf Mur,7,1,Renovation
Couvreur De Toiture,301,4,Roofer
Couvreur Sherbrooke,39,2,Roofer
Entreprise De Toiture,164,2,Roofer
Toiture Sherbrooke,151,1,Roofer
remorque double essieux a vendre,35,2,Car Mechanic
location de petite remorque,173,2,Car Mechanic
Location De Trailer,177,2,Car Mechanic
location dompeur,110,6.5,Car Mechanic
Location Remorque Dompeur,2,1,Car Mechanic
Location Remorque,130,5,Car Mechanic
trailer dompeur à louer,12,1,Car Mechanic
Trailer A Louer,113,1,Car Mechanic
Location De Remorques,636,11,Car Mechanic
Location Trailer Dompeur,28,0.5,Car Mechanic
Finisseur De Béton,3,1,Concrete
Compagnie De Béton,34,3,Concrete
Compagnie Béton,6,1,Concrete
Plancher De Béton Maison,11,1,Concrete
Plancher Béton Poli,7,1,Concrete
Plancher En Béton,17,1,Concrete
Reverse Osmosis Filtration System,52,1,Water Softener Shop
Water Softener For Sale,115,5,Water Softener Shop
Drinking Water Softener,27,2,Water Softener Shop
Water Treatments,113,11,Water Softener Shop
Water Treatment Company,81,12,Water Softener Shop
Water Softener Service,21,2,Water Softener Shop
Water Filtration System,120,3,Water Softener Shop
Water Filtration System Installation,1,1,Water Softener Shop
Best Drinking Water Filtration System,18,1,Water Softener Shop
Water Filtration Systems,129,1,Water Softener Shop
Water Filtration Systems For Sale,51,1,Water Softener Shop
Balcon Béton,34,1,Concrete
Pompage,13,2,Tank Cleaning
Entreprise De Pompage,67,4,Tank Cleaning
Pompage Huile Chauffage,33,6,Tank Cleaning
Service De Pompage,445,41,Tank Cleaning
Compagnie de Pompage,19,2,Tank Cleaning
enlever réservoir mazout,344,42,Tank Cleaning
enlever reservoir mazout,36,2,Tank Cleaning
Démantèlement Réservoir Mazout,77,15,Tank Cleaning
retrait réservoir mazout,63,19.5,Tank Cleaning
enlèvement réservoir mazout,53,10,Tank Cleaning
Décontamination Des Sols,12,2,Tank Cleaning
Dalle Extérieure Béton,52,3,Concrete
Dalle De Béton Pour Cabanon,37,4,Concrete
dalle de beton,28,4,Concrete
Dallage Béton Extérieur,197,9,Concrete
Béton Estampé Piscine,9,1,Concrete
Béton Autour Piscine,88,5,Concrete
dalle beton terrasse,65,12,Concrete
Patio En Béton,95,5,Concrete
Balcon Béton,173,5,Concrete
Terrasse Béton Décoratif,10,1,Concrete
Perron En Béton,21,1,Concrete
Galerie En Béton,25,1,Concrete
Dalle De Béton Pour Garage,33,1,Concrete
Entrée De Garage En Béton,26,2,Concrete
Refaire Dalle Béton Garage,13,2,Concrete
Plancher De Béton Garage,8,1,Concrete
Plancher Époxy Garage,3,1,Concrete
Slab De Béton Pour Garage,13,1,Concrete
réparation escalier extérieur béton,61,3,Concrete
compagnie de ciment,9,3,Concrete
Béton Laval,265,29.5,Concrete
Entreprise de Béton,214,13,Concrete
Béton Terrebonne,112,11,Concrete
Travaux de Béton,496,48.5,Concrete
réparation balcon béton,70,1,Concrete
beton laval,48,8,Concrete
compagnie beton,135,15,Concrete
Compagnie De Béton,396,40,Concrete
Démolition de Béton,14,1,Concrete
beton terrebonne,43,3,Concrete
Béton Repentigny,117,18,Concrete
Plancher Béton Poli,50,4,Concrete
Plancher En Béton,35,4.5,Concrete
Plancher Béton,231,26.5,Concrete
Toitures Bertrand,10,3,Roofer
Mécanique Diesel,187,28.2,Car Mechanic
Garage Diesel,177,39.85,Car Mechanic
Garage Mécanique Diesel,59,7.45,Car Mechanic
Maintenance Moteur Diesel,93,8,Car Mechanic
Garage Specialiste Moteur Diesel,61,7.5,Car Mechanic
Ecm Camion,3,1,Car Mechanic
Ecm Diesel,4,1,Car Mechanic
Dpf Delete,151,0.5,Car Mechanic
Dpf Diesel,232,16.5,Car Mechanic
Diesel Calibration,6,2,Car Mechanic
Calibration Moteur,4,1,Car Mechanic
Delete Kit,326,23,Car Mechanic
Calibration Diesel,4,2,Car Mechanic
Delete Diesel,82,1,Car Mechanic
Installateur De Thermopompe Murale,43,2,Hvac
Thermopompe Murale Installation,73,1,Hvac
Thermopompe Réparation,569,53.33,Hvac
réparation thermopompe,23,1,Hvac
Réparation Thermopompe Murale,182,19.31,Hvac
Réparation Thermopompe Rive Sud,153,29.67,Hvac
Réparation De Thermopompe,223,15,Hvac
Réparation Thermopompe Centrale,35,1,Hvac
Thermopompe Murale Entretien,25,1,Hvac
Entretien De Thermopompe,117,5,Hvac
Thermopompe Entretien,81,4,Hvac
Entretien Thermopompe Extérieure,57,4,Hvac
Entretien Thermopompe Murale,130,8,Hvac
prix nettoyage thermopompe murale,93,1,Hvac
Réparation Fissure,10,1,Excavator
réparation fissure béton,12,2,Excavator
Fissure Fondation,2,1,Excavator
Nettoyage D'égout,5,1,Excavator
Nettoyage Des Drains,15,5,Excavator
réparation quai de chargement,57,4,Construction
réparation quai de chargement,105,7,Construction
reparation portes de garage,49,2,Construction
entretien quai de chargement,14,1,Construction
dépannage porte de garage,86,1,Construction
entretien quai de chargement,24,4,Construction
reparation porte de garage,42,3,Construction
quai de chargement,594,16,Construction
niveleur de quai,38,6.92,Construction
dock leverer,161,3,Construction
niveleur de quai,81,3,Construction
quai de chargement hydraulique,15,3,Construction
dock leveler,66,1,Construction
quai niveleur hydraulique,25,1,Construction
dock leverer,54,3,Construction
quai hydraulique,17,1,Construction
quais niveleurs,11,1,Construction
quai de chargement,73,2,Construction
quais niveleurs,110,3,Construction
Quai Niveleur,99,2,Construction
Thermopompe Reparation,255,18,Hvac
Thermopompe Reparation,68,9.69,Hvac
Sciage De Béton,206,6,Roofer
Sciage Béton,59,1,Roofer
créer une fenêtre dans un mur,9,1,Roofer
Property Lawyer,24,3,Lawyer
Property Attorney Near Me,110,4,Lawyer
Property Attorney,35,4,Lawyer
Wills And Estate Lawyers Near Me,44,0.5,Lawyer
Lawyers That Do Wills Near Me,216,4,Lawyer
Inheritance Lawyer,114,3,Lawyer
Attorneys Near Me For Wills,32,1,Lawyer
Family Will Lawyer,107,4,Lawyer
Wills And Estates Lawyer,247,10.5,Lawyer
Real Estate Lawyers,143,5,Lawyer
Real Estate Solicitor,39,1,Lawyer
Real Estate Attorney Near Me,39,1,Lawyer
Real Estate Litigator,10,1,Lawyer
Real Estate Lawyer Near Me,44,1,Lawyer
Real Estate Dispute Lawyer,108,6,Lawyer
Real Estate Attorney,94,3,Lawyer
Real Estate Litigation Lawyer,34,1,Lawyer
Estate Lawyers,202,3,Lawyer
Estate Lawyers Ottawa,337,7,Lawyer
compagnie de plomberie,598,66,Excavator
plomberie,10,2,Excavator
Débouchage Drain,182,13,Excavator
Débouchage Canalisation,178,13,Excavator
Déblocage De Drain,19,1,Excavator
Infiltration D'eau Sous Sol,35,3,Excavator
Infiltration D'eau,42,3,Excavator
Infiltration D'eau,37,1,Excavator
Inspection Caméra,46,4.5,Excavator
réparation de fondation,21,1,Excavator
Réparation Fissure Béton,35,3,Excavator
Fissure Fondation,60,4,Excavator
Réparation Fissure Béton,57,1,Excavator
réparation fissure béton,61,8,Excavator
Excavation Drain Français,55,10,Excavator
Excavation Drain Français,53,5,Excavator
Drain Terrassement,35,2,Excavator
Drain Terrassement,67,4,Excavator
Nettoyage D'égout,172,18.5,Excavator
Nettoyage Des Drains,8,1,Excavator
Nettoyage D'égout,34,4,Excavator
installation de canexel,5,1,Construction
Balcon Béton,3,1,Concrete
Travaux de Béton,15,1,Concrete
Béton Laval,8,1,Concrete
Pavage,74,1,Paving
réparation toiture,20,2,Roofer
Toiture Rive sud,3,2,Roofer
Entrepreneur Toiture,11,4,Roofer
urgence toiture,14,6,Roofer
Réparation Toiture Tôle,11,6,Roofer
Entreprise Toiture,13,8,Roofer
couverture de tole installation,7,5,Roofer
Toiture Tpo,15,2,Roofer
reparation toitures,35,11,Roofer
toit de tole,39,7,Roofer
reparation cabanon,85,7,Roofer
toit en aluminium,17,2,Roofer
Entrepreneur En Excavation,291,2,Excavator
Excavation Sous Sol,7,1,Excavator
Nivelage Terrain,23,1,Excavator
Broyage Forestier,50,1,Excavator
Entreprise De Déneigement,158,11.5,Excavator
Compagnie De Déneigement,40,1,Excavator
Déneigement Résidentiel,86,7.5,Excavator
Déneigement Commercial,10,1,Excavator
Water Softener Repairs,44,2,Water Softener Shop
Kitchener Plumber,47,3,Water Softener Shop
Plumbers Near Me,63,2,Water Softener Shop
Plumbing Contractors Near Me,24,1,Water Softener Shop
Local Plumbers,54,2,Water Softener Shop
Water Softener System For Sale,95,1,Water Softener Shop
Buy Water Softener,42,1,Water Softener Shop
Water Softener For Sale,222,5,Water Softener Shop
Toiture Membrane Élastomère,38,1,Roofer
Élastomère Toiture,14,1,Roofer
Réparation De Toiture,21,2,Roofer
Compagnie Toiture,157,15,Roofer
Entrepreneur En Toiture,37,1,Roofer
Toiture Bardeaux,66,1,Roofer
Couvreur De Toiture,217,15,Roofer
Boite Pour Déménagement,25,1,Box Creator
Boîte Déménagement,360,3,Box Creator
gouttière sur mesure,22,3.5,Roofer
Installation De Gouttières,30,1,Roofer
Installation Gouttière,93,13,Roofer
Pose De Soffite,7,2.5,Roofer
Installation Soffite Et Fascia,17,7,Roofer
Installation De Soffite,13,1,Roofer
Installation Soffite,31,2,Roofer
Paint Protection Film Near Me,8,2,Car Aesthetic
Ceramic Coating Near Me,88,2,Car Aesthetic
Car Coating Near Me,71,3,Car Aesthetic
Window Tinting Near Me,4,1,Car Aesthetic
Réparation Camion Lourd,22,5,Car Mechanic
Mécanique Diesel,21,3,Car Mechanic
Mécanique Mobile Camion Lourd,16,1,Car Mechanic
Garage Mécanique Diesel,11,1,Car Mechanic
Concrete Walkway Contractors,10,5,Construction
garage slab,6,1,Construction
garage cement floor,3,2,Construction
Concrete Walkways Near Me,17,3,Construction
concrete slab for garage,12,1,Construction
Patio Builders,57,1,Construction
Patio Installers,21,2,Construction
Sidewalk Contractors,13,2,Construction
Curb And Sidewalk Contractors,5,1,Construction
Concrete Driveway Contractors,37,2,Construction
Concrete Driveway Companies,23,1,Construction
Concrete Driveways Near Me,19,3,Construction
Concrete Driveway Installation,39,2,Construction
Driveway Companies Near Me,25,4,Construction
Driveway Contractor,33,1,Construction
Driveway Builder,7,2,Construction
Driveway Installers,24,4,Construction
Concrete Patios Near Me,31,2,Construction
Concrete Patio Contractors,26,6,Construction
Compagnie Lavage De Vitre,53,7,Cleaning
Nettoyage Fenêtre,42,1,Cleaning
nettoyage de vitres à domicile,89,9,Cleaning
Nettoyeur De Vitre,63,3,Cleaning
Lavage De Vitres Résidentiel,73,2,Cleaning
Plancher Béton Sous Sol,1,1,Concrete
Rénovation De Salle De Bain,16,2,Renovation
Rénovation Petite Cuisine,6,1,Renovation
Rénovation De Cuisine,48,1,Renovation
Service d'Arbre,424,35,Tree Services
Abattage des Arbres,269,26.5,Tree Services
Essouchage Arbre,92,10,Tree Services
Essouchement d'Arbre,54,7,Tree Services
Émondeur,15,1,Tree Services
Compagnie d'Émondage,203,28,Tree Services
Émondage Arbre,190,26.5,Tree Services
Faire Couper Un Arbre,206,23,Tree Services
Coupe Des Arbres,28,1,Tree Services
Élaguer Un Arbre,35,2,Tree Services
Élagage Des Arbres,228,20,Tree Services
Élagueur Professionnel,53,4,Tree Services
Élagage Arbre,34,2,Tree Services
comptoir de cuisine granite,53,2,Home Cabinets
comptoir de cuisine,106,1,Home Cabinets
comptoir cuisine,30,3,Home Cabinets
comptoir cuisine quartz,93,1,Home Cabinets
meuble salle de bain,233,4,Home Cabinets
comptoir dekton,5,1,Home Cabinets
Réparation Thermopompe Rive Sud,7,1,Hvac
Thermopompe Réparation,46,6,Hvac
expert en isolation,1,1,Insulation
Entretien Thermopompe,7,1,Hvac
Réparation Toiture,43,2,Roofer
Toiture Réparation,18,1,Roofer
Installation De Bardeaux d'Asphalte,14,1,Roofer
Entreprise De Toiture,45,1,Roofer
Gazon À Vendre,209,25.33,Landscaper
Vendeur De Gazon En Rouleau,52,9.33,Landscaper
Rouleau À Gazon À Vendre,30,1,Landscaper
Gazon En Rouleau,74,3,Landscaper
Rouleau De Tourbe à Vendre,179,5,Landscaper
tourbe drummondville,104,18.5,Landscaper
Tourbe à Vendre,31,1,Landscaper
Pelouse En Rouleau,95,8,Landscaper
Achat Tourbe,283,22.83,Landscaper
tourbe victoriaville,25,1,Landscaper
Pose De Gazon,11,1,Landscaper
Installation De Gazon,20,3,Landscaper
Installation Tourbe,49,3,Landscaper
Pose De Tourbe,20,2,Landscaper
Installation Gazon,17,2,Landscaper
Estate Lawyers Ottawa,3,1,Lawyer
Chaudière Électrique Eau Chaude,15,1,Hvac
chauffe eau électrique,153,2,Hvac
Plancher Hydronique,22,2,Hvac
Plancher Radiant Hydronique,29,2,Hvac
plancher chauffant sherbrooke,37,6,Hvac
plancher chauffant eau chaude,51,3,Hvac
Chauffage Eau Chaude,168,4,Hvac
chauffage eau chaude,44,3,Hvac
Système De Chauffage Hydronique,14,1,Hvac
Chaudière Hydronique Électrique,6,3,Hvac
entrepreneur de toiture,14,1,Roofer
compagnie toiture,79,1,Roofer
travaux toiture,56,2,Roofer
compagnie de toiture,50,2,Roofer
Toitures Mirabel,5,2,Roofer
réparation de toiture,100,7,Roofer
Toitures Terrebonne,4,1,Roofer
prix rénovation toiture,90,1,Roofer
Coupe Arbre,25,2,Tree Services
Coupe Des Arbres,54,4,Tree Services
Faire Couper Un Arbre,47,2,Tree Services
Émondeur,15,4,Tree Services
Émondage Arbre,35,3,Tree Services
Émondeur,85,1,Tree Services
Élagage Arbre,20,1,Tree Services
Élaguer Arbre,78,13,Tree Services
Entreprise Élagage,68,9,Tree Services
Abattage des Arbres,27,1,Tree Services
Abattage d'Arbre,78,4,Tree Services
Abattage Arbre,102,11,Tree Services
Arboriste,11,2,Tree Services
Toiture Bardeau Asphalte,41,3,Roofer
Renovation De Toit,24,7,Roofer
aménagement extérieur,70,1,Excavator
nivelage de terrain,20,1,Excavator
entreprise de terrassement,21,2,Excavator
drain français,45,1,Excavator
excavation générale,105,8,Excavator
entrepreneur excavation,56,6,Excavator
excavation,16,1,Excavator
Asbestos Removal,54,15,Insulation
Vermiculite Removal,8,1,Insulation
Blown In Cellulose Insulation,11,2,Insulation
Cellulose Attic Insulation,12,0.2,Insulation
Blown In Attic Insulation,11,1,Insulation
Foam Insulation Near Me,10,1.5,Insulation
Expanding Foam Insulation,71,5.5,Insulation
Spray Foam Insulation Montreal,18,6,Insulation
Polyurethane Foam Insulation,40,3,Insulation
Insulation Company,77,12.6,Insulation
Insulation Contractors,63,6.2,Insulation
toiture alain forget,5,1,Roofer
Colmatage De Fissures,6,1,Paving
asphalte sherbrooke,254,30,Paving
asphalte magog,62,6,Paving
Asphalte Réparation,29,2,Paving
réparation asphalte sherbrooke,34,3.5,Paving
asphalte de réparation,2,1,Paving
Réparation Fissure Asphalte,22,1,Paving
Réparer Trou Asphalte,19,2,Paving
reparation asphalte,76,2,Paving
Réparation Asphalte,72,4,Paving
Scellant Asphalte au Bitume,34,3.5,Paving
Scellant Asphalte,151,14.5,Paving
Traitement Asphalte,41,1,Paving
recouvrement asphalte,232,14,Paving
Nettoyer Asphalte,31,1,Paving
scellant asphalte sherbrooke,26,2.5,Paving
réparation fissure fondation,78,1,Paving
Scellant Bitume,25,6,Paving
Acrylic Sheet,31,1,Glass
Plexiglass Sheets,25,2,Glass
Driveway Repair And Sealing,166,1,Paving
Entrepreneur Général,73,6,Construction
general contractor,12,2,Construction
house contractor,13,1,Construction
Contracteur Général,33,3,Construction
Contracteur Construction,100,7,Construction
Compagnie Rénovation,27,1,Construction
Revêtement Extérieur,140,1,Construction
construction maison,63,1,Construction
Déboisement De Terrain,63,3,Tree Services
Déboisement,5,1,Tree Services
broyeur forestier,65,1,Tree Services
Broyeur Forestier Professionnel,36,2,Tree Services
Broyage Forestier,53,2,Tree Services
Best Stamped Concrete Contractors Near Me,2,1,Excavator
Stamped Concrete Contractors,16,1,Excavator
Stamped Coloured Concrete,10,4,Excavator
Débroussaillage Terrain,31,1,Tree Services
Débroussaillage Forestier,24,2,Tree Services
débroussaillage forestier,13,2,Tree Services
Decorative Concrete Company,32,1,Excavator
Decorative Concrete Patio,6,4,Excavator
vitre teinté chicoutimi,2,2,Signs
Paysagiste Rive Sud,1,1,Landscaper
Aménagement Paysagiste,4,1,Landscaper
Entretien Porte De Garage,21,2,Doors & Windows
Réparation De Porte De Garage,9,1,Doors & Windows
reparation porte garage,19,0.83,Doors & Windows
Porte Garage Réparation,125,17.33,Doors & Windows
Réparation Porte De Garage,14,4,Doors & Windows
portes de garage mont tremblant,3,1,Doors & Windows
porte de garage,115,11,Doors & Windows
Porte De Garage 10 X 9 À Vendre,26,3,Doors & Windows
Entreprise Porte de garage,23,3,Doors & Windows
Portes De Garage Moderne,148,5,Doors & Windows
porte de garage tremblant,5,2,Doors & Windows
Porte De Garage Traditionnelle,1,2,Doors & Windows
Porte De Garage Mont-Tremblant,118,33,Doors & Windows
Porte De Garage 10 X 7 À Vendre,25,2,Doors & Windows
Porte De Garage À Vendre,680,31.33,Doors & Windows
Compagnie Porte de Garage,317,35.17,Doors & Windows
Basement Renovation Near Me,3,1,Renovation
Basement Renovation Companies,3,1,Renovation
Basement Renovation Services,18,3,Renovation
Bathroom Renovation Service,27,2,Renovation
Réparation Fissure Béton,12,1,Excavator
Débouchage Drain,14,2,Excavator
Clôture Verre,16,1,Landscaper
Clôture De Piscine,59,1,Landscaper
Inspection Caméra,7,2,Excavator
Peintre En Bâtiment Intérieur,10,1,Painter
Peintre Bâtiment,338,4,Painter
Peintre En Bâtiment,278,2,Painter
Peintre En Bâtiment Autour De Moi,22,3,Painter
Peinture Fer Forgé Extérieur,22,2,Painter
Peintre En Bâtiment Montréal,88,1,Painter
Peintre En Bâtiment Montréal,13,2,Painter
Peintre En Bâtiment,4,3,Painter
Peintre En Bâtiment Autour De Moi,50,1,Painter
Peintre Bâtiment,16,1,Painter
peintre boucherville,23,1,Painter
Peintre Batiment Montreal,20,2,Painter
Vendeur De Gazon En Rouleau,4,1,Landscaper
Gazon À Vendre,3,1,Landscaper
tourbe victoriaville,8,1,Landscaper
tourbe drummondville,9,1,Landscaper
Achat Tourbe,68,4,Landscaper
Pelouse En Rouleau,13,1,Landscaper
Tourbe à Vendre,14,1,Landscaper
Interlocking Driveway Pavers,5,1,Paving
Interlocking Stones,24,1,Paving
Bath Remodelers,61,2,Construction
Installateur Patio,45,2,Landscaper
Paysagiste Rive Sud,34,3,Landscaper
Compagnie De Paysagement,41,2,Landscaper
Service D'Aménagement Paysager,65,2,Landscaper
Paysagiste Aménagement Extérieur,166,4,Landscaper
Architecte Paysagiste Rive Sud,14,1,Landscaper
Aménagement Paysagiste,156,2,Landscaper
Entreprise Paysagement,218,8,Landscaper
Entrepreneur Aménagement Paysager,82,2,Landscaper
Éclairage Extérieur,60,1,Landscaper
Clôture en composite,232,5,Landscaper
Cloture Composite,71,2,Landscaper
Clôture En Bois,131,4,Landscaper
Couvreur Toitures,189,4,Roofer
toiture résidentiel,33,1,Roofer
couvreur résidentiel,130,8,Roofer
toitures résidentielles,120,2,Roofer
Déménageur Longue Distance,38,5,Moving Services
Déménagement Longue Distance Pas Cher,11,1,Moving Services
Decorative Concrete Contractors,18,2,Excavator
Decorative Concrete Finishes,52,2,Excavator
Decorative Concrete Stamps,112,3,Excavator
Decorative Concrete Patio,39,3,Excavator
Decorative Concrete Company,50,6,Excavator
Déménagement de Bureau,2,1,Moving Services
Déménageur Commercial,20,5,Moving Services
Déménagement Économique,18,1,Moving Services
Entreprise de Déménagement,35,2,Moving Services
Service de Déménagement,684,53,Moving Services
Déménagement Résidentiel,7,1,Moving Services
Demenagement Pas Cher,38,3,Moving Services
Stamped Coloured Concrete,77,12,Excavator
Déménagement Piano Transport,8,1,Moving Services
Petit Transport De Meubles,132,12,Moving Services
Transport De Meubles,69,8,Moving Services
Déménageur De Piano,12,2,Moving Services
Stamped Concrete Company Near Me,13,0.33,Excavator
Stamped Concrete Contractors,180,23.17,Excavator
Stamped Concrete Patios,75,6.5,Excavator
Stamped Concrete Sealing Companies,3,1,Excavator
Stamped Coloured Concrete,51,4,Excavator
Drain Cleaning,486,36.5,Cleaning
Drain Unclogging,182,4,Cleaning
Sewage Drain Clogged,5,2.5,Cleaning
Drain Unclog,29,5,Cleaning
bathroom drain clogged,57,2,Cleaning
blocked sewer,22,1,Cleaning
Drain Inspection,35,2,Cleaning
Sewer Inspection,2,1,Cleaning
Béton Mirabel,5,1,Concrete
Compagnie De Béton,34,5,Concrete
Entrepreneur Béton,8,1,Concrete
Entrepreneur En Béton,6,1,Concrete
Plancher De Béton Maison,8,1,Concrete
Plancher Béton Poli,10,1,Concrete
Plancher En Béton,12,1,Concrete
Plancher De Béton Garage,1,1,Concrete
Balcon Béton,26,3,Concrete
Dalle Extérieure Béton,9,1,Concrete
Béton Autour Piscine,2,1,Concrete
Mécanique Diesel,119,24.33,Car Mechanic
Mécanique Diesel Mobile,20,3.33,Car Mechanic
Mécanique Mobile Camion Lourd,94,25.33,Car Mechanic
Garage Mécanique Diesel,55,4.67,Car Mechanic
Service Routier Camion Lourd,96,15.83,Car Mechanic
Service Routier Camion,101,20.5,Car Mechanic
Réparation Pneu Poids Lourd,24,3,Car Mechanic
Réparation Pneu Camion Lourd,11,2,Car Mechanic
Réparation Camion Lourd,160,18,Car Mechanic
Achat Thermopompe,24,2,Hvac
Vente De Thermopompe,179,8,Hvac
Achat Air Climatisé Mural,12,1,Hvac
Vendeur Climatisation,19,2,Hvac
Acheter Air Climatisé,52,1,Hvac
pneu camion lourd,89,5,Car Mechanic
réparation pneu poid lourd,38,2,Car Mechanic
pneu de camion lourd,103,1,Car Mechanic
Lumière De Noël,125,2,Lighting
installation noel,107,8.75,Lighting
Installation Lumière De Noël,1,0.25,Lighting
Excavation Terrassement,117,2,Tree Services
Pose De Soffite,45,5,Roofer
Soffite Installation,54,2,Roofer
Installation Soffite Aluminium,16,2,Roofer
Installation De Soffite,61,8,Roofer
Installation Soffite Pignon,11,1,Roofer
Installation Soffite Et Fascia,103,16,Roofer
Installation Soffite,57,2,Roofer
Installation De Gouttières,184,40,Roofer
installateur de gouttière,65,12,Roofer
Installation De Gouttières Aluminium,43,4,Roofer
Installation Gouttière,470,56,Roofer
gouttière sur mesure,69,6,Roofer
Installateur De Porte De Garage,4,1,Doors & Windows
Portes De Garage Moderne,40,3,Doors & Windows
Porte De Garage À Vendre,201,9.67,Doors & Windows
Compagnie Porte de Garage,104,10.17,Doors & Windows
porte de garage,22,4,Doors & Windows
Porte De Garage Mont Laurier,136,32,Doors & Windows
Toiture Membrane Élastomère,4,1,Roofer
Membrane Pour Toiture,64,2,Roofer
Toiture Toit Plat,11,1,Roofer
Toiture Gravier Asphalte,4,1,Roofer
Toiture Asphalte,53,1,Roofer
Toiture En Gravier,7,2,Roofer
Remplacement Thermos,7,1,Doors & Windows
Remplacement De Thermos,10,1,Doors & Windows
Réparation Vitre Thermos,2,1,Doors & Windows
Remplacement De Vitre Thermos,39,4,Doors & Windows
Compagnie De Fenêtre,149,6,Doors & Windows
Fabricant Fenêtres PVC,10,2,Doors & Windows
Fenêtre En PVC,120,7,Doors & Windows
Fenêtre Hybride,34,4,Doors & Windows
Terrassement Trois-Rivières,129,14,Construction
Excavation Terrassement,277,14,Construction
Restaurer Cheminée,7,1,Construction
Nivellement De Terrain,18,2,Construction
Mini Excavation,112,6,Construction
Service Mini Excavation,3,1,Construction
Gestion De Succession,12,1,Plumber
vente de succession maison,7,1,Plumber
Compagnie De Plomberie,31,1,Plumber
retrait vermiculite,1,1,Insulation
retrait amiante,11,6,Insulation
decontamination amiante,8,1,Insulation
enlevement amiante,7,1,Insulation
service de demenagement,40,2,Plumber
Entreprise De Déménagement,4,1,Plumber
Réparation Gouttières,37,5,Plumber
Réparation Clôture,4,2,Plumber
isolation polyuréthane giclé,5,1,Insulation
urethane giclé,25,2,Insulation
isolation polyuréthane,157,16,Insulation
isolation cellulose,26,3,Insulation
isolation cellulose soufflée,17,1,Insulation
entrepreneur en isolation,44,10.5,Insulation
Window Cleaners Near Me,89,3,Cleaning
Residential Window Cleaning,78,6,Cleaning
window Washing Services Near Me,9,1,Cleaning
Window Cleaning West Island,39,6,Cleaning
Window Cleaning Services Near Me,32,1,Cleaning
Window Washing Montreal,54,3,Cleaning
Window Cleaning Company,33,2,Cleaning
window cleaning montreal,59,3,Cleaning
Window Cleaning Services,100,5,Cleaning
reparation toitures,24,2,Roofer
renovation toiture,19,2,Roofer
Génératrice Drummondville,13,2,Car Mechanic
Machinerie Agricole,184,1,Car Mechanic
Equipement Agricole,86,2,Car Mechanic
Équipements Agricoles,204,1,Car Mechanic
Hydraulique Reparation,15,1,Car Mechanic
Réparation Hose Hydraulique,5,2,Car Mechanic
Reparation Systeme Hydraulique,12,1,Car Mechanic
Agrandissement Maison,79,3,Renovation
Compagnie Rénovation,54,3,Renovation
Entrepreneur En Rénovation,51,1,Renovation
Entrepreneur Général Rénovation,99,3,Renovation
Rénovation Résidentiel,52,1,Renovation
Drywall Repair Guelph,3,2,Renovation
Drywall Repair Contractors,27,4,Renovation
Drywall Repair Kitchener,9,3,Renovation
plantation arbre,19,3,Tree Services
plantation d'arbres,55,5,Tree Services
entreprise plantation arbre,7,1,Tree Services
Local Handyman,60,5,Renovation
Handyman Contractors Near Me,3,2,Renovation
Need A Handyman,69,21,Renovation
Local Handyman Services,54,8,Renovation
Handyman Services Near Me,22,4,Renovation
Handyman Near Me,43,8,Renovation
Handyman Services,42,4,Renovation
Local Handyman Near Me,39,9,Renovation
dessouchage,57,3,Tree Services
dessouchage arbre,2,1,Tree Services
dessouchage,14,2,Tree Services
enlever souche arbre,21,2,Tree Services
élagage d'arbre,80,10,Tree Services
déboisement terrain,4,1,Tree Services
émondage joliette,16,2,Tree Services
émondage d'arbre,132,6,Tree Services
émondeur joliette,16,2,Tree Services
émondage,15,3,Tree Services
émondage arbre,40,2,Tree Services
House Painting Services,16,10,Renovation
Painters Near Me,22,1,Renovation
Professional Painting Services,17,2,Renovation
Gutter Cleaning Services,7,2,Renovation
Gutter Cleaning Near Me,2,3,Renovation
Gutter Companies,3,2,Renovation
émondage et élagage,81,8,Tree Services
coupeur d arbre,62,2,Tree Services
abattage arbre,26,3,Tree Services
abattage d'arbre,33,7,Tree Services
coupe d'arbre,61,9,Tree Services
abattage arbre joliette,5,1,Tree Services
reparation de lift,19,3,Machine Shop
reparation lift,6,1,Machine Shop
Chariot Élévateur Maintenance,23,3,Machine Shop
service forklift,104,13.5,Machine Shop
pièces chariot élévateur,58,17,Machine Shop
réparation transpalette électrique,4,2,Machine Shop
Entretien Chariot Élévateur,18,2,Machine Shop
réparation de chariot élévateur,20,4.5,Machine Shop
Vente De Remorques,95,1,Car Mechanic
Junk Removal,223,15,Disposal
rubbish collection,15,1,Disposal
removal garbage,13,1,Disposal
junk removal service,8,1,Disposal
junk pick up,16,3,Disposal
Junk Pick Up,76,1,Disposal
junk removal mississauga,1,1,Disposal
Got Junk Removal,3,1,Disposal
junk pick up toronto,4,2,Disposal
junk pick up service,14,1,Disposal
junk removal mississauga,2,1,Disposal
trash removal,41,1,Disposal
800 junk removal,3,1,Disposal
junk removal toronto,30,2,Disposal
junk removal service,2,1,Disposal
garbage removal,17,1,Disposal
furniture removal services,20,1,Disposal
Junk Removal Services,19,1,Disposal
junk pick up,14,1,Disposal
Thermopompe Réparation,245,4,Hvac
Réparation Thermopompe,52,1,Hvac
Réparation Thermopompe Centrale,24,1,Hvac
Réparer Thermopompe,58,4,Hvac
Réparation De Thermopompe,90,1,Hvac
Installation Air Climatisé,30,1,Hvac
Climatiseur Mural,182,5,Hvac
Thermopompe Centrale,529,10,Hvac
Thermopompe Murale,95,1,Hvac
Réparation Air Climatisé,58,5,Hvac
Réparation Air Climatisé Mural,35,4,Hvac
Air Climatisé Réparation,64,2,Hvac
Réparation Climatisation,33,3,Hvac
système chauffage central,20,1,Hvac
roof repair,56,3,Roofer
roof repair and replacement,31,1,Roofer
leaking flat roof repair,3,1,Roofer
roofing repair services,14,1,Roofer
roof repair,41,1,Roofer
roofing and repair services,53,4,Roofer
roofing and repair services,15,1,Roofer
roofing repair services,74,9,Roofer
residential roof repair services,55,5.5,Roofer
west island roofers,11,4,Roofer
roofing construction,22,4,Roofer
Roof Replacement Shingles,70,3,Roofer
Fixing Roof Shingles,12,1,Roofer
Roof Replacement Shingles,8,0.5,Roofer
west island roofers,43,11,Roofer
roofing contractors,5,1,Roofer
roofing contractors,103,4,Roofer
roofing company,80,2,Roofer
ocre ferreux nettoyage,107,10,Cleaning
Nettoyer Drain Francais,112,8,Cleaning
Service de Débouchage,44,5,Cleaning
Deboucher Drain Francais,11,2,Cleaning
service de debouchage,3,1,Cleaning
Débouchage Égout,27,2,Cleaning
Débouchage de Drains,140,6,Cleaning
Debouchage Canalisation,324,27,Cleaning
Déboucher Égout,85,6,Cleaning
Inspection Caméra Drain Français,23,2,Cleaning
Inspection Drain Francais,23,3,Cleaning
Inspection de Drains,29,5,Cleaning
Couvreur Toiture Longueuil,1,4,Roofer
Réparation Toiture,10,1,Roofer
Inspection Caméra,5,1,Excavator
Camera Inspection Canalisation,9,2,Excavator
Excavation Drain Français,7,1,Excavator
Urgence Canalisation Bouchée,1,1,Excavator
réparation fissure béton,6,0.33,Excavator
Fissure Fondation,2,1,Excavator
Réparation Fissure,5,0.67,Excavator
Infiltration D'eau,11,1,Excavator
Infiltration D'eau Sous Sol,6,1,Excavator
Nettoyage Des Drains,8,2,Excavator
general contracting company,52,1,Construction
construction contractors,83,1,Construction
construction and building company,42,1,Construction
company contractor,33,1,Construction
Carpentry Company,20,1,Construction
Carpentry Contractor,16,1,Construction
flooring renovation,8,2,Construction
general contractor,62,4,Construction
Kitchen Renovation,58,1,Construction
Countertop Renovation,17,1,Construction
Bathroom Renovation Service,4,1,Renovation
vitre teinté chicoutimi,73,11,Signs
Vitres Teintées Auto,173,16,Signs
Vitres Teintées,158,13.67,Signs
Vitre Teintée Auto,65,7,Signs
Vitres Teintées Voiture,40,2,Signs
Teintage De Vitre Voiture,18,2.33,Signs
Faire Teinter Vitre Voiture,42,2,Signs
Pellicule Protectrice Auto,88,5.67,Signs
Pellicule Pare Pierre,46,8,Signs
Pellicule Pare Pierre Auto,29,2.33,Signs
Protection 3m Auto,30,7,Signs
pare pierre,182,15.5,Signs
Pellicule Protection Voiture,163,11.5,Signs
protection pare pierre,139,21.33,Signs
Pellicule Protectrice,24,4,Signs
Protection Pare Pierre Prix,61,9,Signs
Enseignes Commerciales,29,2,Signs
Impression Enseigne Publicitaire,3,1,Signs
enseigne publicitaire,86,3,Signs
Enseigne Extérieure,34,1,Signs
compagnie de plomberie,4,1,Excavator
plomberie,6,3,Excavator
LED Signage Display,44,1,Marketing
Advertising LED Display Screen,10,1,Marketing
Peintre Industriel,42,2,Painter
Peinture Industriel,73,3,Painter
Recherche Peintre Industriel,9,1,Painter
peinture industrielle,29,1,Painter
peintre en batiment montreal,7,2,Painter
Peintre Commercial,28,3,Painter
Entrepreneur Peintre Commercial,29,2,Painter
peintre en batiment,29,1,Painter
Peinture Commerciale,64,7,Painter
Peintre Commercial Laval,8,3,Painter
Formation Chauffeur De Lift,14,1,Machine Shop
formation chariot,36,3,Machine Shop
Formation Chariot Élévateur,269,21.67,Machine Shop
formation chariot élévateur prix,97,1,Machine Shop
Formation Conducteur De Chariot Élévateur,65,1,Machine Shop
Chariot Élévateur Formation,27,2,Machine Shop
Formation De Chariot Élévateur,66,6.33,Machine Shop
Formation Chariot Élévateur Rive Sud,5,1,Machine Shop
Cours De Chariot Élévateur,13,1,Machine Shop
mécanique chariot élévateur,60,9,Machine Shop
reparation de chariot elevateur,10,1,Machine Shop
pièces chariot élévateur,131,20,Machine Shop
Réparation Élévateur,25,8,Machine Shop
réparation chariot élévateur,36,7,Machine Shop
batterie pour chariot élévateur,36,7,Machine Shop
Réparation Chariot Élévateur,25,2,Machine Shop
reparation transpalette,15,1,Machine Shop
service forklift,41,8,Machine Shop
Entretien Chariot Élévateur,16,1,Machine Shop
maintenance chariot élévateur,11,3,Machine Shop
entretien chariot élévateur,18,1,Machine Shop
Maintenance Chariot Élévateur,16,3,Machine Shop
réparation forklift,11,2,Machine Shop
Entretien Chariots Élévateurs,3,1,Machine Shop
reparation lift,40,11,Machine Shop
réparation de chariot élévateur,4,2,Machine Shop
reparation de lift,26,3,Machine Shop
service chariot élévateur,33,2,Machine Shop
Pièces Chariot Élévateur,7,1,Machine Shop
Pièces De Chariot Élévateur,28,3,Machine Shop
Pièces Occasion Pour Chariot Élévateur,2,2,Machine Shop
Forage Artésien,27,5,Water Softener Shop
Forage Puits Artésien,2,2,Water Softener Shop
Forage Puit Prix,9,1,Water Softener Shop
Pompe A Puit Artésien,33,0.5,Water Softener Shop
Puisatier,14,5.5,Water Softener Shop
Prix Puit Artésien,3,2,Water Softener Shop
Taxi Rive-Sud,58,8,Transport
Taxi,89,7,Transport
Taxi Brossard,225,42,Transport
Taxi à Proximité,217,29,Transport
Taxi Near Me,55,8,Transport
Taxi Mtl,73,6,Transport
Taxi Montréal Nord,376,80,Transport
Taxi Longueuil,1808,726,Transport
Taxi Montréal,2202,300,Transport
Taxi Montréal Aéroport,213,2,Transport
Taxi Trudeau Airport Montreal,603,12,Transport
taxi Aéroport Montréal,136,1,Transport
Ventre De Boeuf Maconnerie,7,1,Construction
Restauration Brique,188,25.5,Construction
Restaurer Un Mur En Brique Extérieur,5,1,Construction
Restaurer Un Mur En Brique Extérieur,23,4,Construction
Cheminée Reparation,242,29.5,Construction
Réparation De Cheminée Sur Toiture,29,3,Construction
Réparation De Cheminée En Brique,5,1,Construction
Réparation Cheminée,106,7,Construction
Cheminée Reparation,24,3,Construction
Réparation De Cheminée Sur Toiture,3,1,Construction
Réparation De Cheminée,97,12,Construction
Réparation De Cheminée,4,1,Construction
Réparation Cheminée Maçonnerie,113,10,Construction
Réparation Cheminée Extérieure,31,2,Construction
Réparateur Cheminée,5,1,Construction
elastomeric membrane,4,1,Roofer
flat roofing,35,1,Roofer
laveuse a pression,34,1,Cleaning
laveur haute pression,21,2,Cleaning
Car Inspection Near Me,101,3,Car Mechanic
Tire Repair Near Me,40,1,Car Mechanic
Auto Inspection Near Me,56,1,Car Mechanic
Transmission Repair,128,4.83,Car Mechanic
Peintre Bâtiment,445,5,Painter
Shop Transmission,245,3,Car Mechanic
peinture résidentielle,67,1,Painter
peinture exterieure maison,204,2,Painter
Transmission Service,89,3.5,Car Mechanic
peindre façade maison,30,1,Painter
Transmission Rebuilders,10,1,Car Mechanic
Peintre En Bâtiment,51,1,Painter
peinture exterieure,608,21,Painter
peinture interieure,124,2,Painter
Transmission Shop,52,1,Car Mechanic
Fix Transmission Near Me,25,1,Car Mechanic
Transmission Places,60,5,Car Mechanic
peintre quebec,141,4,Painter
peinture commerciale,21,1,Painter
Taxi Montréal Nord,120,35,Transport
Taxi Montréal,636,109,Transport
Taxi Brossard,65,16,Transport
Taxi Longueuil,497,181,Transport
Taxi Trudeau Airport Montreal,195,1,Transport
20 Feet Container,8,1,Container
Shipping Container,92,6.5,Container
Shipping Container For Sale,21,2,Container
Buy Shipping Container,74,5,Container
Used Container For Sale,27,2.5,Container
Test De Moisissure Dans L Air,58,5,Home Inspection
test de qualité d'air,24,3,Home Inspection
Test Qualité Air,184,33,Home Inspection
Test Qualité De L Air,29,4,Home Inspection
Test D Air Moisissure,81,9,Home Inspection
Test De Qualité De L Air,38,7,Home Inspection
aménagement paysager,253,3,Paving
service paysagiste,11,1,Paving
designer paysager,29,2,Paving
paysagiste designer,67,1.25,Paving
agencement paysager,161,1,Paving
designer paysagiste,16,1,Paving
paysagiste,251,12.25,Paving
jardinier paysager,38,1,Paving
epoxy plancher,105,1,Flooring
plancher polyaspartique,20,1,Flooring
époxy plancher,40,1,Flooring
plancher epoxy,131,1,Flooring
planchers époxy,39,2,Flooring
plancher d époxy,77,3,Flooring
plancher en epoxy,42,4,Flooring
epoxy terrebonne,34,2,Flooring
epoxy garage,38,2,Flooring
planchers epoxy,44,3,Flooring
plomberie de douche,9,1,Plumber
plombier st jerome,20,3,Plumber
reparation plomberie,8,1,Plumber
installation plomberie douche,14,4,Plumber
Déneigement commercial,25,2.5,Landscaper
Services de déneigement,307,27,Landscaper
Déneigement pas cher,105,8.5,Landscaper
Déneigement hiver,219,27,Landscaper
Déneigement résidentiel,179,23,Landscaper
entretien paysager rive nord,9,1,Landscaper
entretien paysager,135,22,Landscaper
tonte de gazon laval,68,13.5,Landscaper
tonte de pelouse à domicile,25,3,Landscaper
pose gazon,3,3,Landscaper
coupe de gazon laval,26,5.5,Landscaper
tonte gazon blainville,33,5,Landscaper
tonte de pelouse laurentides,24,5,Landscaper
service tonte pelouse,120,8,Landscaper
entretien jardin,13,4,Landscaper
paysagiste st sauveur,10,2,Landscaper
pose de tourbe,4,1,Landscaper
tonte de pelouse terrebonne,20,4,Landscaper
tonte de pelouse,105,11,Landscaper
entretien de pelouse,15,1,Landscaper
entretien pelouse tonte,3,1,Landscaper
tailleur de haie,34,5,Landscaper
traitement gazon,13,1,Landscaper
coupe de gazon terrebonne,9,1,Landscaper
amenagement paysager,53,6,Landscaper
entretien pelouse,147,17,Landscaper
tailleur de haie,2,1,Landscaper
tonte pelouse blainville,1,1,Landscaper
entretien de jardin,130,19,Landscaper
tonte pelouse laval,3,1,Landscaper
tonte de gazon,356,65,Landscaper
demenagement longue distance,8,1,Moving Services
demenagement,46,2,Moving Services
demenager,8,1,Moving Services
entreprise déménagement,9,1,Moving Services
Irrigation Fermeture,23,3,Irrigation
Fermeture Système Irrigation,81,12.5,Irrigation
Restauration Brique,8,3,Construction
Réparation Cheminée Maçonnerie,5,1,Construction
Cheminée Reparation,23,2,Construction
Réparation Cheminée Extérieure,4,1,Construction
soudure laval,147,5,Welder
soudure aluminium laval,19,1,Welder
fabrication de marquise,33,4,Welder
soudure aluminium,246,13,Welder
Entreprise de soudage,242,8,Welder
rampe acier,341,14,Welder
rampe en fer forgé,350,10,Welder
soudure acier inoxydable,62,1,Welder
soudure terrebonne,77,3.5,Welder
atelier de soudure aluminium,113,1.25,Welder
soudure garde-corps,9,3,Welder
soudure acier,41,2,Welder
soudure sur mesure,235,4,Welder
garde-corps aluminium,152,4,Welder
soudure repentigny,97,3,Welder
soudure escalier,38,1,Welder
Entreprise de Soudure,125,6,Welder
Compagnie de Soudure,95,4.25,Welder
soudure montreal,284,11,Welder
garde-corps fer forgé,175,11,Welder
Entreprise soudeur,1107,31.5,Welder
soudure blainville,46,2,Welder
soudeur terrebonne,48,5.5,Welder
Basement Renovations,14,2,Construction
Renovation Company,12,1,Construction
Home Renovation,24,1,Construction
Staircase Renovation,145,8,Construction
Home Renovation Contractors,79,5.01,Construction
Home Remodeling,16,1,Construction
Renovation Companies Near Me,13,1,Construction
Renovation Company,21,6,Construction
renovation,130,14.99,Construction
Home Renovation Contractors,39,2,Construction
Contractor For Home Renovation,11,1,Construction
Membrane De Toit,42,1,Roofer
Membrane Pour Toit Plat,85,3,Roofer
Toiture Toit Plat,49,1,Roofer
Custom Kitchen Cabinets,13,1,Construction
Custom Kitchen Cabinets,24,1,Construction
Cabinets Makers,17,1,Construction
Kitchen Contractor,14,1,Construction
Kitchen And Remodeling,1,2,Construction
Custom Cabinets,15,1,Construction
Toiture Membrane Élastomère,41,1,Roofer
Toit Plat Membrane Élastomère,23,1,Roofer
Bathroom Renovations,2,1,Construction
Small Bathroom Remodel,16,2,Construction
Rénovation De Cuisine,9,1,Renovation
Finir Sous Sol,4,1,Renovation
rampe acier,4,1,Welder
soudure escalier,6,1,Welder
soudure aluminium,1,1,Welder
Débouchage Évier,57,3,Plumber
Débouchage Des Canalisations,60,2,Plumber
Sos Plombier,10,1,Plumber
Plombier Secours,11,2,Plumber
Plombier Urgence,78,8.5,Plumber
Plomberie granby,205,17.5,Plumber
Plombier pres de moi,127,7,Plumber
Plombier Granby,101,18,Plumber
Entreprise De Plomberie,250,20,Plumber
Entreprise Plombier,101,2,Plumber
Plombier Acton Vale,42,5,Plumber
réparation de toit plat,16,3,Roofer
membrane toit plat,36,1,Roofer
Couvreur toit plat,3,1,Roofer
Toit plat,50,1,Roofer
compagnie de déneigement,9,1,Irrigation
tarif déneigement manuel,4,1,Irrigation
service de déneigement,55,4,Irrigation
déneigement résidentiel,81,1,Irrigation
déneigement laurentides,2,1,Irrigation
Paving Companies,3,1,Roofer
landscaper,51,3,Roofer
Landscaping Companies,33,1,Roofer
Artistic Landscaping,17,1,Roofer
Contractors Landscape,26,1,Roofer
Tile Contractor Near Me,12,1,Flooring
Tile Company,8,2,Flooring
Ceramic Tile Installers,15,3,Flooring
Best Flooring Company,15,1,Flooring
Flooring Contractor,25,2,Flooring
Flooring Company,30,2,Flooring
Flooring Services Near Me,72,5,Flooring
Floor Contractors,24,2,Flooring
Flooring Companies Near Me,56,3,Flooring
Wood Flooring Installation,12,1,Flooring
Hardwood Floor Installation,12,1,Flooring
pest control,602,30,Exterminator
exterminateur châteauguay,30,0.33,Exterminator
exterminateur vaudreuil,275,43,Exterminator
entreprise extermination,62,1,Exterminator
service extermination,246,21,Exterminator
exterminateur,525,40.67,Exterminator
exterminateur cafard,108,2,Exterminator
exterminateur insecte,115,4,Exterminator
extermination parasites,29,1,Exterminator
extermination insectes,186,5,Exterminator
extermination blatte,66,1,Exterminator
extermination coquerelles,117,3,Exterminator
gestion parasitaire,106,15,Exterminator
extermination mouche,222,2,Exterminator
pool heater repair,70,1,Hvac
pool heater repair oakville,6,1,Hvac
pool heater repair,11,1,Hvac
Extermination Souris,31,2,Exterminator
Extermination Rat,93,1,Exterminator
Extermination Rongeur,57,2,Exterminator
Exterminateur De Souris,21,2,Exterminator
Se Débarrasser D'une Souris,1203,10,Exterminator
contractor commercial,2,1,Renovation
commercial construction companies,8,2,Renovation
commercial construction contractors,9,3,Renovation
Aménagement Paysager,7,1,Landscaper
Design paysager,14,1,Landscaper
coffrage beton,121,2,Construction
Entrepreneur Fondation,12,1,Construction
Coffrage beton Cowansville,19,1,Construction
couler béton,21,3,Construction
beton st jean sur richelieu,35,4,Construction
plancher béton poli,69,1,Construction
Finition béton Saint-Jean-sur-Richelieu,7,2,Construction
construction dalle béton,41,1,Construction
beton poli,58,1,Construction
laveuse a pression,134,5,Cleaning
machine a pression,56,2,Cleaning
laveuse a pression,48,3,Cleaning
Car Repair,5,1,Car Mechanic
échangeur d'air industriel,14,1,Hvac
air climatisé,529,21,Hvac
installation de ventilation,241,38,Hvac
mécanique du bâtiment,95,7,Hvac
chauffage,85,6,Hvac
entretien air climatise,67,7,Hvac
chauffage commercial,10,1,Hvac
chauffage industriel,10,2,Hvac
echangeur d'air commercial,11,2,Hvac
climatisation industrielle,19,3,Hvac
thermopompe industrielle,39,2,Hvac
optimisation énergétique,38,2,Hvac
ventilation commercial,173,18,Hvac
ventilation industriel,97,14,Hvac
entretien de climatiseur,45,3,Hvac
climatiseur industriel,2,1,Hvac
systèmes de traitement d'air,22,3,Hvac
entretien climatisation,46,3,Hvac
climatisation commerciale,3,1,Hvac
air climatisé commercial,13,1,Hvac
echangeur d'air,1423,119.33,Hvac
Rénovation Petite Salle De Bain,53,1,Renovation
Entrepreneur Pour Salle De Bain,37,1,Renovation
Rénovation Salle De Bain,44,1,Renovation
Salle De Bain Rénovation,116,2,Renovation
Entrepreneur Salle De Bain,13,2,Renovation
Rénover Une Petite Salle De Bain,96,2,Renovation
Rénovation De Cuisine,156,1,Renovation
Refaire Sa Cuisine,115,1,Renovation
Cuisine Rénovation,50,1,Renovation
Cuisine Rénovation,10,1,Renovation
Sous Sol Rénovation,4,1,Renovation
Finir Sous Sol,10,1,Renovation
Sous Sol Rénovation,50,1.5,Renovation
Rénovation Sous Sol,27,1.5,Renovation
Floor Maintenance Services,7,1,Cleaning
compagnie epoxy,32,3,Flooring
revêtement époxy,243,6,Flooring
sous sol epoxy,50,2,Flooring
plancher epoxy garage,176,13,Flooring
plancher epoxy,662,39,Flooring
epoxy rive sud,13,2,Flooring
Réparation Asphalte,36,1,Construction
Poseur Asphalte,7,1,Construction
Poseur De Pavé Uni,11,2,Construction
Salle De Bain Rénovation,20,1,Renovation
Petite Salle De Bain Rénovation,9,1,Renovation
Rénovation Petite Salle De Bain,16,1,Renovation
Entrepreneur Salle De Bain,13,1,Renovation
Rénovation De Salle De Bain,17,1,Renovation
Constructeur Shawinigan,14,1,Construction
construction neuve trois rivieres,108,2,Construction
constructeur maison neuve,64,1,Construction
entrepreneur général résidentiel,55,2,Construction
entrepreneur general renovation,56,3,Construction
constructeur trois rivières,229,2,Construction
construction neuve,754,1,Construction
entrepreneur général bécancour,4,1,Construction
contracteur construction,190,3,Construction
entrepreneur général trois rivieres,82,3,Construction
constructeur maison neuve,47,1,Construction
entrepreneur général mauricie,17,1,Construction
construction entrepreneur general,62,2,Construction
entrepreneur général,24,2,Construction
entrepreneur general shawinigan,23,2,Construction
swimming pool heater repair,36,2,Hvac
pool heater repair,115,9.5,Hvac
pool heater repairs,492,28.5,Hvac
pool heater repair,84,5.5,Hvac
swimming pool heater repair near me,16,1,Hvac
hayward pool heater repair near me,19,1,Hvac
Pool Heater Maintenance,82,2,Hvac
Pool Heater Service,84,3.5,Hvac
Swimming Pool Heater Service,168,8,Hvac
Plomberie Installation,404,10,Plumber
Plomberie Repentigny,363,48,Plumber
Plomberie Rénovation,114,4,Plumber
Plombier En Urgence,12,1,Plumber
Plombier Urgence,52,12.67,Plumber
Plombier d'Urgence,28,3,Plumber
Urgence Plomberie,42,3.33,Plumber
Plombier 24 7,11,1,Plumber
Plombier 24 24,7,7,Plumber
Compagnie De Plomberie,500,24,Plumber
Plomberie Service,45,1,Plumber
Plomberie,33,1,Plumber
Service Plomberie,272,19,Plumber
Service De Plomberie,94,3,Plumber
Couvreur Toiture Sherbrooke,72,2,Roofer
Couvreur De Bardeaux,8,1,Roofer
Couvreur Toiture Magog,32,1,Roofer
Couvreur Toiture Sherbrooke,23,5,Roofer
Réparation Toiture Sherbrooke,45,1,Roofer
Borne Électrique Maison,310,14,Electrician
Borne De Recharge Résidentielle,109,2,Electrician
Installation Borne Électrique,104,6.5,Electrician
Installateur Borne Électrique,25,3,Electrician
Installation Borne De Recharge,72,7.67,Electrician
Installation Borne Recharge Voiture Électrique,11,2,Electrician
Installateur De Borne De Recharge,92,6.5,Electrician
compagnie toiture,13,1,Roofer
compagnie toiture,19,2,Roofer
couvreur toiture,3,1,Roofer
entrepreneur toiture,17,1,Roofer
service pelouse,74,2,Landscaper
traitement vers blanc pelouse,12,0.99,Landscaper
traitement fourmis pelouse,9,0.5,Landscaper
traitement des insectes,382,20.5,Landscaper
bathroom remodelling,52,1,Renovation
déménagement rive sud,5,1,Moving Services
déménageurs montréal,3,1,Moving Services
service de déménagement,18,1,Moving Services
entreprise de déménagement,5,2,Moving Services
demenagement,19,3,Moving Services
déménageur Saint-Jean-sur-Richelieu,9,1,Moving Services
déménageur Boucherville,1,1,Moving Services
Renovation Companies Near Me,27,1,Construction
Home Renovation Companies,74,3,Construction
Contractor For Home Renovation,4,2,Construction
Contractor For Home Renovation,60,1,Construction
General Construction Contractors,163,7,Construction
General Contractors Near Me,50,4,Construction
General Contractors Near Me,41,5,Construction
General Construction Contractors,418,13,Construction
New Construction Contractor,37,2,Construction
Construction Contractors Near Me,1,1,Construction
pavage en beton,4,1,Construction
Hardwood Flooring And Installation,3,1,Flooring
Ceramic Tile Installers,12,1,Flooring
Tile Installers Near Me,2,1,Flooring
Poseur De Pavé Uni,26,1,Construction
Installation Pavé Uni,22,1,Construction
Installateur De Pavé Uni,7,1,Construction
Poseur Asphalte,16,3,Construction
Flooring Services Near Me,17,3,Flooring
nettoyage drain,6,1,Excavator
inspection drain francais,4,1,Excavator
plancher béton maison,2,1,Excavator
plancher de béton maison,5,2,Excavator
reparation fondation,4,2,Excavator
reparation fissure,8,1,Excavator
reparation de fissures fondation,11,1,Excavator
fissure fondation,4,2,Excavator
toiture membrane élastomère,19,1,Roofer
toiture élastomère,16,1,Roofer
Moving Long Distance Movers,17,2,Moving Services
Best Moving Companies Montreal,2,2,Moving Services
Movers,27,2,Moving Services
Moving Company,27,3,Moving Services
Movers And Packers,30,6,Moving Services
Moving Company,13,1,Moving Services
Movers Moving Company,15,3,Moving Services
Moving Services,140,13,Moving Services
petit déménagement longueuil,51,2,Moving Services
Movers And Packers,3,1,Moving Services
Rent Storage Space,3,1,Moving Services
cloture mascouche,17,1,Renovation
entrepreneur cloture,81,2,Renovation
cloture sur mesure,42,1,Renovation
cloture maille de chaine,52,2,Renovation
clôtures en bois,218,4,Renovation
installateur cloture,230,3,Renovation
Rénovation De Salle De Bain,124,4,Renovation
Reno Sous Sol,9,1,Renovation
Rénovation Cuisine,151,5,Renovation
Rénovation Petite Cuisine,16,1,Renovation
isolation terrebonne,3,1,Renovation
muret de soutènement,28,1,Renovation
muret de soutènement en bois,32,3,Renovation
fissure beton,21,1,Excavator
réparations de fissures,36,1,Excavator
réparation fissure fondation,30,1,Excavator
reparation fissure,39,2,Excavator
plancher béton maison,6,2,Excavator
plancher de béton,175,1,Excavator
inspection drain francais,23,0.5,Excavator
nettoyage drain,78,0.5,Excavator
drains francais,117,1,Excavator
traitement des insectes,46,5,Landscaper
service pelouse,27,2,Landscaper
Compagnie d'Arbre,12,1,Tree Services
Service d'Arbre,85,3,Tree Services
Elagueur d'Arbre,62,3,Tree Services
Elagueur,22,0.5,Tree Services
Élaguer Un Arbre,128,8,Tree Services
Elagueur Grimpeur,9,1,Tree Services
Élagage d'Arbre,21,1,Tree Services
Elagage Arbre,10,0.75,Tree Services
Élagage,18,1.5,Tree Services
Déssoucher Un Arbre,6,3,Tree Services
Deracinement Arbre,3,1,Tree Services
Enlever Haie De Cedre,14,2,Tree Services
Essouchage Arbre,55,2,Tree Services
Electrical Wiring,15,1,Electrician
Electrical Contractor,35,4,Electrician
electrician companies,7,1,Electrician
Local Electricians,9,1,Electrician
Electrician,27,2,Electrician
electric company,27,2,Electrician
Electrical Company,31,4,Electrician
Electrical Contractors Near Me,7,1,Electrician
Electrician,45,1,Electrician
Couper Des Arbres,20,3,Tree Services
Compagnie Abattage d'Arbre,28,2,Tree Services
Abattage d'Arbre,40,1,Tree Services
Abattre Un Arbre,36,1,Tree Services
Abattage Arbre,128,7.5,Tree Services
Coupe d'Arbre,27,3,Tree Services
Compagnie Emondage,23,5,Tree Services
Arbre Emondage,19,1.5,Tree Services
Émondage d'Arbre,375,34.42,Tree Services
Compagnie d'élagage,23,0.33,Tree Services
Élagage Et Émondage,51,4.5,Tree Services
Forage Artésien,8,1,Water Softener Shop
Forage Puits,35,6,Water Softener Shop
Forage Puits Artésien,15,3,Water Softener Shop
Installation Puit,25,5,Water Softener Shop
Puisatier,48,4,Water Softener Shop
Installation Puit Artésien,5,2,Water Softener Shop
Puit Artésien Installation,90,10,Water Softener Shop
Essouchage Arbre,3,1,Tree Services
Dessouchage Arbre,1,1,Tree Services
Toiture Metal,131,1,Roofer
Tôle Toiture,166,6,Roofer
Roofing Contractor,18,1,Roofer
roofing contractor west island,1,1,Roofer
service tonte pelouse,25,1,Landscaper
entretien pelouse,9,1,Landscaper
tonte de gazon,29,2,Landscaper
entretien de pelouse,1,1,Landscaper
Roofing Repair,78,4.5,Roofer
Roof Leak Repair,17,3,Roofer
Roof Repair Services,32,4.5,Roofer
Roofing Contractor,164,8,Roofer
roofing companies west island,6,1,Roofer
roofers west island,31,7,Roofer
Roof Company,101,7,Roofer
Roofer,19,3,Roofer
Shingles Company,55,1,Roofer
Electrical Contractor,14,1,Electrician
Entrepreneur Toiture,45,3,Roofer
Toiture En Tôle,55,1,Roofer
entrepreneur général trois rivieres,7,1,Construction
Wood Floor Installation Service,2,1,Flooring
Flooring Installers Near Me,13,1,Flooring
Entreprise de soudage,52,1,Car Mechanic
Entreprise Soudeur,234,7,Car Mechanic
compagnie de soudure,133,4,Car Mechanic
Service Soudure,149,1,Car Mechanic
compagnie soudure,292,8.5,Car Mechanic
Soudeur Professionnel,59,1.5,Car Mechanic
entreprise soudeur,72,5,Car Mechanic
societe soudure,30,1,Car Mechanic
Reparation industrielle,68,3,Car Mechanic
entreprise maintenance industrielle,66,4,Car Mechanic
maintenance industrielle entreprise,17,1,Car Mechanic
entretien des machines industrielles,34,1,Car Mechanic
construction résidentielle,63,4,Construction
societe de renovation de maison,10,1,Construction
entrepreneur rénovation,26,2,Construction
entreprise de renovation peinture,36,4,Construction
société rénovation maison,105,4.33,Construction
rénovation entrepreneur,212,17,Construction
entrepreneur rénovation maison,48,5,Construction
rénovation après sinistre,43,6,Construction
Entrepreneur Général,20,1,Construction
construction maison laurentides,25,5.33,Construction
maison neuve construction,231,1,Construction
projet maison neuves,27,1,Construction
Entrepreneur Général Construction,67,6,Construction
constructeur maison neuve,111,4,Construction
services de construction,116,9.33,Construction
Entrepreneur Bâtiment,18,2,Construction
Inspecteur Résidentiel,26,1,Home Inspection
Inspection Bâtiment,86,2.33,Home Inspection
Inspection De Bâtiment,85,3,Home Inspection
Inspecteur En Bâtiment,197,9.67,Home Inspection
Inspecteur Maison,38,1,Home Inspection
Inspecteur Préachat,14,1,Home Inspection
Inspection Préachat,43,2,Home Inspection
Service D extermination,388,12,Exterminator
Exterminateur Souris Gatineau,42,1.5,Exterminator
Exterminateur Souris,37,0.5,Exterminator
exterminateur gatineau,165,8,Exterminator
extermination gatineau,1,1,Exterminator
pest control,33,4,Exterminator
exterminateur gatineau,5,2,Exterminator
Exterminer Des Rats,44,2,Exterminator
Extermination Rats,64,3,Exterminator
Service design interieur,33,1,Home Designer
entreprise de décoration d intérieur,47,1,Home Designer
Membrane De Toit,25,1,Roofer
Plancher Patio Composite,8,1,Renovation
Patio En Fibre De Verre,12,1,Renovation
Patio En Composite,6,2,Renovation
Paysagiste Patio,29,1,Renovation
Rénovation Patio,117,12,Renovation
Patio Fibre De Verre,20,2,Renovation
Revêtement Patio Fibre De Verre,15,1,Renovation
Patio Bois,15,1,Renovation
Fibre De Verre Pour Patio,2,1,Renovation
Élastomère Toiture,26,1,Roofer
Projet De Rénovation,37,2,Renovation
Entrepreneur Générale,8,1,Renovation
Entrepreneur En Construction,39,4,Renovation
Entrepreneur Rénovation,23,1,Renovation
Entrepreneur Général Construction,76,6,Renovation
Entrepreneur Général Résidentiel,30,3,Renovation
Compagnie De Rénovation,6,1,Renovation
Entreprise De Rénovation,4,2,Renovation
Dépannage Électrique Urgent,18,3,Electrician
Électricien 24 7,7,4,Electrician
Électricien Urgence,4,1,Electrician
Entrepreneur Électricien Québec,28,1,Electrician
Électricien Ville De Québec,81,3,Electrician
Électricien Beauport,67,9,Electrician
Entrepreneur Électricien,178,7,Electrician
Électricien Résidentiel,92,4.33,Electrician
Électricien Résidentiel Québec,18,1,Electrician
Entrepreneur En Électricité,238,9,Electrician
Électricien Charlesbourg,42,4,Electrician
hydro ensemencement abitibi,18,1,Landscaper
semence hydraulique,17,1,Landscaper
hydro ensemencement,100,9,Landscaper
ensemencement hydraulique,13,1,Landscaper
ensemencement hydraulique gazon,18,1,Landscaper
Conteneur A Vendre,15,1,Container
compagnie de beton,154,5,Concrete
beton laval,82,2,Concrete
compagnie béton,104,2,Concrete
entrepreneur en beton,84,8,Concrete
beton mirabel,37,2,Concrete
plancher béton poli,35,1,Concrete
plancher beton,262,9,Concrete
plancher de beton maison,15,1,Concrete
General Contractors Near Me,3,1,Construction
balcon ciment,45,1,Concrete
balcon en beton,224,9,Concrete
Construction Contractors Near Me,1,1,Construction
Toiture Bardeaux,52,1,Roofer
Toitures Laurentides,22,5,Roofer
Thermopompe Murale Daikin,28,3,Hvac
Thermopompe Murale Mitsubishi,29,4,Hvac
Thermopompe Murale Fujitsu,20,4,Hvac
Achat Thermopompe Murale,167,6,Hvac
Entreprise Aménagement Extérieur,77,5,Landscaper
Aménagement Paysager,62,1,Landscaper
Conception d'Aménagement Paysager,61,1,Landscaper
Paysagiste Concepteur,24,1,Landscaper
Puit Artésien Coût,26,4,Water Softener Shop
Installation Pompe Puit Pour Maison,20,3,Water Softener Shop
Puisatier,13,4,Water Softener Shop
Puit Artésien Installation,10,2,Water Softener Shop
Forage Puits,10,1,Water Softener Shop
soudure aluminium,25,1,Welder
rampe acier,14,1,Welder
soudure acier inoxydable,7,2,Welder
garde-corps fer forgé,9,1,Welder
fabrication de marquise,1,1,Welder
Entreprise soudeur,106,10,Welder
Toiture Mont Tremblant,23,5.5,Roofer
Compagnie De Toiture,9,1.14,Roofer
Entrepreneur En Toiture,60,1,Roofer
Toiture Mont Tremblant,4,1,Roofer
Toiture,60,5.93,Roofer
Réparation Toiture,51,7,Roofer
Entreprise Toiture,73,14,Roofer
Toiture Sainte Agathe,4,2,Roofer
Toiture Sainte Agathe Des Monts,9,4,Roofer
Professionnel Toiture,3,1,Roofer
Renovation Toiture,30,4,Roofer
Toiture St Sauveur,2,1,Roofer
Toiture Bardeau Asphalte,26,1,Roofer
Couvreur De Toiture,72,1,Roofer
Couvreur Mont Tremblant,10,2,Roofer
Couvreur Toiture,27,1.43,Roofer
Couvreur,23,4,Roofer
Kitchen Remodel Contractors,7,1,Renovation
bathroom renovation contractors,8,1,Renovation
entretien air climatisé,79,2,Hvac
thermopompe murale,41,5,Hvac
entretien ventilation,22,1,Hvac
installation air climatisé,46,3,Hvac
entretien echangeur d'air,22,1.5,Hvac
installation CVC,3,1,Hvac
entretien air climatise,61,3,Hvac
installation climatisation,26,1.5,Hvac
installation de fournaise,12,2,Hvac
entretien de climatiseur,63,2,Hvac
installation échangeur d'air,81,14.02,Hvac
thermopompe,108,5,Hvac
installation climatiseur,39,1,Hvac
installation chauffage,39,8,Hvac
installation thermopompe,86,9,Hvac
installation echangeur d'air,51,11.67,Hvac
entretien fournaise,54,7,Hvac
installation de climatisation,15,1,Hvac
entretien climatisation,122,4,Hvac
installation ventilation,87,13,Hvac
entretien échangeur d'air,31,6.5,Hvac
entretien de thermopompe,65,1,Hvac
entretien thermopompe,100,13,Hvac
thermopompe prix,54,1,Hvac
installation de ventilation,82,16,Hvac
installation de climatiseur,58,2.5,Hvac
réparation thermopompe,212,21,Hvac
hydro québec thermopompe,57,1,Hvac
subvention hydro québec residentiel,78,1,Hvac
subvention hydro québec pour thermopompe,56,2,Hvac
subvention hydro quebec thermopompe,76,4,Hvac
maison neuve construction,581,1,Construction
rénovation de sous sol,9,1,Construction
entrepreneur général rénovation,25,1,Construction
société de nettoyage professionnel,47,3,Cleaning
nettoyage après construction,25,1,Cleaning
nettoyage chantier,12,5,Cleaning
entretien ménager industriel,3,1,Cleaning
compagnie de menage commercial,17,6,Cleaning
nettoyage commercial,48,3,Cleaning
entretien ménager commercial,29,4,Cleaning
casio boutique,38,1,Watch Store
site vente montre,331,1,Watch Store
montre fashion femme,144,1,Watch Store
magasins montre,191,1,Watch Store
pyrite maison,12,1,Plumber
problème pyrite,56,3,Plumber
fissure fondation,29,7,Plumber
reparation fissure,68,5,Plumber
réparation fissure fondation,7,1,Plumber
reparation d escalier en beton,10,1,Plumber
fissure béton réparation,15,1,Plumber
fissures fondation,83,16,Plumber
réparer fissure fondation,2,1,Plumber
fissure de solage,25,5,Plumber
reparation fissure rive sud,3,1,Plumber
reparation de fondation,42,10,Plumber
reparation fondation,25,8,Plumber
imperméabilisation de fondation,20,1,Plumber
reparation de fissure,7,2,Plumber
réparation fissure de solage,3,1,Plumber
reparation beton,38,7,Plumber
reparation de fissure fondation,11,3,Plumber
french drain,45,6,Plumber
installation de drain français,4,1,Plumber
drain francais,88,12,Plumber
nettoyage drain francais,71,7,Plumber
Drain français,1,1,Plumber
compagnie epoxy,69,2,Flooring
Toiture Mont Tremblant,4,1,Roofer
Toiture Bardeaux,17,1,Roofer
Toiture Couvreur,9,1,Roofer
Remorquage Drummondville,676,194.16,Transport
Remorquer Une Voiture,412,60.67,Transport
Remorquage,107,23,Transport
Remorquage Urgence,19,1,Transport
Remorquage Voiture,121,11,Transport
Remorquage Automobile,313,39.33,Transport
Compagnie De Remorquage,84,8,Transport
Remorquage Auto,150,28.83,Transport
Service De Remorquage,179,35.83,Transport
Remorquage Sur Autoroute,21,5.67,Transport
Service Remorquage,409,39.68,Transport
Compagnie Remorquage,21,1,Transport
Moving Services Montreal,7,1,Moving Services
Movers Moving Company,3,8,Moving Services
refaire toiture prix,164,1,Roofer
renovation toiture,69,6,Roofer
toiture rive nord,13,1,Roofer
compagnie toiture,134,7,Roofer
réparation toiture,12,1,Roofer
réparation de toiture,59,1,Roofer
débarrage de porte d'auto,29,3.5,Transport
débarrer porte voiture,19,1.5,Transport
débarrer porte auto,86,4,Transport
survoltage batterie auto,11,1,Transport
Shipping Container For Sale,13,1,Container
Shipping Container,56,4,Container
40 ft storage container,9,1,Container
Refaire Cuisine,39,6,Renovation
Cuisines De Luxes Modernes,33,1,Renovation
Cuisine De Luxe,24,1,Renovation
Rénover Cuisine,8,1,Renovation
Refaire Une Cuisine,108,7,Renovation
Transport Plateforme,9,1,Transport
Transport Flatbed,24,1,Transport
Excavation Maison,173,15,Renovation
Excavation Maison,23,1,Renovation
Excavation Et Fondation,44,2,Renovation
Excavation Et Fondation,12,1,Renovation
Storage Units Near Me,4,2,Moving Services
Maison Agrandissement,11,1,Renovation
Extension Sur Maison,17,1,Renovation
Agrandir Maison,5,1,Renovation
Maison Agrandissement,44,2,Renovation
Maison Extension,8,1,Renovation
Agrandissement De La Maison,16,1,Renovation
Moving Company,38,2.5,Moving Services
Movers,49,2,Moving Services
Moving Services,37,0.5,Moving Services
Inspection Maison,34,2,Home Inspection
house cleaning,233,29,Cleaning
house cleaning services,149,19,Cleaning
residential home cleaning services,4,1,Cleaning
house cleaning,10,1,Cleaning
home cleaning services,1,1,Cleaning
house cleaning services north york,26,3,Cleaning
house cleaning services,22,1,Cleaning
Thermopompe Murale Fujitsu,32,2,Hvac
Mitsubishi Thermopompe Murale,57,2.67,Hvac
Achat Thermopompe Murale,157,5.33,Hvac
Fujitsu Thermopompe Murale,51,6,Hvac
Thermopompe Murale Mitsubishi,43,1,Hvac
commercial cleaning services,5,1,Cleaning
deep cleaning services,19,1,Cleaning
deep cleaning services,62,10,Cleaning
cleaners near me,4,1,Cleaning
commercial cleaning,106,13,Cleaning
cleaning services,397,59,Cleaning
commercial cleaning,13,6,Cleaning
New Construction Contractor,4,1,Construction
General Contractors Near Me,2,1,Construction
General Construction Contractors,37,1,Construction
plancher epoxy,87,7,Flooring
compagnie après sinistre,60,1,Renovation
entreprises réparations après sinistres,2,1,Renovation
Forage Puits,4,2,Water Softener Shop
Installation Puit,11,3,Water Softener Shop
Puisatier,8,2,Water Softener Shop
Puit Artésien Installation,30,1,Water Softener Shop
Entrepreneur Peintre Commercial,26,1,Painter
Peintre Industriel,6,2,Painter
Peinture Revêtement Extérieur Prix,24,1,Painter
Peintre Extérieur,55,1,Painter
Peintre Revetement Exterieur,7,1,Painter
Garden Landscape Design,4,1,Landscaper
Landscape Design,47,3,Landscaper
Landscape Designers Near Me,6,1,Landscaper
Landscape Contractors,73,2,Landscaper
Landscape Design,43,1,Landscaper
Gazebo Installation Service Near Me,80,3,Landscaper
Custom Outdoor Gazebo,15,1,Landscaper
Custom Gazebos,7,1,Landscaper
Gazebo Design,6,1,Landscaper
Interlocking Stone Patio,14,1,Landscaper
Interlock Pavers,7,1,Landscaper
Interlock Landscaping,13,1,Landscaper
Interlocking Paver Installers Near Me,6,5,Landscaper
Local Pool Companies,23,1,Landscaper
Pool Builders Near Me,43,4,Landscaper
Swimming Pool Contractors,68,7,Landscaper
Swimming Pool Companies,29,3,Landscaper
Entrepreneur Toiture,37,5,Roofer
entreprise de toiture,107,2,Roofer
Toit Métallique,62,3,Roofer
Toiture En Tôle,62,1,Roofer
Toiture Élastomère,8,1,Roofer
reparation fondation,6,1,Plumber
service paysagiste,13,1,Paving
paysagiste,36,3,Paving
jardinier paysager,42,8,Paving
service paysager,8,1,Paving
conception aménagement paysager,3,1,Paving
paysagiste laval,5,2,Paving
paysagiste designer,6,1,Paving
service de paysagement,17,2,Paving
amenagement paysager terrebonne,3,1,Paving
Designer Paysager,7,1,Paving
demenageur international,2,1,Moving Services
transport demenagement,22,1,Moving Services
entreprise de déménagement,5,1,Moving Services
revetement vinyl,554,8,Construction
Toiture Bardeaux,13,1,Roofer
Toiture Mont Tremblant,15,5,Roofer
revetement exterieur,554,16,Construction
consultation horticole,12,3,Paving
horticulteur autour de moi,52,3,Paving
horticulteur paysagiste,367,19.5,Paving
conseil de jardinage potager,6,1,Paving
Toiture Réparation,32,8,Roofer
Toitures Laurentides,28,5,Roofer
Entrepreneur en Toiture,5,2,Roofer
Compagnie de Toiture,5,3,Roofer
renovation toiture,27,1,Roofer
Toiture Mont Tremblant,7,1,Roofer
Entreprise Toiture,205,23,Roofer
commercial construction companies,73,1,Renovation
commercial contractors,329,15,Renovation
Home Renovation,11,1,Construction
Kitchen Renovation,1,1,Construction
Custom Kitchen Cabinets,23,1,Construction
remplacement chauffe eau,80,3,Plumber
installation chauffe eau,103,2,Plumber
plombier,184,7,Plumber
plomberie cuisine,10,1,Plumber
Plombier Blainville,25,2,Plumber
plomberie de douche,20,2,Plumber
installation plomberie salle de bain,23,3,Plumber
plombier à proximité,44,4,Plumber
reparation plomberie,47,3,Plumber
plombier st jerome,66,9,Plumber
instalation plomberie,37,3,Plumber
plombier st eustache,12,3,Plumber
plombier expert,4,2,Plumber
debouchage canalisation,12,1,Plumber
debouchage,31,2,Plumber
entrepreneur patio,22,1,Renovation
entrepreneur mur de soutènement,4,1,Renovation
muret de soutènement,2,2,Renovation
installation de cloture,12,1,Renovation
cloture terrebonne,10,2,Renovation
installation cloture en bois,14,2,Renovation
cloture west island,12,1,Renovation
installateur de clôture,19,3,Renovation
installateur cloture,83,5,Renovation
cloture mascouche,10,2,Renovation
Excavation Maison,5,4,Renovation
Excavation Résidentielle,1,1,Renovation
Excavation Fondation,3,3,Renovation
Agrandissement De Maison,3,2,Renovation
Transmission Service,20,3,Car Mechanic
Transmission Shop,4,1,Car Mechanic
Mechanic Near Me,3,1,Car Mechanic
Car Repair,21,1,Car Mechanic
reparation vitre montre,20,1,Watch Store
reparation montre guess,6,2,Watch Store
réparation montre montreal,51,3,Watch Store
reparation seiko,39,1,Watch Store
remplacement vitre montre,51,5,Watch Store
réparation de montre,173,5,Watch Store
reparation casio,15,2,Watch Store
revetement vinyl,341,7,Construction
revetement exterieur,252,4,Construction
Plombier Acton Vale,10,2,Plumber
Plomberie granby,38,5.67,Plumber
Plombier pres de moi,24,1,Plumber
Entreprise Plombier,18,1.33,Plumber
Plombier Granby,31,6,Plumber
Entreprise De Plomberie,41,1,Plumber
Best Underwear For Construction Workers,3,1,Construction
Shipping Container,258,16.1,Container
Buy Shipping Container,113,6.5,Container
Shipping Container For Sale,41,4.4,Container
Used Container For Sale,59,5,Container
cleaning services,125,1,Cleaning
Éclairage Extérieur,110,2,Irrigation
Système Arrosage Automatique,60,1,Irrigation
Système Arrosage,94,8,Irrigation
Arrosage Automatique,38,3,Irrigation
Installation Irrigation,8,0.33,Irrigation
Installation Système Irrigation Pelouse,4,1,Irrigation
Système Irrigation Pelouse,61,1.5,Irrigation
Irrigation Gazon,35,0.67,Irrigation
Système Irrigation Automatique,72,1.5,Irrigation
Système Irrigation,284,21.5,Irrigation
Peintre Extérieur,246,16,Painter
Peinture Revêtement Extérieur Prix,46,2,Painter
Peintre Revetement Exterieur,68,1,Painter
Entrepreneur Peintre Commercial,101,13,Painter
Peintre Industriel,35,2,Painter
Peintre Industrie,11,2,Painter
entreprise de demenagement,35,4,Moving Services
déménageur Boucherville,12,3,Moving Services
déménageur Saint-Jean-sur-Richelieu,111,28,Moving Services
transport demenagement,88,19,Moving Services
déménageurs montréal,9,6,Moving Services
déménagement rive sud,109,17,Moving Services
demenagement brossard,5,3,Moving Services
demenageur,87,6,Moving Services
demenagement service,5,1,Moving Services
service déménagement,48,7,Moving Services
déménageurs rive sud,26,3,Moving Services
demenageur la prairie,57,8.5,Moving Services
société déménagement,7,2,Moving Services
entreprise déménagement,55,10,Moving Services
déménageur longueuil pas cher,12,1,Moving Services
transport piano,115,38,Moving Services
société de déménagement,11,1,Moving Services
déménagement montréal,13,2,Moving Services
entreprises de déménagement,16,1,Moving Services
compagnie de déménagement,41,11,Moving Services
meilleur déménageur,8,2.5,Moving Services
déménageur Saint-Hubert,22,8,Moving Services
déménageur St-Bruno,13,2,Moving Services
demenagement montreal,6,2,Moving Services
déménagement résidentiel,28,3,Moving Services
service de demenagement,66,5,Moving Services
déménageur Chambly,39,11,Moving Services
déménageur Beloeil,54,13,Moving Services
service de déménagement,86,15.5,Moving Services
demenagement,408,55,Moving Services
déménageur La Prairie,63,11.5,Moving Services
déménagement laprairie,158,26,Moving Services
déménageur Longueuil,156,37,Moving Services
déménageur Brossard,27,5,Moving Services
Réparation De Toiture,3,1,Roofer
Entrepreneur en Toiture,14,1,Roofer
Toitures Laurentides,42,8,Roofer
déménagement international,7,2,Moving Services
demenagement longue distance,43,4,Moving Services
déménagement longue distance,12,3,Moving Services
déménageurs internationaux,63,2,Moving Services
déménagement long distance,1,1,Moving Services
Toiture Mont Tremblant,13,2,Roofer
Toiture Bardeaux,224,4,Roofer
Couvreur Bardeaux,3,2,Roofer
Harmony Test',13,2,Clinic
At Home Blood Test,81,4,Clinic
Blood Test At Home Near Me,31,6.5,Clinic
Blood Tests At Home,44,3.5,Clinic
In Home Blood Draw Services Near Me,4,1,Clinic
Blood Test In Home,8,1.5,Clinic
Blood Draw In Home,5,1,Clinic
Blood Sample Collection At Home,3,2,Clinic
In Home Blood Work,3,1,Clinic
In Home Blood Draw,31,7,Clinic
Blood Test In Your Home,9,3,Clinic
Blood Test,154,4,Clinic
Clinique 360,18,1,Clinic
Blood Test Centre Near Me,52,2,Clinic
Blood Test Near Me,67,1,Clinic
Cdl laboratoire,75,3,Clinic
Blood Testing Services,163,11,Clinic
Biron,203,15,Clinic
Paternity Blood Test,6,2,Clinic
Genetic Blood Tests,15,1,Clinic
Revêtement Maison,451,9,Renovation
Revêtement Extérieur,252,1,Renovation
Entrepreneur Revêtement Extérieur,74,2,Renovation
Revêtement Exterieur Maison,246,1,Renovation
Recouvrement Exterieur,178,3,Renovation
Suspension Thetford Mines,5,1,Car Mechanic
Entreprise De Toiture,26,3,Roofer
Réparation de Toiture Bardeaux,3,1,Roofer
Installateur Ventilation,5,1,Hvac
Thermopompe Murale Prix,16,1,Hvac
Chauffage Central,1,1,Hvac
corporate video,2,1,Film Maker
Commercial Video Production Agency,5,1,Film Maker
video services,17,1,Film Maker
Toronto Video Production,29,1,Film Maker
Video Production Company,29,2,Film Maker
Agency Video Production,6,1,Film Maker
Restaurant Cleaning Company,3,1,Cleaning
Commercial Kitchen Cleaning,18,11,Cleaning
Media Production Companies,52,3,Film Maker
Film Production Agencies,69,5,Film Maker
Advertising Production Agencies,28,1,Film Maker
Janitorial Cleaning,127,13,Cleaning
Janitorial Cleaning Services,22,2,Cleaning
janitorial,36,5,Cleaning
cleaning services in calgary,108,2,Cleaning
Janitorial Services,50,2,Cleaning
Cleaning And Janitorial Services,215,13,Cleaning
cleaning services calgary,186,12,Cleaning
Ceiling Cleaning Services,18,1,Cleaning
Videographer Companies,13,3,Film Maker
Painters Near Me,5,1,Painter
Commercial Cleaning Service,227,20,Cleaning
cleaning contracts calgary,48,1,Cleaning
cleaning services in calgary,376,27,Cleaning
Building Maintenance,29,3,Cleaning
Commercial Window Cleaning,29,3,Cleaning
Commercial Carpet Cleaning,48,2,Cleaning
calgary cleaning services,12,2,Cleaning
Commercial Cleaning Company,38,1,Cleaning
best cleaning services calgary,4,3,Cleaning
cleaning services calgary,324,7,Cleaning
Contract Cleaning Companies,77,5,Cleaning
kitchen hood cleaning,6,2,Cleaning
Teeth Dental Clinic,147,1,Dentist
Dental Clinic Edmonton,162,1,Dentist
Dentist In Edmonton Alberta,42,1,Dentist
Walk In Dentist Near Me,4,1,Dentist
Agrandissement Maison,50,1,Renovation
Pose de revêtement Extérieur,129,4,Renovation
Revêtement Maison,764,7,Renovation
Transport De Cabanon,26,1,Transport
Déplacement De Cabanon,40,3,Transport
Transport Cabanon,26,2,Transport
Déménagement Cabanon,32,4,Transport
Transport De Roulotte,35,2,Transport
Déplacement Cabanon,11,1,Transport
Transport Machine,7,1,Transport
Transport Construction,8,1,Transport
Transport Par Camion,75,6,Transport
Service De Transport,917,18,Transport
Compagnie Transport,146,0.5,Transport
Compagnie De Transport,708,22.5,Transport
Cie De Transport,40,5,Transport
Toiture En Métal,5,1,Roofer
Entrepreneur En Toiture,11,1,Roofer
Transport Flat Bed,4,1,Transport
Transport Flatbed,12,1,Transport
Entrepreneur En Toiture,15,1,Roofer
Composite Decking,119,1,Landscaper
Patio Installation,22,1,Landscaper
PVC Decks,77,2,Landscaper
PVC Decking Cost,16,1,Landscaper
PVC Composite Decking,106,4,Landscaper
Deck Builders Ottawa,31,1,Landscaper
Gazon Synthétique Maison,13,2,Landscaper
Peinture Jeux Au Sol Cour De Récréation,2,1,Painter
Jeux Marquage Au Sol,8,3,Painter
Marquage Au Sol Cour De Récréation,22,3,Painter
Compagnie De Marquage,23,1,Painter
Entreprise Marquage Au Sol,25,4,Painter
Marquage Au Sol Usine,6,0.5,Painter
Marquage De Chaussée,106,8,Painter
Entreprise De Marquage Routier,42,5,Painter
Entreprise Marquage Au Sol Parking,5,2,Painter
Marquage Stationnement,100,6.5,Painter
Traçage De Ligne Stationnement,43,2,Painter
Peinture Marquage Au Sol Industriel,7,1,Painter
marquage parking,13,1,Painter
Marquage Au Sol Stationnement,70,6,Painter
Peinture Ligne Stationnement,34,4,Painter
Marquage Au Sol Industriel,16,0.5,Painter
marquage ligne stationnement,46,5,Painter
peinture ligne de stationnement,44,4,Painter
Lignage De Stationnement,35,5,Painter
Marquage De Stationnement,91,16.5,Painter
émondage des arbres,16,1.5,Tree Services
Service D Émondage,5,1,Tree Services
Émondage Arbre,12,0.5,Tree Services
entretien arbre,13,1,Tree Services
Prise De Sang St Jerome,112,8,Clinic
Prise de Sang Montréal,36,6,Clinic
Prise de sang Laurentides,8,1,Clinic
Prise de Sang,934,56.83,Clinic
Prises De Sang Terrebonne,36,3,Clinic
Prise De Sang Laval,118,5.33,Clinic
Laboratoire Pour Prise De Sang,35,4,Clinic
Cdl laboratoire,3,2,Clinic
Prise De Sang Privé,52,1.5,Clinic
Biron,160,15,Clinic
Prises De Sang Repentigny,29,1,Clinic
Prise De Sang Assurance,2,1,Clinic
Prise De Sang À Domicile Ramq,8,2.5,Clinic
Painter Halifax,10,2,Painter
Interior House Painter Near Me,2,1,Painter
PVC Fencing Installation,48,2.5,Landscaper
PVC Fence Ottawa,85,3,Landscaper
PVC Fence Ottawa,2,1,Landscaper
PVC Fencing Suppliers,45,4,Landscaper
PVC Fencing Suppliers,3,1,Landscaper
Fencing Company Ottawa,69,2,Landscaper
Ottawa Fence Company,140,10,Landscaper
ottawa fencing,19,2,Landscaper
Fencing Service,380,9.5,Landscaper
Fence Builders Ottawa,22,2,Landscaper
Fence Post Installation Ottawa,40,6,Landscaper
Fence Contractors Ottawa,47,2,Landscaper
Fence Contractors Ottawa,1,1,Landscaper
Fence Installation Ottawa,35,3,Landscaper
Fencing Service,27,4,Landscaper
post hole digging ottawa,16,1,Landscaper
Composite Fence,111,2,Landscaper
Composite Fencing,55,2,Landscaper
Toitures Bardeaux,80,2,Roofer
Toiture Rénovation,85,2,Roofer
renovation toiture,78,9,Roofer
Couvreur Toiture Métallique,6,1,Roofer
Toiture Métallique,42,4,Roofer
Toiture En Métal,5,2,Roofer
Toiture En Métal,253,6,Roofer
Toiture Métallique,102,6,Roofer
Revêtement Toiture Métallique,80,5,Roofer
Entrepreneur En Toiture,131,3,Roofer
Entrepreneur Toiture,121,11,Roofer
Toiture Chambly,39,3,Roofer
Couvreur Toiture,48,2,Roofer
Entrepreneur Toiture,3,1,Roofer
Entreprise De Toiture,74,1,Roofer
toiture brossard,3,1,Roofer
Couvreur Brossard,11,1,Roofer
Window Company,2,1,Doors & Windows
conseil avocat immobilier,23,2,Lawyer
conseils juridiques en immobilier,75,2,Lawyer
Avocat Droit Immobilier,60,4,Lawyer
Avocats Immobilier,133,9,Lawyer
avocat specialiste droit immobilier,45,2,Lawyer
avocat expert baux commerciaux,28,3,Lawyer
Meilleur Avocat Copropriété,73,3,Lawyer
avocat en droit de immobilier,155,5,Lawyer
avocat droit d immobilier,14,2,Lawyer
avocat immobilier,86,5,Lawyer
Avocat En Immobilier,122,10,Lawyer
conseiller juridique en immobilier,65,3,Lawyer
Avocat En Droit Immobilier,141,5,Lawyer
avocat commercial,143,9.5,Lawyer
Avocat Spécialisé En Droit Immobilier,11,1,Lawyer
Couper un Arbre,2,1,Tree Services
Couper un Arbre,8,2,Tree Services
Abattre Arbre,96,5,Tree Services
Abattre Arbre,6,2,Tree Services
Abattage D'arbre,20,6.5,Tree Services
Arbre À Abattre,66,8,Tree Services
elagage abattage arbre,5,1,Tree Services
Essouchage,3,1.5,Tree Services
enlever racine arbre,21,1,Tree Services
Essouchage Arbre,12,1,Tree Services
Essouchage,10,1,Tree Services
Enlever Souche Arbre Prix,8,1,Tree Services
Essouchage Arbre,31,7.5,Tree Services
Enlever Souche Arbre Prix,33,1,Tree Services
Déraciner Un Arbre,3,1,Tree Services
enlever souche arbre,15,3,Tree Services
Déraciner Une Souche,31,1,Tree Services
Déraciner Un Arbre,16,1,Tree Services
Suspension Thetford Mines,9,4,Car Mechanic
Suspension De Camion Lourd,2,2,Car Mechanic
Fabrication Radiateur,4,1,Car Mechanic
Fabrication Radiateur Aluminium,2,1,Car Mechanic
Alignement De Camion,3,1,Car Mechanic
Alignement Camion,6,2,Car Mechanic
Alignement Camion Lourd,7,2,Car Mechanic
Tailler Arbre,270,24,Tree Services
entretien arbre,390,23.5,Tree Services
Émondage,52,8,Tree Services
Émondeur,59,13.5,Tree Services
émondage des arbres,595,66.5,Tree Services
Emondage Expert,117,8,Tree Services
Service D Émondage,179,29.5,Tree Services
Émondage Arbre,532,65,Tree Services
arbre taille,94,7,Tree Services
Émondage Arbre,94,8,Tree Services
élagueur arbre,5,1,Tree Services
elagueur arbre,41,6,Tree Services
Élaguer Arbre,44,2,Tree Services
Couper Branches Arbre,52,5,Tree Services
entreprise elagage arbre,12,1,Tree Services
Élaguer Un Arbre,29,3,Tree Services
entreprise elagage arbre,42,7,Tree Services
Arboriste Élagueur,28,1,Tree Services
élagueur arbre,12,1,Tree Services
Élagage Des Arbres,32,1,Tree Services
Couper Branches,13,1,Tree Services
Élagueur,14,4,Tree Services
Fournisseur Outillage Industriel,1,1,Tools
Couvreur Toit Plat,14,2,Roofer
Toiture Toit Plat,58,1,Roofer
Couvreur Toiture Gatineau,68,2,Roofer
Toiture Outaouais,64,1,Roofer
Toiture Gatineau,126,4,Roofer
Couvreur Gatineau,153,5,Roofer
Roofers Near Me,94,3,Roofer
Roofers Ottawa,93,1,Roofer
Roofing Contractors Ottawa,67,2,Roofer
Flat Roof Contractors Near Me,10,1,Roofer
Réparation De Toiture Bardeaux,2,1,Roofer
Service Nettoyage Haute Pression,36,1,Cleaning
Entreprise De Nettoyage Tapis,119,1,Cleaning
Bathroom Contractors,126,7,Renovation
Bath Fitter Victoria,136,5,Renovation
Kitchen Remodel Contractors,2,1,Renovation
Kitchen Contractors,31,2,Renovation
Kitchen Remodelers,45,1,Renovation
Kitchen Renovation Company,12,1,Renovation
Renovation Contractor,45,2,Renovation
Home Renovation Services,42,5,Renovation
Renovation Company,41,2,Renovation
Home Remodeling,34,1,Renovation
Remodel Contractors,59,1,Renovation
Renovators Near Me,11,2,Renovation
Prise De Sang St Eustache,987,42.33,Clinic
Medfuture,48,8,Clinic
Prises De Sang Repentigny,390,22.5,Clinic
Clinique 360,43,2,Clinic
Clinique Privée Prise De Sang,240,7,Clinic
Prise De Sang Laval,1689,98.56,Clinic
Chirurgie Esthétique Nez,53,2,Clinic
Prélèvement De Sang,651,29.33,Clinic
Prise De Sang Privé,2377,202.17,Clinic
Prise De Sang À Domicile Laval,53,12,Clinic
Prélèvements Sanguins À Domicile,27,1,Clinic
Prise De Sang Au Privé,155,14.13,Clinic
Biron,5414,724.05,Clinic
Prise De Sang Ste Thérèse,176,5,Clinic
biron laval,186,31.17,Clinic
Prise Sang Domicile,391,59.83,Clinic
Ezlab,19,3,Clinic
Chirurgie Des Paupières,152,1,Clinic
biron brossard,202,34.75,Clinic
Prise De Sang À Domicile St Jerome,45,5.5,Clinic
Prise De Sang À Domicile,470,77.83,Clinic
Prise De Sang À La Maison,130,31.33,Clinic
Prise de Sang,18717,1289.23,Clinic
Prise De Sang St Jerome,1640,111.83,Clinic
Prise De Sang Rive Sud,130,5,Clinic
rendez-vous pour prise de sang,342,33.58,Clinic
Prise de Sang Biron,316,34.99,Clinic
Prélèvement Prise De Sang,2149,88,Clinic
Prélèvement Sanguin Laval,325,13.5,Clinic
Laboratoire Pour Prise De Sang,388,34,Clinic
Bilan Sanguin À Domicile,51,10.5,Clinic
Prélèvement Sanguin Privé,303,17.5,Clinic
Prélèvement Sanguin Montréal,62,2,Clinic
Prise de Sang Saint-Sauveur,274,34.17,Clinic
Prise De Sang Domicile,74,17,Clinic
Cdl laboratoire,203,41.67,Clinic
Prise de sang Laurentides,64,7.33,Clinic
Prises De Sang Terrebonne,576,41.67,Clinic
Infirmière Prise De Sang À Domicile,726,100.92,Clinic
Myrrha santé,19,6,Clinic
Prise De Sang Rapide,340,15.5,Clinic
Prise de Sang Montréal,636,40,Clinic
Prise De Sang En Entreprise,2,0.14,Clinic
Prise De Sang Assurance,90,7,Clinic
Prise De Sang À Domicile Ramq,181,30.33,Clinic
Prise De Sang À Domicile Gratuit,20,2,Clinic
Prise De Sang Ramq,245,30.5,Clinic
un drain francais,15,1,Excavator
Thermopompe Murale Prix,61,2,Hvac
Muret De Soutien,5,1,Excavator
Muret De Soutènement,116,2,Excavator
Climatiseur Mural,85,1,Hvac
Compagnie Excavation,232,9,Excavator
Excavation Terrassement,42,2,Excavator
Entrepreneur En Excavation,35,1,Excavator
excavation et terrassement,119,6,Excavator
Excavation Rive Sud,19,6,Excavator
Nivellement De Terrain,43,2,Excavator
nivelage de terre,12,1,Excavator
Niveler Un Terrain,14,3,Excavator
Entreprise De Terrassement,40,1,Excavator
Réfrigérateur Commercial,6,2,Hvac
Thermopompe Centrale,276,6.5,Hvac
Mitsubishi Thermopompe,42,5,Hvac
Thermopompe Murale,118,2,Hvac
thermopompe mitsubishi rimouski,14,2,Hvac
Thermopompes Mitsubishi,131,12.67,Hvac
Thermopompe Rimouski,90,10.33,Hvac
Rénovation De Cuisine,42,2,Renovation
Rénovation Cuisine,10,2,Renovation
Entreprise Rénovation,13,1,Renovation
Entrepreneur En Rénovation,19,2,Renovation
Compagnie De Rénovation,10,1,Renovation
Salle De Bain Rénovation,5,1,Renovation
Réparation Climatiseur,13,2,Hvac
Entretien Thermopompe,15,2,Hvac
Rénovation Sous Sol,7,1,Renovation
Rénovation Sous Sol Maison,8,1,Renovation
installation de thermopompe,12,1,Hvac
Thermopompe Murale Installation,9,0.5,Hvac
Installation Thermopompe,22,4,Hvac
Interior Designers,64,1.5,Home Designer
Interior Design Service,10,1,Home Designer
Interior Design In Ontario,4,0.5,Home Designer
Compresseur À Air Industriel,132,1,Car Mechanic
Compresseur Air Comprimé Industriel,317,4,Car Mechanic
Foreuse Puits,80,1,Car Mechanic
foreuse a vendre,41,1,Car Mechanic
Foreuse à Vendre,143,4,Car Mechanic
Équipement De Forage,519,12,Car Mechanic
Revêtement Maison,17,1,Renovation
Réparation Four Micro-Onde,48,2,Repair Household Items
Réparation Micro-Onde,34,2,Repair Household Items
Micro-Onde Réparation,30,1,Repair Household Items
Réparation Micro-Onde Panasonic,21,4,Repair Household Items
Réparation Micro-Onde Samsung,8,2,Repair Household Items
Dépannage Frigidaire,151,19,Repair Household Items
Réparation Frigidaire Lg,12,2,Repair Household Items
Réparation De Frigidaire,32,1,Repair Household Items
Réparation Frigidaire,38,3,Repair Household Items
Réparateur De Frigidaire,21,1.33,Repair Household Items
Réparateur Réfrigérateur,167,17,Repair Household Items
Clôture Maison Bois,122,3,Renovation
Réparation Four,59,7.5,Repair Household Items
Réparation Cuisinière Samsung,18,1,Repair Household Items
Réparation Four Électrique,23,2,Repair Household Items
Réparateur De Four,74,9,Repair Household Items
Réparateur De Laveuse À Domicile,150,18.5,Repair Household Items
Réparation Sécheuse,94,7.5,Repair Household Items
Réparateur De Sécheuse,98,9.83,Repair Household Items
Réparation Laveuse,120,10.5,Repair Household Items
Réparateur Laveuse Lg,30,4.33,Repair Household Items
Réparation Laveuse Maytag,64,2,Repair Household Items
Réparateur De Laveuse,152,14.33,Repair Household Items
Laveuse Whirlpool Réparation,28,3,Repair Household Items
Réparation Machine À Laver,57,3.67,Repair Household Items
Construction Patio,298,10,Renovation
Faire Un Patio En Bois,38,1,Renovation
Construire Patio Bois,15,1,Renovation
Dépannage Électroménager,108,8.17,Repair Household Items
Service De Réparation Électroménager,74,2.5,Repair Household Items
Réparation Petit Électroménager,644,43.87,Repair Household Items
Réparation Gros Électroménager,178,5.5,Repair Household Items
Service Réparation Électroménager,121,7,Repair Household Items
Réparation Appareil Électroménager,140,6,Repair Household Items
Électroménagers Réparation,110,8,Repair Household Items
Réparation Électroménagers,76,4,Repair Household Items
Réparateur Électroménager,641,81.47,Repair Household Items
Constructeur De Véranda,5,1,Renovation
Construction De Véranda,21,1,Renovation
Prothèse Dentaire,41,1,Dentist
Peintre Extérieur,25,2,Painter
Entreprise Peintre,33,3,Painter
Service De Peinture,85,4,Painter
Réparation Prothèse Dentaire Urgence,13,1,Dentist
Réparer Une Prothèse Dentaire,15,2,Dentist
Réparation Dentier,28,4,Dentist
Recherche Peintre Pour Particulier,15,1,Painter
Peintre Décoration,45,1,Painter
Peintre Intérieur,43,1,Painter
Faire Un Trophée Personnalisé,92,1,Trophy Builder
Trophée En Verre Personnalisé,25,1,Trophy Builder
Fabrication Trophée Sur Mesure,56,3,Trophy Builder
Trophée Sur Mesure,119,16.53,Trophy Builder
Trophée Personnalisé Cadeau,59,1,Trophy Builder
Trophée Personnalisé En Ligne,103,4.5,Trophy Builder
Trophée Personnalisé,456,8.08,Trophy Builder
Achat Trophée,497,16,Trophy Builder
Magasin Trophée,363,6,Trophy Builder
Trophée De Verre,36,1.25,Trophy Builder
Trophée Expert,61,3,Trophy Builder
Trophée Quebec,593,20.83,Trophy Builder
Trophée En Bois,39,2,Trophy Builder
Trophée Bois,23,1,Trophy Builder
Trophée Montreal,275,16,Trophy Builder
Trophée,448,24.23,Trophy Builder
Trophée Cadeau,77,5,Trophy Builder
Trophée Fabrication,55,3,Trophy Builder
Création Trophées,106,11,Trophy Builder
Fabrication De Trophée,51,1.25,Trophy Builder
Création De Trophées,21,3,Trophy Builder
Réalisation De Trophée,73,5.33,Trophy Builder
Fabrication Trophée,149,5.99,Trophy Builder
Fabricant De Trophée,148,11.5,Trophy Builder
Niveler Un Terrain,17,1,Excavator
Nivellement De Terrain,18,1,Excavator
Compagnie Excavation,250,11,Excavator
Excavation St Hyacinthe,24,5,Excavator
Excavation Terrassement,54,3,Excavator
Excavation Rive Sud,17,1,Excavator
Entrepreneur En Excavation,92,3,Excavator
Muret De Soutènement,77,1,Excavator
Abattage Des Arbres,142,9.33,Tree Services
Abattage Arbre Sherbrooke,145,21.67,Tree Services
Émondeur Magog,31,1,Tree Services
Émondeur,538,40,Tree Services
Émondage Sherbrooke,91,14,Tree Services
Émondeur Sherbrooke,71,11,Tree Services
Compagnie Émondage,57,6,Tree Services
Émondage Estrie,50,12,Tree Services
Service Émondage,35,3,Tree Services
Émondage Magog,49,12,Tree Services
emondeur sherbrooke,15,1,Tree Services
Émondage Arbre,56,1,Tree Services
Rent A Dumpster,37,1,Disposal
Dump Bin Rental,22,2,Disposal
Dumpster Bin Rental Near Me,4,0.5,Disposal
Dumpster Rental Hamilton,36,6,Disposal
Dumpster Rental,111,2,Disposal
Bin Rental,118,20,Disposal
Yard Bin Rental,16,2.5,Disposal
Scrap Bin Rental,58,7,Disposal
Yard Waste Bin Rental,34,4,Disposal
Bin Rental In Hamilton,71,26,Disposal
Rent A Bin Near Me,37,1,Disposal
Rent A Bin Disposal,62,8,Disposal
Bins For Rent Near Me,3,1,Disposal
hamilton junk,122,16,Disposal
Bin Rental Company,17,1,Disposal
Disposal Bin Rental,41,4,Disposal
Junk Bin Rental,102,14,Disposal
junk removal,49,4,Disposal
Junk Bins Rental,75,4,Disposal
Junk Bin Rental Hamilton,102,21,Disposal
Junk Removal Bin Rental,33,4,Disposal
junk removal service,62,6,Disposal
Concrete Bin Rental,5,1,Disposal
Construction Waste Bin Rental,3,2,Disposal
Couvreur De Toiture,10,1,Roofer
Réparation de Toiture,23,8,Roofer
Toiture Mascouche,4,1,Roofer
Entreprise Toiture,24,7,Roofer
Entrepreneur Toiture,1,1,Roofer
Junk Bin Rental,6,3,Disposal
Yard Waste Bin Rental,2,1,Disposal
Bin Rental,8,4,Disposal
Asphalte Réparation,11,2,Paving
Réparation Asphalte,54,4,Paving
Réparation Fissure Asphalte,30,2,Paving
Asphalte Stationnement,22,2,Paving
Asphaltage Entrée,39,4,Paving
Asphaltage Résidentiel,18,1,Paving
Entreprise Asphaltage,39,1,Paving
Asphaltage,6,2,Paving
Compagnie Asphaltage,73,2,Paving
Asphalte Resurfacage,12,3,Paving
Resurfacage Asphalte,108,9,Paving
Pavage Résidentiel,56,1,Paving
Entrée Asphalte Et Pavé,12,1,Paving
Entrée Asphalte Et Pavé Uni,10,2.5,Paving
Pavage Asphalte,360,34.5,Paving
Pavage Asphalte Rive Sud,26,7,Paving
Terrassement Excavation,78,4,Paving
Terrassement Rive-Sud,10,2,Paving
Drilling Equipment Repair,26,1,Car Mechanic
Air Compressor Repair Near Me,60,1,Car Mechanic
Air Compressor Repair Shops Near Me,76,1,Car Mechanic
Compressor Servicing,319,8,Car Mechanic
Rock Drill,18,1,Car Mechanic
Dth Drill,14,1,Car Mechanic
hydraulic parts near me,56,3,Car Mechanic
Hydraulic Parts For Sale,181,4,Car Mechanic
aménagement paysager rive sud,3,1,Excavator
mini excavation rive sud,4,1,Excavator
Mini Excavation,8,1,Excavator
Animal Hospital,19,3,Animal Clinic
Moulure Plafond,72,1,Wood
Moulure Bois,139,5.5,Wood
Mur Moulure,71,4,Wood
Moulure Porte,56,2,Wood
Moulure De Céramique,34,1,Wood
Moulure De Fenêtre Intérieur,48,1.5,Wood
Emergency Animal Hospital,3,1,Animal Clinic
Moulures Sur Mesure,79,4.5,Wood
Fabricant De Moulures,59,3,Wood
Moulure De Transition,74,2,Wood
Décoration Boiserie,45,1,Wood
Moulure Décorative,420,9.5,Wood
Boiseries,21,1,Wood
Moulure Murale,569,37,Wood
Cadrage De Fenêtre,109,3,Wood
Moulures,169,6,Wood
Cadrage De Porte Intérieur,89,2,Wood
Moulure Extérieur,70,4,Wood
location d outil trois rivieres,42,3,Tools
Outil Trois Rivières,106,4,Tools
Les Outils De Plomberie,11,1,Tools
Outillage Plomberie,50,3,Tools
Débouchage De Drain,7,1,Plumber
couvreur mascouche,2,1,Roofer
Toiture Couvreur,48,1,Roofer
couvreurs autour de moi,16,1,Roofer
Couvreur De Toiture,103,4,Roofer
Réparateur De Toit,32,1,Roofer
Réparateur De Toiture,19,1,Roofer
Réparation De Toiture,36,2,Roofer
Réparation Toiture,84,3,Roofer
toiture mascouche,10,1,Roofer
Entrepreneur En Toiture,153,6,Roofer
Installation Bardeau,27,1,Roofer
compagnie toiture,86,3,Roofer
Compagnie De Toiture,91,7,Roofer
Entreprise Toiture,65,1,Roofer
Toiture Repentigny,24,3,Roofer
Location Chapiteau,74,12,Tent Rental
Location De Tente Chapiteau,46,9,Tent Rental
location chapiteau longueuil,3,1,Tent Rental
location chapiteau rive-sud,21,2,Tent Rental
Entretien Thermopompe Murale,21,1,Hvac
entretien thermopompe murale,42,3,Hvac
Nettoyage De Thermopompe Murale,175,11,Hvac
Nettoyage De Thermopompe,90,2,Hvac
Entretien Thermopompe,231,13,Hvac
Nettoyage Thermopompe,41,1,Hvac
Nettoyage De Conduits,26,1,Hvac
Nettoyage Ventilation Maison,142,13,Hvac
Nettoyage De Conduits De Ventilation,78,4,Hvac
Nettoyage Ventilation,164,10,Hvac
conduit sécheuse nettoyage,12,1,Hvac
Nettoyage Sécheuse,17,1,Hvac
nettoyage sortie secheuse,36,1,Hvac
Nettoyage Tuyau Sécheuse,35,2,Hvac
nettoyage tuyaux secheuse,55,1,Hvac
Nettoyage Conduit Sécheuse,220,22,Hvac
nettoyage sortie de sécheuse,154,3,Hvac
Test Eau Potable,7,1,Well Drilling
Entretien Échangeur d'Air,247,15,Hvac
Nettoyage Échangeur d'Air,105,6,Hvac
Échangeur d'Air Nettoyage,28,1,Hvac
Prise De Sang Privé,32,4,Clinic
Prise De Sang Laval,31,3,Clinic
Biron,147,28,Clinic
Prise de Sang,334,38,Clinic
Cdl laboratoire,4,1,Clinic
rendez-vous pour prise de sang,2,1,Clinic
Prise de Sang Montréal,20,1,Clinic
Prise de Sang Saint-Sauveur,18,3,Clinic
Prise De Sang St Jerome,46,3,Clinic
Floor Refinishing,17,2,Painter
Hardwood Refinishing,35,1,Painter
Wood Floor Refinishing Near Me,22,1,Painter
Outdoor Painters Near Me,10,1,Painter
Residential Painting Contractor,12,1,Painter
Home Paint Service,20,4,Painter
home painters,9,0.5,Painter
Painting Companies Halifax,48,3,Painter
Professional Painting Services,21,0.5,Painter
Painting Contractors,45,3,Painter
Nettoyage De Graffiti,7,1,Cleaning
Lavage Haute Pression,28,2,Cleaning
Nettoyage Eau Pression,1,1,Cleaning
Lavage De Camion Lourd,5,1,Cleaning
Avocat En Immobilier,66,1.5,Lawyer
Meilleur Avocat Copropriété,35,1,Lawyer
Avocat Spécialisé En Droit Immobilier,143,4,Lawyer
avocat en droit de immobilier,526,5,Lawyer
Avocat Droit Immobilier,41,2,Lawyer
Avocat En Droit Immobilier,89,4,Lawyer
Avocats Immobilier,46,1,Lawyer
Avocat Spécialiste Droit Immobilier,191,4.5,Lawyer
Scrap Bin Rental,1,1,Disposal
Bins For Rent Near Me,1,1,Disposal
Dumpster Rental,6,1,Disposal
Junk Bin Rental,3,1,Disposal
paysagement extérieur,32,2,Landscaper
Aménagement Paysager,152,4,Landscaper
Amenagement Paysagiste,48,3,Landscaper
Amenagement Paysage,78,2,Landscaper
aménagement du paysage,38,1,Landscaper
aménagements paysagers,53,2,Landscaper
Paysagement Exterieur,59,2,Landscaper
Entrepreneur Excavation,124,6,Landscaper
Compagnie Excavation,39,1,Landscaper
Entreprise Excavation,15,2,Landscaper
Installation De Pavé Uni,8,1,Landscaper
elagueur arbre,7,2,Tree Services
plantation de haie de cedre,2,1,Tree Services
taille haie de cèdre prix,15,1,Tree Services
Déraciner Souche,4,1,Tree Services
pompe de puisard submersible,272,8.67,Plumber
Pompe Puisard Installation,298,17,Plumber
réparateur de pompe à eau,237,20.33,Plumber
Réparateur Pompe à Eau,99,10,Plumber
Plombier Terrebonne,473,91.83,Plumber
Entreprise Plombier,123,6,Plumber
Plombier Toilettes,46,5.67,Plumber
plomberie débouchage canalisation,15,1,Plumber
débouchage canalisation toilette,11,3,Plumber
Plombier Proche de Chez Moi,294,33,Plumber
plomberie terrebonne,23,3.5,Plumber
debouchage plomberie,10,1,Plumber
entreprise de plomberie,513,52.67,Plumber
Plombier Débouchage,30,3,Plumber
plombier,103,23,Plumber
service depannage plomberie,1043,140,Plumber
plomberie urgence,132,25,Plumber
Plombier Urgence,410,59.83,Plumber
SOS Plombier,254,38,Plumber
plombier 24h,42,7,Plumber
Plombier Urgence 24h,56,10,Plumber
Plombier 24h,24,8,Plumber
Urgence Plombier,55,5,Plumber
depannage plomberie,291,17.5,Plumber
Prise De Sang Privé,30,2,Clinic
Prise de Sang,915,100,Clinic
Biron,135,17.33,Clinic
biron laval,13,1,Clinic
Cdl laboratoire,15,2,Clinic
Prise de Sang Montréal,10,2,Clinic
Prise De Sang St Jerome,29,2.67,Clinic
rendez-vous pour prise de sang,26,1,Clinic
Laboratoire Pour Prise De Sang,20,1,Clinic
Construction Patio,101,3,Renovation
Clôture Maison Bois,58,1,Renovation
Construire Patio Bois,6,2,Renovation
Terrasse Bois Construction,6,1,Renovation
Prothèse Dentaire Implant,142,2,Dentist
Implant Dentaire Complet,37,1,Dentist
Prothèse Amovible Partielle,16,1,Dentist
Prothèses Amovibles Dentaires,35,1,Dentist
Prothèse Dentaire Amovible,63,1,Dentist
Prothèse Amovible Dentaire,13,1,Dentist
Prothèse Dentaire,1027,40,Dentist
Prothèse Dentaire Complète,100,2,Dentist
Réparation De Prothèses Dentaires,31,2,Dentist
Réparation Dentier,149,22.5,Dentist
Réparation Prothèse Dentaire Urgence,68,13.5,Dentist
Réparer Une Prothèse Dentaire,184,24.67,Dentist
Prothèse Dentaire Partiel,188,12,Dentist
Prothèse Partielle Amovible,66,2,Dentist
Thermopompes Mitsubishi,10,1,Hvac
Thermopompe Murale,29,1,Hvac
Mitsubishi Thermopompe,4,1,Hvac
Janitorial Cleaning,11,2,Cleaning
Cleaning And Janitorial Services,17,2,Cleaning
cleaning contracts calgary,11,1,Cleaning
cleaning services calgary,26,4,Cleaning
Commercial Cleaning Service,21,2,Cleaning
cleaning services calgary,37,4,Cleaning
cleaning services in calgary,19,2,Cleaning
cleaning contracts calgary,7,1,Cleaning
Commercial Carpet Cleaning,5,2,Cleaning
Moulure Plafond,12,1,Wood
Moulure Bois,14,1,Wood
Moulures Sur Mesure,3,1,Wood
Fabricant De Moulures,2,2,Wood
Moulures,13,1,Wood
Moulure Haut De Mur Ventilé,1,1,Wood
Moulure Murale,35,1,Wood
Couvreur De Toiture,7,1,Roofer
Installation Bardeau,3,3,Roofer
Compagnie De Toiture,7,1,Roofer
débouchage tuyau,7,1,Plumber
débouchage de drain,5,1,Plumber
débouchage drain,7,1,Plumber
déboucher tuyau,2,4,Plumber
Débouchage De Drain,3,6,Plumber
Réparation Toiture,14,1,Roofer
réparateur toiture,4,4,Roofer
Entreprise Réparation Toiture,5,1,Roofer
Nivellement De Terrain,215,20.5,Excavator
Nivelage Terrain,39,1,Excavator
Nivellement Terrain,62,5,Excavator
Nivelage De Terrain,62,5,Excavator
drain francais,13,1,Excavator
pose de pavé uni,2,1,Excavator
Compagnie De Terrassement,30,2,Excavator
Terrassement Extérieur,89,5,Excavator
Entreprise De Terrassement,58,2,Excavator
Terrassement Rive Sud,16,1,Excavator
Terrassement Paysager,142,13.5,Excavator
Excavation Terrassement,51,1,Excavator
Mur de Soutènement en Pierre,65,3,Excavator
Mur de Soutènement Jardin,147,4,Excavator
Mur de Soutènement,229,13,Excavator
Mur de Soutènement Béton,93,12,Excavator
mini excavation rive sud,20,1,Excavator
Aménagement Paysager Cours Arrière,38,1,Excavator
aménagement paysager rive sud,20,5,Excavator
Mini Excavation,155,20,Excavator
cleaning services in calgary,25,2,Cleaning
Commercial Cleaning Service,9,4,Cleaning
Janitorial Cleaning,7,2,Cleaning
cleaning services in calgary,3,1,Cleaning
prise de sang domicile laval,95,4.2,Clinic
Prise De Sang À La Maison,282,68.5,Clinic
Prise de Sang À Domicile Montréal,56,11,Clinic
prise de sang maison,69,15.51,Clinic
Prise De Sang À Domicile,1267,234.67,Clinic
Prise Sang Domicile,324,45.67,Clinic
Infirmière Prise De Sang À Domicile,494,76.17,Clinic
Prise De Sang Domicile,2507,386.52,Clinic
Prise De Sang À Domicile Laval,172,32,Clinic
Bilan Sanguin À Domicile,216,37.67,Clinic
Test Sanguin à Domicile,10,1.5,Clinic
prise de sang à domicile joliette,4,1,Clinic
prise de sang domicile laval,55,12,Clinic
Prise De Sang À Domicile St Jerome,109,9,Clinic
émondage des arbres,33,3,Tree Services
Émondage Arbre,54,9,Tree Services
Service D Émondage,12,1,Tree Services
entretien arbre,36,2,Tree Services
Émondage Arbre,2,1,Tree Services
Window And Door Company,13,3,Doors & Windows
Door Installation Service,4,0.5,Doors & Windows
Door Installation,4,0.5,Doors & Windows
Door Company,5,1,Doors & Windows
Replacement Windows,7,1,Doors & Windows
Home Window Service,3,1,Doors & Windows
Window Company,13,3,Doors & Windows
Canadian Casinos,1687,3.25,Casino
Casino Kahnawake,2498,5,Casino
Kahnawake Casino,1183,0.67,Casino
Casino Gambling,705,1,Casino
Entrepreneur General Residentiel,27,7,Renovation
Entreprise Rénovation,10,1,Renovation
Contracteur Rénovation,11,1,Renovation
Entrepreneur En Rénovation,28,3,Renovation
Entrepreneur Rénovation,15,1,Renovation
Entreprise De Rénovation,23,2,Renovation
Rénovation Entrepreneur,4,1,Renovation
Toitures Bardeaux,41,1,Roofer
couvreur toiture,7,1,Roofer
Membranes Élastomères,11,1,Roofer
Ottawa Landscaping Services,46,3,Landscaper
Landscaping Ottawa,39,2,Landscaper
Landscaping Services,70,1,Landscaper
Ottawa Landscape Architects,6,2,Landscaper
Ottawa Landscaping Companies,15,2,Landscaper
Landscape Design,59,2,Landscaper
Local Interior Designers,4,1,Home Designer
Interior Designers,561,6,Home Designer
Interior Designer Consultation,14,1,Home Designer
Professional Interior Designer,99,1.5,Home Designer
Canadian Interior Designers,30,2.5,Home Designer
Best Interior Designers,24,1,Home Designer
Interior Designers In Ontario,23,1,Home Designer
Terrasse Gazon Synthétique,706,50.5,Landscaper
Gazon Synthétique Balcon,294,17,Landscaper
Gazon Synthétique Maison,275,20.5,Landscaper
Interior Design In Ontario,51,5,Home Designer
Interior Design Company,266,5,Home Designer
Interior Design Service,75,2,Home Designer
Commercial Interior Designers,10,1,Home Designer
Commercial Space Designer,6,1,Home Designer
Pose Pelouse Synthétique,10,1,Landscaper
Pose De Gazon Synthétique,41,6,Landscaper
Pose Gazon Synthétique,137,9.5,Landscaper
Installation Gazon Synthétique,93,7,Landscaper
Gazon Synthétique Soccer,44,5,Landscaper
Gazon Synthétique Foot,17,2,Landscaper
Gazon Synthétique Terrain De Foot,18,1,Landscaper
Terrain De Foot Gazon Synthétique,44,1,Landscaper
Gazon Synthétique Intérieur,25,1,Landscaper
Gazon Synthétique Sport,68,4.33,Landscaper
Pelouse Synthétique,386,25,Landscaper
Gazon Synthétique Extérieur,225,9,Landscaper
Faux Gazon Extérieur,89,2.17,Landscaper
Gazon Synthétique À Vendre,209,5,Landscaper
Gazon Synthétique Garderie,12,1,Landscaper
Gazon Synthétique Sur Mesure,38,4.33,Landscaper
Green De Golf Synthétique,83,3,Landscaper
Fournisseur Gazon Synthétique,31,3.5,Landscaper
Gazon Synthétique,1382,76.17,Landscaper
Essouchage Arbre,54,2,Tree Services
Enlèvement Souche Arbre,6,1,Tree Services
Coupe Arbre,16,1,Tree Services
coupe arbre,8,1,Tree Services
faire abattre un arbre,16,3,Tree Services
arbre abattage,17,2,Tree Services
Abattage Des Arbres,36,1,Tree Services
Abattage Arbres,45,3,Tree Services
abattage bois,2,1,Tree Services
Abattre Un Arbre,24,2,Tree Services
Haie De Cedre Taille,4,2,Tree Services
Taillage Haie,20,1,Tree Services
taille haie de cèdre,47,2,Tree Services
taille de haies de cèdre,11,1,Tree Services
entretien haie,3,1,Tree Services
taillage des haies,57,4,Tree Services
emondage,20,1,Tree Services
elagueur arbre,96,3,Tree Services
émondage des arbres,21,1,Tree Services
Élaguer Arbres,47,1,Tree Services
arbre élagage,20,1,Tree Services
élagueur arbre,11,1,Tree Services
émondage,13,1,Tree Services
Émondage Arbres,50,2,Tree Services
location de tente pour événement,90,7,Tent Rental
location tente événement,94,9,Tent Rental
Tente De Réception,34,1,Tent Rental
Location Tente Événement,35,2.5,Tent Rental
Location Tente,24,1,Tent Rental
Chapiteau à Louer,79,12,Tent Rental
Chapiteau Location,778,72.5,Tent Rental
Location Chapiteau,703,87,Tent Rental
location chapiteau longueuil,55,14,Tent Rental
Location Tente Chapiteau,86,8,Tent Rental
Chapiteaux 10x10,6,0.25,Tent Rental
location chapiteau rive-sud,187,41.5,Tent Rental
Location De Tente Chapiteau,1847,206.75,Tent Rental
Location De Chapiteau,48,3.5,Tent Rental
Location Chapiteau Mariage,255,7,Tent Rental
Peinture Résidentielle,17,0.5,Painter
Peintre Intérieur,3,0.5,Painter
Thermopompe Rimouski,48,4,Hvac
installation de thermopompe,6,1,Hvac
Installateur de Thermopompe,21,3,Hvac
Concrete Walkway Contractors,27,1,Concrete
Concrete Sidewalk Contractors,47,4,Concrete
Concrete Walkways Near Me,8,3,Concrete
Sidewalk Concrete Contractors,55,4.5,Concrete
Curb And Sidewalk Contractors,10,2,Concrete
Sidewalk Contractors,53,2,Concrete
Concrete Driveway Contractors,74,6,Concrete
concrete driveway edmonton,423,34.5,Concrete
Concrete Driveway Companies,191,16,Concrete
Concrete Driveways Near Me,21,1.5,Concrete
Concrete Driveway Installation,41,3,Concrete
Driveway Builders,52,3,Concrete
Driveway Services Near Me,10,1,Concrete
Driveway Company,179,9.5,Concrete
Driveway Contractor,83,13,Concrete
Analyse Eau Potable Particulier,23,4,Well Drilling
Faire Analyser Eau De Puit,31,1.5,Well Drilling
Eau Potable Analyse,14,3,Well Drilling
Test Eau Potable,128,6.5,Well Drilling
Réparation Pompe À Eau Puit,34,2,Well Drilling
Réparation Pompe À Eau,37,2,Well Drilling
Réparation Pompe Puit,11,3,Well Drilling
Installation Pompe Puit,18,2,Well Drilling
Pompe A Puit Artésien,45,3,Well Drilling
Pompe Puit Artésien Prix,7,1,Well Drilling
litige de construction,29,1,Lawyer
consultation avocat en ligne,257,13.5,Lawyer
avocats construction,10,1,Lawyer
Avocat En Droit De La Construction,19,1,Lawyer
Avocat Spécialisé Construction,163,1,Lawyer
avocat en droit de construction,175,1,Lawyer
Meilleur Avocat Droit Construction,9,1,Lawyer
avocat construction,13,2,Lawyer
avocats urbanisme,47,1,Lawyer
avocat spécialisé en vice caché,826,5,Lawyer
mise en demeure vice caché,16,2,Lawyer
Avocat Vice Caché Immobilier,42,6,Lawyer
Avocat Pour Mise En Demeure,44,4,Lawyer
Terrasse Gazon Synthétique,29,5,Landscaper
Clôture Bois Composite,63,4,Landscaper
Clôture Composite,281,20.25,Landscaper
Clôture En Composite,170,13.75,Landscaper
Clôture Maille De Chaine,406,26.5,Landscaper
Clôture Maille De Chaîne Installation,31,7.5,Landscaper
Clôture En Maille De Chaine,27,0.5,Landscaper
Clôture En Fer Forgé,56,3,Landscaper
Clôture Fer Forgé,116,6,Landscaper
Clôture Ornementale Aluminium,157,9,Landscaper
Clôture Fer Forgé Moderne,9,1,Landscaper
Installation Clôture Frost,176,18.5,Landscaper
Clôture Frost Installation,58,8,Landscaper
Installation De Clôture Frost,34,7,Landscaper
Installateur De Clôture Frost,106,15,Landscaper
Test De Fumée Plomberie,30,6,Plumber
Test De Fumée Rat,16,1,Plumber
Caméra Pour Tuyau,26,1,Plumber
Inspection De Drain Par Caméra,9,0.5,Plumber
Débouchage Tuyau,78,1,Plumber
Débouchage De Drain,341,34,Plumber
Sussex Vet Clinic,1,1,Animal Clinic
Sussex Veterinary Clinic,3,1,Animal Clinic
Veterinary Clinic,14,1,Animal Clinic
Veterinary Doctor,17,1,Animal Clinic
Animal Hospital,8,1,Animal Clinic
Pet Vet Animal Hospital,13,1,Animal Clinic
Animal Hospital Sussex,3,1,Animal Clinic
Vet Hospital Near Me,2,1,Animal Clinic
Animal Emergency,4,2,Animal Clinic
Toiture L'Assomption,8,1,Roofer
Compagnie De Toiture,67,4,Roofer
Entreprise Toiture,52,3,Roofer
Entreprise De Toiture,108,4,Roofer
Entrepreneur Toiture,16,2,Roofer
Rénovation De Toiture,48,2,Roofer
Installation De Toiture,50,1,Roofer
Rénovation Toiture,9,1,Roofer
Couvreur De Toiture,251,23,Roofer
Réparateur de Toit,71,4,Roofer
Réparation Toiture,29,1,Roofer
Réparation de Toiture,52,3,Roofer
Pavage Asphalte,30,2,Paving
Resurfacage Asphalte,9,1,Paving
Des Plans Architecture,44,2,Home Designer
Plan Architecte Maison,30,1,Home Designer
Technologue En Architecture,66,6,Home Designer
Consultation Architecte,7,1,Home Designer
Interlocking Stones Near Me,17,1,Landscaper
Interlock Paving Company,11,1,Landscaper
Interlocking Paving,92,3,Landscaper
Interlocking Stones,25,2,Landscaper
Landscape Services,392,10,Landscaper
Landscaping Ottawa,265,4,Landscaper
Landscaping Services Near Me,204,10,Landscaper
Landscaping Services Near Me,29,1,Landscaper
Landscape Services,504,13,Landscaper
Affordable Landscaping Near Me,40,1,Landscaper
Landscaping Ottawa,384,27.5,Landscaper
Driveway Contractor,34,6.5,Landscaper
Interlock Driveway Ottawa,9,1,Landscaper
Landscape Contractors Near Me,48,1,Landscaper
Landscape Installers,50,4,Landscaper
Landscape Expert,27,1,Landscaper
Landscaping Companies Near Me,10,2,Landscaper
Best Landscapers Near Me,18,1,Landscaper
Landscape Installers,47,1,Landscaper
Landscaping Contractor,138,7,Landscaper
Company Landscape,288,30,Landscaper
Essouchage Arbre,15,7,Tree Services
Élaguer Arbre,11,2,Tree Services
Élagages,90,15,Tree Services
Tailleur De Haie De Cèdre,9,2,Tree Services
Abattage Arbre,28,7.67,Tree Services
Abattage Des Arbres,34,1.33,Tree Services
Couper Les Arbres,45,8,Tree Services
Emondage,24,3,Tree Services
Emondeur,42,10,Tree Services
Mini Excavation,278,2,Excavator
Excavation Paysagement,221,3,Excavator
Denture And Implant Centre,38,0.5,Dentist
Denture Implants,56,1,Dentist
Dentures And Implants,129,4,Dentist
Denture Implants Near Me,27,3,Dentist
Denture Clinic,10,2,Dentist
Denture Care Center,112,8.5,Dentist
Denture Clinic Near Me,325,38.5,Dentist
Denture Clinic Lethbridge,312,23.5,Dentist
Denturist Lethbridge,180,18.5,Dentist
Denturist,10,2,Dentist
Find A Denturist,48,7.5,Dentist
Denture Lining,15,1,Dentist
Denture Reline Near Me,2,0.5,Dentist
Fix Dentures Near Me,1,2,Dentist
Denture Repair,6,2.5,Dentist
Roofers near me,15,1,Roofer
best roofing company near me,4,2,Roofer
Inspection Préachat,40,2,Home Inspection
Inspection De Maison Avant Achat,39,4,Home Inspection
Inspecteur De Maison,84,2,Home Inspection
Inspecteur Résidentiel,99,1,Home Inspection
Inspection Bâtiment,13,1,Home Inspection
Inspection De Maison,53,1,Home Inspection
Excavation Rive Sud,49,4,Excavator
Excavation St Bruno,6,1,Excavator
Entreprise Excavation,73,2,Excavator
Travaux D Excavation,132,5,Excavator
Entreprise En Excavation,23,1,Excavator
Excavation Boucherville,5,1,Excavator
Nivellement De Terrain,42,2,Excavator
Réparer Égouts,7,1,Excavator
Fosse Septique Rive Sud,9,1,Excavator
Compagnie Fosse Septique,19,2,Excavator
Custom Made Trophies Near Me,36,1,Trophy Builder
Custom Made Trophy,20,1,Trophy Builder
Trophy Custom Made,94,1,Trophy Builder
Trophy Company Near Me,16,1,Trophy Builder
Deal Tombstones,12,1,Trophy Builder
Trophy Plaques,103,1,Trophy Builder
Purchase Trophy,266,2,Trophy Builder
Glass Awards,23,1,Trophy Builder
Réparateur De Toit,14,1,Roofer
Entrepreneur En Toiture,26,2,Roofer
Compagnie Toiture,23,3,Roofer
Prothèse Dentaire Partiel,185,5,Dentist
Prothèse Partielle Amovible,98,3,Dentist
Prothèse Dentaire Amovible,86,8,Dentist
Prothèse Dentaire,894,32,Dentist
Prothèse Dentaire Complète,92,3,Dentist
Salle De Bain Rénovation,12,1,Plumber
Installation Plomberie Salle De Bain,24,1,Plumber
renovation salle bain,62,2,Plumber
Plombier Rénovation,25,1,Plumber
Réparation De Prothèses Dentaires,60,4,Dentist
Réparer Une Prothèse Dentaire,95,12.75,Dentist
Réparation Prothèse Dentaire Urgence,61,11.5,Dentist
Réparation Dentier,211,19.08,Dentist
Terrace Construction,8,1,Renovation
Wood Fence Company,11,2,Renovation
Wood Fencing Company,1,1,Renovation
Patio Construction,79,3,Renovation
Patio Builder,17,2,Renovation
Patio Installation,34,1,Renovation
Decking For Patio,278,3,Renovation
Building A Patio Deck,80,2,Renovation
Wood Deck Installation Cost,4,1,Renovation
Abattage D'arbre,3,1,Tree Services
Émondage Arbre,3,1,Tree Services
Inspection De Maison Avant Achat,6,1,Home Inspection
Inspection De Maison,16,1,Home Inspection
Inspecteur Bâtiment,3,2,Home Inspection
Personal Injury Lawyer,28,1,Lawyer
injury lawyer,41,3,Lawyer
Personal Injury Attorney,70,2,Lawyer
Architecte Spécialisé En Rénovation,4,1,Home Designer
Architecte Rénovation,49,2,Home Designer
Technologue En Architecture Rive Sud,7,2,Home Designer
Technologue En Architecture,114,11,Home Designer
Service Architecte,49,1,Home Designer
Architecte Rive sud,15,4,Home Designer
Consultation Architecte,149,10,Home Designer
Rénovation Cuisine,46,2,Renovation
Refaire Cuisine,92,8,Renovation
Réparer Une Prothèse Dentaire,5,1,Dentist
Réparation Prothèse Dentaire Urgence,7,0.42,Dentist
Réparation Dentier,6,1,Dentist
Réparation De Prothèses Dentaires,16,2.75,Dentist
Rénovation Salle De Bain,68,2,Renovation
Rénovation De Salle De Bain,54,1,Renovation
Rénovation Douche,21,1,Renovation
Prothèse Dentaire,114,3,Dentist
Sous Sol Rénovation,12,1,Renovation
Prothèse Dentaire Partiel,16,1,Dentist
Installation De Toiture,96,6,Roofer
Pose De Bardeau,10,1,Roofer
Réparation Toiture,110,14,Roofer
Toiture Réparation,23,1,Roofer
Réparateur De Toit,89,8,Roofer
Réparation De Toiture,12,1,Roofer
Rénovation de Toiture,15,1,Roofer
Réfection De Toiture,165,9.5,Roofer
Compagnie Toiture,147,8,Roofer
Entrepreneur En Toiture,300,17.5,Roofer
Denture Clinic,1,1,Dentist
Denture Care Center,12,1,Dentist
Denture Clinic Lethbridge,22,5,Dentist
Denturist Lethbridge,5,1,Dentist
Inspection Thermique Québec,40,16,Home Inspection
Inspection Thermique Québec,33,7,Home Inspection
Rénovation Sous Sol,43,1,Renovation
Entreprise Rénovation Salle De Bain,63,2,Renovation
Rénover Une Salle De Bain,160,3,Renovation
Salle De Bain Rénovation,52,2,Renovation
Entrepreneur Général Salle De Bain,14,1,Renovation
Rénovation De Cuisine,147,1,Renovation
Entreprise Rénovation,58,3,Renovation
Entrepreneur En Rénovation,40,0.5,Renovation
Entreprise De Rénovation,100,2,Renovation
Rénovation Entrepreneur,48,3,Renovation
Entrepreneur Général Résidentiel,52,1,Renovation
Entrepreneur Rénovation,75,4.5,Renovation
Entrepreneur En Rénovation,20,2,Renovation
Entreprise Rénovation,8,1,Renovation
Entreprise De Toiture,10,1,Roofer
Toiture En Métal,32,2,Roofer
Transport Construction,3,1,Transport
Transport Par Camion,50,2,Transport
Compagnie Transport,66,2,Transport
Compagnie De Transport,763,26,Transport
Menuisier Porte Bois,21,5,Doors & Windows
Menuisier Fenetre Bois,43,9,Doors & Windows
Menuiserie Ancestrale,26,3,Doors & Windows
Window And Door Company,348,23.5,Doors & Windows
Best Window And Door Company,107,4.5,Doors & Windows
Custom Windows And Doors,134,2,Doors & Windows
Fabrication Fenêtre Bois Sur Mesure,6,1,Doors & Windows
Fenêtre Ancestrale,26,2,Doors & Windows
Fenêtre En Bois Sur Mesure,11,3,Doors & Windows
Fenêtre Bois Sur Mesure,51,9,Doors & Windows
Fabricant Fenêtres en Bois,7,1,Doors & Windows
Door Installation Company,7,1,Doors & Windows
Door Company,256,8,Doors & Windows
Door Installation,181,3,Doors & Windows
Door Service Company,49,3,Doors & Windows
Door Services Near Me,17,3,Doors & Windows
Moulure Sur Mesure,53,1,Doors & Windows
Porte Sur Mesure Bois,29,1,Doors & Windows
Fabricant Porte en Bois,23,2,Doors & Windows
Porte Ancestrale,86,1,Doors & Windows
Porte En Bois Sur Mesure,18,1,Doors & Windows
Porte En Bois Extérieur Sur Mesure,7,1,Doors & Windows
Porte Sur Mesure En Bois,99,10,Doors & Windows
Window Company,175,13,Doors & Windows
Window Installation Company,27,1,Doors & Windows
Window Installation,70,1,Doors & Windows
Window Service,41,1,Doors & Windows
Window Replacement Near Me,45,2,Doors & Windows
Replacement Windows,297,7,Doors & Windows
Toiture Bardeaux Asphalte,32,1,Roofer
Toitures Bardeaux,119,2,Roofer
bardeau d asphalte,106,1,Roofer
Membrane Élastomère Toiture,49,2,Roofer
Toiture Toit Plat,68,2,Roofer
toiture lévis,8,1,Roofer
couvreur toiture,90,1,Roofer
Prise De Sang À Domicile,17,2,Clinic
Bilan Sanguin À Domicile,10,1,Clinic
Prise De Sang À La Maison,8,2,Clinic
Réparation camions lourds,15,1,Car Mechanic
Service Mécanique Mobile,40,1.5,Car Mechanic
Service Routier,33,6,Car Mechanic
Mécanique Mobile,101,25,Car Mechanic
Service Routier,204,23.5,Car Mechanic
Service Mécanique Mobile,36,3,Car Mechanic
Cleaning And Janitorial Services,23,2,Cleaning
Garagiste Automobile,428,33,Car Mechanic
Mécanique Automobile,63,2.5,Car Mechanic
Réparation Automobile,124,5.33,Car Mechanic
Garage Réparation Auto,665,42.17,Car Mechanic
Contract Cleaning Companies,3,1,Cleaning
Commercial Cleaning Service,4,1,Cleaning
Installateur De Clôture Frost,49,8,Landscaper
Installation Clôture Frost,13,1,Landscaper
clôture frost installation,269,36,Landscaper
Clôture Maille De Chaîne Installation,16,1,Landscaper
installation clôture maille,87,13,Landscaper
Clôture Maille De Chaine,31,1,Landscaper
clôture maille installation,19,2,Landscaper
Fuite Urinaire,237,1,Clinic
Incontinence Urinaire Femme,113,1,Clinic
Traitement Incontinence Urinaire,179,4,Clinic
Opération Du Nez,8,2,Clinic
Recoller Les Oreilles,91,1,Clinic
Chirurgie Visage,1011,9,Clinic
Opération Paupière,117,4,Clinic
Lifting Visage,64,2,Clinic
Chirurgie Oreilles Décollées,120,5,Clinic
Chirurgie Oreille,85,1,Clinic
Chirurgie Esthétique Nez,411,1,Clinic
Chirurgie Des Paupières,961,13.73,Clinic
Chirurgie Esthétique Visage,220,1,Clinic
Remodelage Du Corps,155,2,Clinic
Emsculpt Neo,95,1.33,Clinic
Remodelage Fessier,279,1,Clinic
Emscultp,112,3.67,Clinic
Remodelage Ventre,435,1,Clinic
Remodelage Des Cuisses,83,1,Clinic
Sidewalk Installers,2,1,Concrete
Concrete Walkways Near Me,3,1,Concrete
Concrete Sidewalk Contractors Near Me,3,2,Concrete
Concrete Sidewalk Contractors,4,2,Concrete
Concrete Driveway Companies,10,3,Concrete
Concrete Driveway Contractors,12,2,Concrete
concrete driveway edmonton,19,3,Concrete
Concrete Driveways Near Me,5,1,Concrete
Service De Lavage Haute Pression,302,26.5,Cleaning
Nettoyage Haute Pression,172,10.5,Cleaning
Lavage Haute Pression,38,1,Cleaning
lavage à pression prix,3,3,Cleaning
Nettoyage De Bâtiments,875,47,Cleaning
Nettoyage À Pression,337,23,Cleaning
Lavage De Camion Lourd,67,3,Cleaning
Lavage Camion Lourd,44,1.5,Cleaning
Lavage Poids Lourds,23,6,Cleaning
Camion Lavage Haute Pression,14,0.5,Cleaning
Lavage Camion,348,11,Cleaning
Nettoyage Camion,69,2,Cleaning
Entreprise Nettoyage Graffiti,11,5,Cleaning
Nettoyage Tag,38,6,Cleaning
enlever graffiti,71,8.5,Cleaning
Nettoyage Graffiti,59,9,Cleaning
Enlever Des Graffitis,36,9.5,Cleaning
Analyse Adn,101,6,Clinic
Test Génétique,52,4,Clinic
Adn Test,33,1,Clinic
Réparation De Toit,106,6,Roofer
Réparation De Toiture Bardeaux,17,1,Roofer
réparateur toiture,51,3,Roofer
Analyses Hba1c,70,1,Clinic
Prise De Sang Diabète,355,20.5,Clinic
Glycémie Prise De Sang,328,9,Clinic
Test Glycémique,839,53,Clinic
Glucose Prise De Sang,238,11.5,Clinic
toiture toit plat,61,1,Roofer
entreprise de toiture,76,3,Roofer
entrepreneur couvreur,130,2,Roofer
toit plat membrane élastomère,52,1,Roofer
Entrepreneur En Toiture,120,8,Roofer
Compagnie De Toiture,20,1,Roofer
Compagnie Toiture,105,6,Roofer
Entreprise Toiture,393,7,Roofer
contracteur toiture,8,1,Roofer
Test ITS,413,28.33,Clinic
Dépistage ITS,370,26.33,Clinic
clinique de depistage itss,126,11,Clinic
test de dépistage itss,249,11,Clinic
Test Dépistage ITSS,114,4,Clinic
Clinique Dépistage ITSS,73,4,Clinic
clinique de dépistage itss,157,4,Clinic
Dépistage ITSS,415,20.33,Clinic
membranes élastomères,100,2,Roofer
Rénovation Toiture,93,2,Roofer
Pose De Bardeau,72,1,Roofer
installation membrane toiture,25,1,Roofer
Test Allergie Alimentaire Privé,13,3,Clinic
Prise De Sang Allergie,31,5,Clinic
Test Allergie Privé,526,91,Clinic
Dépistage Allergie,129,16.5,Clinic
Test Allergie Maison,21,5,Clinic
Allergie Prise De Sang,245,22,Clinic
Test Allergie,239,23.5,Clinic
Intolérance Alimentaire Test,100,3,Clinic
Examen Sanguin,6534,491.12,Clinic
Test Sanguin,101,2,Clinic
Test de Sang,304,12.83,Clinic
Analyse De Sang À Domicile,718,78.42,Clinic
Test Prénatal,88,2,Clinic
Dépistage Prénatal,82,4,Clinic
Test De Paternité Prénatal,90,4,Clinic
Test ADN Fœtal,108,3,Clinic
Test Paternité Prénatal,47,2,Clinic
Test Génétique Prénatal,123,8,Clinic
Test Dépistage Prénatal,1270,75.5,Clinic
Suspension Pneumatique Pour VR,47,4.5,Car Mechanic
roulotte reparation,78,3,Car Mechanic
Suspension VR,106,2.5,Car Mechanic
reparation vr,40,1,Car Mechanic
reparateur de vr,45,1,Car Mechanic
Suspension De Roulotte,33,1,Car Mechanic
Suspension Roulotte,96,3,Car Mechanic
Suspension Camion Lourd,24,2.5,Car Mechanic
Suspension De Camion,294,8.5,Car Mechanic
Ressort Amortisseur Camion,21,2,Car Mechanic
Suspension De Camion Lourd,19,1,Car Mechanic
Garage Spécialiste Suspension Pneumatique,24,3,Car Mechanic
Suspension Thetford Mines,104,21,Car Mechanic
Fabrication Radiateur,13,2,Car Mechanic
Radiateur De Camion,26,0.5,Car Mechanic
Radiateur Camion Lourd,33,1.5,Car Mechanic
Radiateur Pour Camion,24,2,Car Mechanic
Radiateur Camion,39,3,Car Mechanic
Alignement Camion Lourd,72,6,Car Mechanic
Alignement Camion,57,2,Car Mechanic
Landscape Contractors Near Me,7,1,Landscaper
Company Landscape,107,11,Landscaper
Landscaping Contractor,21,1,Landscaper
Best Landscapers Near Me,13,1,Landscaper
Local Landscapers Near Me,7,1,Landscaper
Poseur De Bardeaux,18,1,Roofer
couvreur st donat,8,2,Roofer
Réparation De Toiture,49,1,Roofer
Toiture Réparation,255,22,Roofer
couvreur mont tremblant,15,4,Roofer
réparateur toiture,273,7,Roofer
Réparation De Toits,27,1,Roofer
toitures mont tremblant,16,5,Roofer
toiture ste agathe des monts,12,1,Roofer
Réparation Ventilation,6,1,Roofer
Installation Membrane Toiture,32,2,Roofer
Interlocking Stones,7,1,Landscaper
Landscape Services,80,3,Landscaper
Landscaping Ottawa,60,3,Landscaper
Plombier Urgence 24h,1,1,Plumber
Rénovation Cuisine,49,2,Plumber
renover sa cuisine,5,1,Plumber
Réparateur Pompe à Eau,23,1,Plumber
Pompe Puisard Installation,15,1,Plumber
pompe de puisard submersible,2,1,Plumber
Rénovation De Salle De Bain,44,1,Plumber
Installation Plomberie Salle De Bain,92,8,Plumber
Plombier Rénovation,439,41,Plumber
renovation salle bain,201,3,Plumber
Salle De Bain Rénovation,127,3,Plumber
entreprise de toiture,3,2,Roofer
Entreprise Toiture,19,1,Roofer
Thermopompe Climatiseur,157,1,Hvac
Climatiseur Mural,384,4,Hvac
Thermopompe Murale Prix,367,4,Hvac
Thermopompe Murale,235,6,Hvac
Installation Conduit Ventilation,31,3,Hvac
Compagnie De Ventilation,36,2,Hvac
Compagnie Ventilation,11,1,Hvac
Installation Ventilation,53,2,Hvac
Compagnie De Chauffage,3,1,Hvac
Trophée Quebec,19,1,Trophy Builder
Trophée En Métal,3,1,Trophy Builder
Ingénieur De Batiment,65,2,Home Designer
Ingénieur En Batiment,222,11,Home Designer
Ingénieur Dans Le Batiment,108,3,Home Designer
ingénieur génie électrique,122,5,Home Designer
Génie Conseil,107,1,Home Designer
Consultant Ingénierie,80,3,Home Designer
Firme Ingénieur,309,8,Home Designer
Firme De Génie Conseil,20,1,Home Designer
Consultant En Ingénierie,26,1,Home Designer
Ingénieur Consultant,19,1,Home Designer
Test De Fumée,14,0.5,Plumber
Test De Fumée Plomberie,37,11,Plumber
Test De Fumée Rat,14,1.5,Plumber
débouchage de drain montréal,9,1,Plumber
canalisation bouchée,11,1,Plumber
débouchage drain,164,37.5,Plumber
débouchage de drain,21,1.5,Plumber
Déboucher Un Drain,45,2,Plumber
déboucher tuyau,62,6,Plumber
Débouchage De Drain,453,44,Plumber
Débouchage Tuyau,300,8,Plumber
Débouchage Drain,81,3,Plumber
Inspection Par Caméra,61,8,Plumber
Caméra De Drain,31,7.5,Plumber
Inspection De Drain Par Caméra,19,1,Plumber
Sussex Veterinary,5,1,Animal Clinic
Sussex Veterinary Clinic,11,2,Animal Clinic
Animal Hospital,3,1,Animal Clinic
Sussex Vet Hospital,1,0.5,Animal Clinic
Animal Hospital Sussex,4,1,Animal Clinic
Veterinary Hospital,13,0.5,Animal Clinic
Sussex Veterinary Hospital,7,1,Animal Clinic
Vet Hospital Near Me,1,2,Animal Clinic
Vet Near Me,3,1,Animal Clinic
Emergency Vet Clinic,84,7,Animal Clinic
Emergency Vet Near Me,38,4,Animal Clinic
Emergency Animal Hospital,18,2.5,Animal Clinic
Emergency Vet,149,12.5,Animal Clinic
Veterinarian Near Me,38,2,Animal Clinic
Local Vets Near Me,4,1,Animal Clinic
Vet Near Me,31,3,Animal Clinic
Vet Sussex,17,2,Animal Clinic
Veterinary Doctor,77,3,Animal Clinic
Vets In Sussex Nb,19,1,Animal Clinic
Veterinarian,20,9,Animal Clinic
Animal Vets,55,2,Animal Clinic
Veterinary Clinic Near Me,53,7,Animal Clinic
Sussex Veterinary Clinic,175,16,Animal Clinic
Sussex Veterinary,105,12,Animal Clinic
Veterinary Clinic,515,17,Animal Clinic
Vet Services,108,5,Animal Clinic
Animal Hospital Sussex,52,15.03,Animal Clinic
Sussex Veterinary Hospital,82,13.67,Animal Clinic
Animal Hospital,154,11,Animal Clinic
Pet Vet Animal Hospital,138,6,Animal Clinic
Veterinary Hospital,135,14.33,Animal Clinic
Sussex Vet Hospital,47,9,Animal Clinic
Traitement Coquerelle,7,1,Exterminator
Extermination Blattes,3,1,Exterminator
Entreprise Asphaltage,134,13,Paving
Asphalte Montreal,198,31.33,Paving
Asphalte Repentigny,54,6,Paving
Asphalte Résidentiel,17,3,Paving
Asphalte Laval,117,16,Paving
Asphalte Commercial,12,2,Paving
Asphalte,164,21,Paving
Prix Entrée Asphalte,56,2,Paving
Recouvrement D'asphalte,49,1,Paving
Asphalte Terrebonne,67,9,Paving
Prix Asphaltage,55,1,Paving
Compagnie Asphalte,53,5,Paving
Asphaltage,4,3,Paving
Scellant Pour Asphalte,113,9.5,Paving
Scellant Asphalt,61,3,Paving
Scellant Asphalte,154,14.5,Paving
Scellant Asphalte Bitume,69,1,Paving
Asphalt Scellant,33,3,Paving
Pavage Asphalte,103,11.67,Paving
Pavage Commercial,93,4,Paving
Asphalte Pavage,55,5,Paving
Entrée Asphalte Et Pavé,16,1,Paving
Pavage Entrée Maison,41,2,Paving
Asphalte Reparation Fissure,9,1,Paving
Asphalte Reparation,36,4,Paving
Réparation Asphalte,292,39,Paving
Réparation Thermopompe Rive Sud,5,1.17,Hvac
Nettoyage Thermopompe Murale,15,1,Hvac
Compagnie Chauffage,16,2,Hvac
Thermopompe Murale Installation,15,1,Hvac
Climatisation St Jean Sur Richelieu,127,2,Hvac
Climatisation Rive Sud,15,1,Hvac
Climatisation Chambly,22,1,Hvac
Entreprise De Climatisation,94,5,Hvac
Exterminer fourmi,17,1,Exterminator
Extermination fourmi,18,1,Exterminator
Réparation Système de Chauffage,11,1,Hvac
Réparation Chauffage,52,1,Hvac
Réparation Chauffage Électrique,12,1,Hvac
Installateur Air Climatisé,30,1,Hvac
Entretien Climatisation,12,1,Hvac
Réparation Air Climatisé,7,0.83,Hvac
Entreprise de Chauffage,15,1,Hvac
Système De Chauffage,196,2,Hvac
Chauffage Central,58,1,Hvac
Compagnie De Chauffage,21,1,Hvac
Compagnie de Chauffage,21,1,Hvac
Extermination souris,5,2,Exterminator
Drive Way Contractors,18,1,Excavator
Driveway Contractors Near Me,15,7,Excavator
Pavement Driveway Contractor,17,2,Excavator
Driveway Builders,46,1,Excavator
Residential Driveway Paving,61,3,Excavator
Get Rid Of Rats,21,1,Exterminator
Rodents Infestation,7,1,Exterminator
Rodent Kill,40,2,Exterminator
Wildlife Removal,24,1,Exterminator
Rodent Control,28,1,Exterminator
Wasp Exterminator,2,1,Exterminator
Insect Control,156,4,Exterminator
Cockroach Killers,92,2,Exterminator
Excavation Companies,71,4,Excavator
Excavation Companies Near Me,93,2,Excavator
Excavating Contractors Near Me,31,5,Excavator
Stormwater Management System,3,1,Excavator
Exterminator Near Me,222,31.01,Exterminator
Exterminator Services,414,51.5,Exterminator
Extermination Gatineau,350,52,Exterminator
Extermination Ottawa,318,55.62,Exterminator
Exterminator,37,1,Exterminator
Bed Bug Infestation,77,4,Exterminator
Bed Bug Heat Treatment,8,1,Exterminator
Excavating Construction,18,4,Excavator
Excavation Services,52,1,Excavator
Pest Exterminator,20,3,Exterminator
Pest Removal,89,9,Exterminator
Pest Management,91,4,Exterminator
Pest Control Gatineau,78,7.5,Exterminator
Pest Control Ottawa,142,25,Exterminator
home bug control,5,1,Exterminator
Pest Control,559,18,Exterminator
Pest Management Services,22,2,Exterminator
rat control ottawa,1,1,Exterminator
Emergency Pest Control,3,4,Exterminator
Ottawa Pest Removal,22,2,Exterminator
pest treatment,87,13.49,Exterminator
Pest Exterminator Near Me,8,1,Exterminator
Pest Services,121,18,Exterminator
Mice Killers,22,1,Exterminator
ottawa pest control,29,5.5,Exterminator
Rampe aluminium à vendre,29,1,Construction
Rampe aluminum,98,9,Construction
Patio en fibre de verre,47,3,Construction
Balcon fibre verre,88,4,Construction
Balcon de fibre de verre,35,3,Construction
Balcon en fibre de verre,53,4,Construction
Balcon fibre de verre sur mesure,8,2,Construction
Fibre de verre balcon,34,2,Construction
Balcon aluminium,44,2,Construction
Balcons en aluminium,22,1,Construction
Aluminium balcon,15,1,Construction
Ev Charger Installation,203,23,Electrician
Led Light Installation,16,1,Electrician
Electrician Services,642,100.83,Electrician
Electrician Near Me,332,56.17,Electrician
Electrical Contractors,80,10,Electrician
Licensed Electrician,53,3,Electrician
Electrical Companies,64,3,Electrician
Residential Electrician,39,3,Electrician
Electrical Panel Upgrade,14,3,Electrician
Conteneur a Vendre,6,1,Transport
conteneur maritime a vendre,3,1,Transport
Conteneur Maritime,1,2,Transport
conteneur 40 pieds,19,1,Container
40 Pied High Cube,160,7.67,Container
Container 40 Pieds High Cube,184,6,Container
conteneur maritime,120,13,Container
Prix Container 40 Pieds High Cube,17,4,Container
Entreposage Conteneur,36,1,Container
Container Entreposage,268,15,Container
container open side,6,2,Container
Conteneur Entreposage,27,1,Container
conteneur maritime,160,9,Container
conteneur usagé,17,1,Container
reefer container,9,1,Container
conteneur maritime,22,4,Container
container maritime,64,9,Container
Compagnie de Conteneur,61,2.5,Container
conteneur usagé,53,3,Container
conteneur maritime a vendre,1079,94.33,Container
conteneur maritime,237,16,Container
conteneur usagé prix,265,24.33,Container
Service de Conteneur,113,4,Container
Conteneur Usagé à Vendre,1009,64.85,Container
achat conteneur maritime,501,40.5,Container
achat container,668,60.04,Container
Acheter Un Container,56,3,Container
Conteneur à Vendre Particulier,28,1,Container
Achat Conteneur,54,1.5,Container
Acheter Container,205,13.34,Container
Conteneur a Vendre Prix,387,11,Container
Container à Vendre,32,1,Container
Conteneur à Vendre,1308,96.17,Container
Service Conteneur,903,83,Container
Conteneur Maritime à Vendre,28,1,Container
Conteneur a Vendre,2661,169.96,Container
transport container maritime prix,31,8,Container
Achat Container,1020,70.67,Container
achat de conteneur,585,46.83,Container
Conteneur 40 Pieds Prix,331,14,Container
conteneur maritime,127,6,Container
Conteneur à Vendre Prix 40 Pied,515,20.67,Container
Conteneur 40 Pied,512,19,Container
Conteneur 20 Pieds à Vendre,435,35.68,Container
Conteneur 20 Pieds Prix,355,18.51,Container
Prix Conteneur 20 Pieds,13,1,Container
Conteneur 20 Pied,598,23.5,Container
Service Remorquage,24,4.5,Transport
Dépannage Voiture,5,0.5,Transport
Compagnie de Transport,20,2,Transport
Transport Voiture,5,1,Transport
Remorquage Saguenay,7,1,Transport
Entreprise Transport,3,1,Transport
Vivarium Extermination,14,5,Exterminator
Groupe Vivarium,5,2,Exterminator
Groupe Vivarium,33,5,Exterminator
Location Machinerie Excavation,11,1,Excavator
Location Excavatrice,6,2,Excavator
Location De Machinerie,50,6,Excavator
Compagnie Epoxy,206,17,Flooring
compagnie epoxy,61,10,Flooring
Design Epoxy,71,1,Flooring
Epoxy Plancher,246,6,Flooring
Plancher Epoxy,194,6,Flooring
Plancher Epoxy Garage,42,1,Flooring
Plancher En Epoxy,38,1,Flooring
Epoxy Béton,50,1,Flooring
réparation béton,97,7,Flooring
Réparation De Béton,84,9,Flooring
Réparer Fissure Béton,91,12.33,Flooring
réparer escalier béton,53,4,Flooring
réparation plancher béton,58,9.5,Flooring
réparation escalier béton extérieur,31,2,Flooring
réparer marche béton,14,1,Flooring
Réparation Béton Extérieur,33,1,Flooring
Réparation De Béton,307,29.67,Flooring
Rénovation Armoire De Cuisine,10,1,Home Cabinets
Achat Climatisation,15,1,Hvac
Réparation Chauffage,12,1,Hvac
Entretien Climatisation,3,1,Hvac
Armoire De Cuisine,58,2,Home Cabinets
Entreprise de Chauffage,6,1,Hvac
Compagnie de Chauffage,16,1,Hvac
Chauffage Électrique,43,1,Hvac
Artisan Cuisiniste,3,1,Home Cabinets
Compagnie De Cuisine,11,1,Home Cabinets
Mosaïque Céramique,55,1,Ceramic
Vente Mosaique,100,2,Ceramic
Plancher En Porcelaine,17,1,Ceramic
Porcelaine Plancher,235,1,Ceramic
Porcelaine Plancher Cuisine,51,2,Ceramic
Tuile De Porcelaine Plancher,82,2,Ceramic
ceratec,14,1,Ceramic
Vente Céramique,244,2,Ceramic
Céramique Vente,90,1,Ceramic
Fournisseur De Céramique,67,3,Ceramic
Fournisseur Céramique,78,4,Ceramic
Vente De Céramique,1043,15.5,Ceramic
Céramique À Vendre,789,18,Ceramic
Vendeur Céramique,53,2,Ceramic
Acheter Céramique,149,1,Ceramic
Speeding Ticket Lawyer,1,1,Lawyer
Fight Speeding Ticket,5,1,Lawyer
Ticket Lawyer,7,4,Lawyer
Traffic Lawyer,7,1,Lawyer
traffic ticket attorneys,2,2,Lawyer
Service de Déménagement,157,9,Moving Services
Déménageur Montreal,224,25,Moving Services
Déménagements Sympathiques,3,2,Moving Services
Déménageur,65,4,Moving Services
Demenagement Montreal,16,1,Moving Services
Entreprise de Demenagement,29,1,Moving Services
transport demenagement montreal,23,3,Moving Services
Déménagement Repentigny,3,1,Moving Services
Déménagement Résidentiel,18,1,Moving Services
Demenagement Pas Cher,188,19,Moving Services
déménagement montréal,25,4,Moving Services
Compagnie de Déménagement,1156,92.83,Moving Services
Déménageur Résidentiel,70,7,Moving Services
Mini Entrepôt à Louer,32,3,Moving Services
Unité de Stockage,1,1,Moving Services
Mini Entrepot Montreal,50,8,Moving Services
Location Mini Entrepot,68,5,Moving Services
Minientrepot,13,2,Moving Services
Déménageur Commercial,19,2.5,Moving Services
Déménagement Pour Entreprise,9,1,Moving Services
Déménagement Bureau,11,4,Moving Services
compagnie de déménagement longue distance,35,4,Moving Services
déménagement longue distance,87,6,Moving Services
Déménagement Montréal Québec,35,2,Moving Services
Déménageur Piano,27,5,Moving Services
Déménageur de Piano,152,19,Moving Services
Déménagement Piano,17,1,Moving Services
Well Drilling Nl,4,2,Well Drilling
Well Drilling Newfoundland,8,1,Well Drilling
Well Drilling,10,2,Well Drilling
Artesian Wells,14,2,Well Drilling
Artesian Well Water,4,2,Well Drilling
rénover une cuisine,101,3,Renovation
refaire une cuisine,6,1,Renovation
Installation Thermo Pompe,9,2,Hvac
installation fournaise,9,1,Hvac
Installation Thermopompe,77,3,Hvac
subvention thermopompe,267,2,Hvac
Vente Thermopompe,612,9,Hvac
thermopompe centrale,22,1,Hvac
Vente De Thermopompe,307,6.5,Hvac
hydro quebec subvention thermopompe,53,1,Hvac
Réparation De Climatiseur,54,5,Hvac
Réparation D'Air Climatisé,31,2,Hvac
Climatisation Réparation,17,1,Hvac
Réparateur De Clim,28,0.33,Hvac
Réparation Climatiseur Mural,14,1,Hvac
réparation fournaise électrique,16,2,Hvac
Réparateur De Thermopompe,83,7,Hvac
réparateur de fournaise,49,3,Hvac
Réparation Thermopompe,110,14,Hvac
rénovation maison,87,1,Renovation
Thermopompe Piscine Réparation,57,13,Hvac
Réparation Thermopompe Piscine,223,53,Hvac
Réparation Thermopompe De Piscine,319,70.67,Hvac
Prothèse Dentaire Partielle,39,3,Dentist
Prothèse Partielle,60,6.67,Dentist
Partiel Dentaire,136,7.33,Dentist
Denturologiste,166,17,Dentist
Denturologue Sherbrooke,255,26.83,Dentist
Denturologiste Sherbrooke,537,67.83,Dentist
Clinique De Denturologie,1681,134.25,Dentist
Denturologiste Sherbrooke Est,314,38.5,Dentist
Réparation De Prothèse Dentaire,48,6,Dentist
Réparation Prothèse Dentaire,38,9,Dentist
Réparation Prothèse Dentaire Urgence,24,4,Dentist
Epoxy Exterieur,22,2,Flooring
Réparation Béton Extérieur,11,2,Flooring
Réparation Béton,20,1,Flooring
Traitement Puce De Lit,28,1,Exterminator
Exterminateur Punaise,4,1,Exterminator
Punaises De Lits Traitement,13,1,Exterminator
Puce De Lit Traitement,26,2,Exterminator
Punaises De Lit,240,12,Exterminator
Souris Extermination,123,6,Exterminator
Exterminateur Souris Rive-Sud,3,1,Exterminator
Prix Extermination Souris,9,2,Exterminator
Exterminateur Souris,29,1,Exterminator
Exterminateur Coquerelle,12,2,Exterminator
Traitement Coquerelle,40,1,Exterminator
Extermination Cafard,92,2,Exterminator
Exterminateur À Montréal,6,1,Exterminator
Gestion Parasitaire,59,1,Exterminator
Extermination Montréal,19,4,Exterminator
Exterminateur,22,1,Exterminator
Compagnie d'Extermination,48,3,Exterminator
Exterminateur Laurentides,9,1,Exterminator
exterminateur insecte,43,6,Exterminator
Exterminateur Blatte,4,1,Exterminator
Groupe Vivarium,19,5,Exterminator
Groupe Vivarium Extermination,23,3,Exterminator
Vivarium Extermination,102,28,Exterminator
Vivarium Extermination,11,1,Exterminator
Groupe Vivarium,232,75,Exterminator
Groupe Vivarium Extermination,1,1,Exterminator
Réparation Thermopompe Piscine,28,4,Hvac
Réparation De Thermopompe De Piscine,1,1,Hvac
Thermopompe Piscine Réparation,13,3,Hvac
Réparation Thermopompe De Piscine,35,3,Hvac
Nettoyage De Drain,12,2,Plumber
Débouchage Tuyauterie,113,1,Plumber
Débouchage De Drain,10,1,Plumber
Débouchage Canalisation Urgence,2,1,Plumber
Déboucher Les Canalisations,33,1,Plumber
Débouchage Canalisation,82,4,Plumber
Armoire De Cuisine,29,1,Home Cabinets
Meubles De Cuisine,26,4,Home Cabinets
Electrician Repair,12,2,Electrician
Denturologiste Sherbrooke,4,1,Dentist
Artesian Wells,4,1,Well Drilling
Artisanal Well,1,1,Well Drilling
Artesian Well Companies Near Me,1,1,Well Drilling
Artesian Well Near Me,1,1,Well Drilling
Artesian Well Water,6,2,Well Drilling
Well Drilling Newfoundland,4,1,Well Drilling
Water Well Drilling,3,3,Well Drilling
Water Well Drilling Near Me,2,1,Well Drilling
Well Drilling Near Me,3,6,Well Drilling
Generator Companies Near Me,1,1,Electrician
Electrician Moncton,34,6,Electrician
Electrician,10,2,Electrician
Moncton Electrician,17,3,Electrician
Electrical Services,29,2,Electrician
Electrician Contractors,32,1,Electrician
Dentures,251,17.08,Dentist
Teeth Dentures,7,2,Dentist
Denturologist Near Me,4,0.5,Dentist
Dentists For Dentures Near Me,24,3,Dentist
Denturologist,15,2.5,Dentist
Hazardous Waste Disposal Near Me,11,1,Disposal
Hazardous Waste Disposal,3,1,Disposal
Hazardous Materials Disposal Near Me,1,1,Disposal
Installation Toiture Métallique,87,2,Roofer
Toiture En Métal,151,7,Roofer
Toit En Métal,174,3,Roofer
Toiture Métallique,251,7,Roofer
Toit Métallique,41,2,Roofer
Couvreur Toiture Métallique,74,9,Roofer
Bardeaux D'acier,82,5,Roofer
bardeau d acier,7,1,Roofer
Tôle Toiture,164,2,Roofer
Toiture En Tôle,239,12,Roofer
Couverture Tole Ondulée,52,3,Roofer
Tole Pour Toiture,432,8,Roofer
Couverture Acier,47,2,Roofer
Couverture Métallique,113,2,Roofer
Couvreur Résidentiel,61,3,Roofer
Toiture Pour Maison,149,3,Roofer
Cout Toiture Maison,39,1,Roofer
Champ D'épuration,3,1,Excavator
Water Well Pump,142,9,Well Drilling
Well Pump Service,12,1,Well Drilling
Artesian Wells,548,97.17,Well Drilling
Artesian Well Water,225,32.67,Well Drilling
Artesian Well Pump,156,12.5,Well Drilling
Artisanal Well,13,0.33,Well Drilling
Artesian Well Near Me,70,14,Well Drilling
Submersible Well Pump,304,18,Well Drilling
Franklin Submersible Pump,14,3,Well Drilling
Franklin Electric Submersible Pump,6,1,Well Drilling
Franklin Pumps,9,2,Well Drilling
Well Drilling,533,129.5,Well Drilling
Well Drilling Newfoundland,379,77.33,Well Drilling
Water Well Drilling Newfoundland,172,26.5,Well Drilling
Well Drilling Near Me,194,51.5,Well Drilling
Well Drilling Nl,166,33.5,Well Drilling
Water Well Drilling,351,64.5,Well Drilling
Excavation,13,1.67,Excavator
démolition bâtiment,23,1,Excavator
Entreprise Excavation,84,5,Excavator
Excavation Maison,12,0.33,Excavator
Excavation Fondation,2,1,Excavator
recette pour tuer les fourmis,9,4,Exterminator
truc pour tuer fourmis,14,0.5,Exterminator
service extermination,3,1,Exterminator
exterminateur insecte,7,1,Exterminator
exterminateur beauport,17,2.5,Exterminator
Electrician Moncton,11,3,Electrician
Moncton Electrician,9,3,Electrician
Electrician,4,1,Electrician
Electrical Services,18,2,Electrician
Repair Electrical Appliances Near Me,8,1,Electrician
Service Électricien,48,3,Electrician
Électricien Résidentiel,15,1,Electrician
Entrepreneur Électricien,303,15.5,Electrician
electricien montreal est,5,2,Electrician
Maître Électricien,29,2,Electrician
Électricien,8,1,Electrician
Électricien Montréal,9,2,Electrician
electricien autour de moi,10,3,Electrician
Dépannage Électricien,41,3,Electrician
Électricien Dépannage Urgence,4,1,Electrician
borne de recharge pour véhicule électrique,177,7,Electrician
Borne De Recharge Maison,68,1,Electrician
Service Borne de Recharge,86,2.5,Electrician
Installation Borne Electrique,70,4.5,Electrician
Borne Recharge Voiture Électrique,85,1,Electrician
Borne Électrique Installation,12,2,Electrician
installation borne de recharge,13,3,Electrician
Remplacement Panneau Électrique,48,1,Electrician
Batterie Pour Quadriporteur,42,0.67,Car Battery
Batterie Quadriporteur Prix,18,1,Car Battery
Batterie Quadriporteur,45,5,Car Battery
Meilleur Batterie Pour Vr,29,1,Car Battery
Batterie Pour Roulotte,61,5,Car Battery
Batterie Pour Vr,41,2,Car Battery
Batterie 6 Volts Pour Vr,38,1,Car Battery
Batterie Vr,20,2,Car Battery
Batterie Roulotte,26,2,Car Battery
acheter des piles,51,3.33,Car Battery
magasin de batterie,135,24,Car Battery
achat batterie,734,38,Car Battery
batterie li,106,3,Car Battery
batterie gatineau,826,155.08,Car Battery
magasin batterie,75,13,Car Battery
vente batterie,320,20.5,Car Battery
batterie magasin,52,4,Car Battery
batterie outaouais,216,22.33,Car Battery
interstate batterie,180,17.33,Car Battery
Moto Batterie,107,12,Car Battery
Batteries Harley Davidson,35,3,Car Battery
Batterie Lithium Moto,17,1,Car Battery
Batterie de Scooter,72,4,Car Battery
Batterie Scooter,72,2,Car Battery
batteries moto,22,1,Car Battery
Batterie Moto 12V,14,1,Car Battery
Batterie Moto,59,4,Car Battery
Batterie Pour Scooter ÉLectrique,37,2,Car Battery
Batterie Moteur Electrique Bateau,19,1,Car Battery
Batterie Marine 12V,14,2,Car Battery
Batterie Pour Bateau,60,2,Car Battery
Batterie Marine,205,4.5,Car Battery
Batterie Marine 12 Volts,10,2,Car Battery
batteries marines,159,8.5,Car Battery
Batterie de Bateau,72,3,Car Battery
Batterie Vehicule,83,8.5,Car Battery
Batterie de Voiture,695,45.58,Car Battery
Batterie Auto,960,88.33,Car Battery
Batterie Pour Auto,128,8.5,Car Battery
Batterie Voiture,239,17.33,Car Battery
Meilleur Batterie Auto,10,1.33,Car Battery
Batterie Automobile,151,15,Car Battery
automobile battery,151,6.74,Car Battery
batteries auto,197,14,Car Battery
auto battery,539,44.5,Car Battery
Batterie Auto Reconditionnée,31,3,Car Battery
batteries 12 volts,167,7.33,Car Battery
Court Servers,23,1,Lawyer
Process Server,79,6,Lawyer
Process Serving,23,3,Lawyer
serving legal documents,14,1,Lawyer
Stunt Driving Lawyer,3,1,Lawyer
Stunt Driving Ticket,52,1,Lawyer
Stunt Driving,14,1,Lawyer
Suspended License Lawyer Near Me,4,2,Lawyer
Suspended License Lawyer,2,1,Lawyer
Drivers License Lawyer,4,1,Lawyer
Fight Speeding Ticket,79,10,Lawyer
Speeding Ticket Lawyer,15,3,Lawyer
Ticket Lawyer,90,12,Lawyer
Traffic Lawyer,180,29,Lawyer
traffic ticket attorneys,10,1,Lawyer
Contest Traffic Ticket,62,14,Lawyer
Traffic Violation Lawyer,4,3,Lawyer
Paralegal For Traffic Tickets,1,1,Lawyer
Ticket Lawyer Near Me,5,2,Lawyer
Traffic Ticket Paralegal,17,3,Lawyer
Reparation Fissure Asphalte,2,1,Paving
Réparation Asphalte,44,8,Paving
Asphalte Repentigny,2,3,Paving
Asphalte Laval,14,3,Paving
Entreprise Asphaltage,11,1,Paving
Asphalte,10,3,Paving
Asphalte Montreal,21,5,Paving
Pavage Asphalte,9,3,Paving
Asphalte Pavage,8,1,Paving
Entrée Asphalte Et Pavé Uni,1,1,Paving
Exterminer les araignées,19,2,Exterminator
Extermination araignée,39,1,Exterminator
fourmis charpentiere dans la maison,1,2,Exterminator
produit pour tuer fourmis,93,1,Exterminator
Exterminer fourmi,79,1,Exterminator
Extermination fourmi,212,7,Exterminator
Fourmis charpentieres traitement,18,1,Exterminator
Tuer fourmis charpentiere,22,1,Exterminator
truc pour tuer fourmis,751,7.5,Exterminator
recette maison pour fourmis,42,3,Exterminator
exterminer fourmi,3,1,Exterminator
recette pour tuer les fourmis,229,2,Exterminator
detruire nid de fourmis,14,2,Exterminator
fourmis charpentiere maison,87,1,Exterminator
exterminateur québec,69,4,Exterminator
Exterminateur Quebec,145,5,Exterminator
Exterminateurs,22,1,Exterminator
extermination parasites,22,1,Exterminator
exterminateur beauport,110,28.5,Exterminator
Extermination Lévis,18,2,Exterminator
punaise de lit traitement,187,2,Exterminator
Gestion Parasitaire,73,8,Exterminator
exterminateur insecte,125,3,Exterminator
maheu & maheu,49,5,Exterminator
Souris extermination,162,6,Exterminator
se débarrasser des rats,206,3,Exterminator
Exterminateur de rongeurs,9,1,Exterminator
se débarrasser des souris,698,8,Exterminator
poison souris,69,1,Exterminator
attraper une souris rapidement,54,1,Exterminator
anti souris,164,3,Exterminator
tuer des souris rapidement,58,3,Exterminator
exterminateur souris combien de temps,8,1,Exterminator
se débarrasser des rongeurs,142,4,Exterminator
faire fuir les mulots,161,2,Exterminator
Exterminer des rats,128,1,Exterminator
Exterminateur Puce,4,1,Exterminator
Traitement Fourmis,39,1,Exterminator
Exterminateur Insecte,47,4,Exterminator
Exterminateurs,21,2,Exterminator
Extermination Gatineau,48,2,Exterminator
Gestion Parasitaire,88,6,Exterminator
Exterminateur Gatineau,367,24,Exterminator
Traitement Rat,34,1,Exterminator
Exterminateur Rongeur,9,1,Exterminator
Exterminateur de Rongeurs,64,4.33,Exterminator
Exterminateur Ecureuil,14,1,Exterminator
Exterminateur de Rat,48,2,Exterminator
Souris Extermination,3,1,Exterminator
Extermination Punaise,2,1,Exterminator
Punaises de Lit Traitement,55,1,Exterminator
Punaise de Lit Traitement,13,1,Exterminator
Insecte de Lit,182,4,Exterminator
Nettoyage Conduit Air,2,2,Cleaning
Nettoyage De Conduit Ventilation,8,1,Cleaning
sandblasting,23,2,Roofer
Échangeur d'Air Nettoyage,6,7,Cleaning
Système Géothermique,128,2,Well Drilling
Puits Géothermiques,13,1,Well Drilling
Installation Pompe Puit,47,1,Well Drilling
Forage Puits,45,3,Well Drilling
Forage Puits Eau,19,2,Well Drilling
Puit De Forage,20,3,Well Drilling
Forage De Puits,103,4,Well Drilling
Installation De Pieux,32,2,Well Drilling
Forage Artésien,11,1,Well Drilling
Puits Artésiens,525,29,Well Drilling
puit artésien,517,38,Well Drilling
Forage Puits Artésien,45,2,Well Drilling
Ergonomics Training,48,1,Chiropractor
Ergonomics Training Program,39,1,Chiropractor
Ergo Assessment,42,4,Chiropractor
Ergonomics Specialist,9,0.33,Chiropractor
Ergonomic Assessment,81,4,Chiropractor
Ergonomic Assessment Near Me,12,5,Chiropractor
ergonomic assessment,43,3,Chiropractor
Ergonomic Consulting,39,1,Chiropractor
Ergonomic Consulting,6,1,Chiropractor
Excavation Commercial,60,4,Excavator
Excavation Laval,98,16,Excavator
Entrepreneur En Excavation,249,11,Excavator
Compagnie Excavation,331,26,Excavator
Entreprise Excavation,912,39,Excavator
démolition bâtiment,187,12,Excavator
excavation lanaudière,20,1.5,Excavator
Excavation,192,15,Excavator
Entreprise Excavation,12,1,Excavator
excavation laurentides,61,8.5,Excavator
Fondation Excavation,19,1,Excavator
Excavation Rive Nord,31,1,Excavator
Excavation Rive-Nord,36,3,Excavator
excavation mascouche,12,1,Excavator
excavation terrebonne,33,3,Excavator
drain bloqué,100,3,Excavator
Égout bouché,28,3,Excavator
excavation sous sol,39,3,Excavator
Excavation Fondation Maison,12,1,Excavator
Excavation Maison,72,1,Excavator
Excavation Résidentielle,80,10,Excavator
excavation fondation,40,4,Excavator
Excavation Fondation,18,1,Excavator
Duct Cleaning,1,1,Cleaning
Air Duct Cleaning,5,1,Cleaning
Air Conditioner Cleaning,5,2,Cleaning
Clinique De Denturologie,71,8,Dentist
Denturologiste Sherbrooke,25,1,Dentist
réparation fournaise électrique,22,1,Hvac
réparateur de fournaise,43,1,Hvac
Puits Géothermiques,5,1,Well Drilling
scellant toit roulotte,46,3,Roofer
protecteur toit roulotte,16,1,Roofer
Meilleur Scellant Asphalte,38,1,Roofer
Scellant Asphalte,43,1,Roofer
Industrial Waste Management,10,1,Disposal
Hazardous Waste Management,31,2,Disposal
Colmatage Fissure Asphalte,3,1,Roofer
Sable Pour Sandblast,26,1,Roofer
sand blast,68,2,Roofer
sandblasting,232,11,Roofer
jet de sable,26,1,Roofer
Jet Sable,36,4,Roofer
sandblast sherbrooke,38,1,Roofer
Hazardous Waste Disposal Company,66,21.5,Disposal
Biohazard Waste Disposal,42,2,Disposal
Hazardous Material Disposal,350,19,Disposal
Hazardous Waste Disposal Near Me,547,25.5,Disposal
Hazardous Disposal Near Me,105,6,Disposal
Local Hazardous Waste Disposal,69,6,Disposal
Hazardous Waste Removal Near Me,11,1,Disposal
Hazardous Waste Removal,26,1,Disposal
Hazardous Waste Disposal Service,79,7,Disposal
Contaminated Waste Disposal,67,5,Disposal
Hazardous Waste Disposal,200,10,Disposal
Hazmat Disposal Near Me,3,1,Disposal
Réparation Piscine,66,2,Roofer
reparation piscine creusée,29,2,Roofer
Industrial Waste Disposal Near Me,5,1,Disposal
Industrial Hazardous Waste Disposal,10,3,Disposal
Industrial Waste Disposal,30,8.02,Disposal
Medical Waste Management,19,1,Disposal
Disposal Of Medical Waste,17,1,Disposal
Prix Toiture Maison,44,2,Roofer
Réparation De Clôture,74,12,Landscaper
Réparation Clôture,49,8,Landscaper
Clôture Industrielle,34,2,Landscaper
Pose De Clôture,60,3,Landscaper
Installation Clôture,234,32,Landscaper
Clôture Pour Piscine,161,14.5,Landscaper
Clôture Commerciale,33,2,Landscaper
Pose Clôture,138,9.44,Landscaper
installation de clôture,20,1,Landscaper
Installateur De Clôture,438,52,Landscaper
Installateur Clôture,203,28.4,Landscaper
installation cloture,184,14,Landscaper
clôture en aluminium,150,7,Landscaper
Clôture Ornementale Prix,32,2,Landscaper
clôture aluminium piscine,19,3,Landscaper
clôture de piscine creusée,28,1,Landscaper
clôture pour piscine,377,10,Landscaper
Excavatrice à Louer,75,2,Excavator
Location Machinerie Excavation,21,4,Excavator
Location Pelle Excavatrice,33,1,Excavator
Location Mini Excavatrice,77,2,Excavator
Location De Mini Excavatrice,152,4,Excavator
Location Machinerie,27,1,Excavator
Location Pelle Mécanique,17,1,Excavator
Location Machinerie Lourde,59,3,Excavator
Location De Machinerie Lourde,26,9,Excavator
Location De Pépine,7,2,Excavator
Location De Machinerie,362,12,Excavator
Déneigement Trottoir,92,1,Excavator
Chargement De Neige,19,1,Excavator
Déneigement Institutionnel,124,9.33,Excavator
déneigement de rue,391,28,Excavator
Déneigement Commercial,431,20.67,Excavator
Fondation Excavation,3,1,Excavator
Excavation Rive Nord,1,1,Excavator
Excavation,36,1,Excavator
excavation terrebonne,6,1,Excavator
démolition bâtiment,10,1,Excavator
Entreprise Excavation,15,1,Excavator
Excavation Résidentielle,12,2,Excavator
Puppy Training,236,11.33,Kennel
Agility Training Edmonton,211,9,Kennel
Dog Training Spruce Grove,56,8,Kennel
Best Dog Trainers Near Me,61,4,Kennel
Dog Training Classes Edmonton,37,3,Kennel
Puppy Training Edmonton,21,2,Kennel
Dog Training Edmonton,204,18,Kennel
Puppy Classes Edmonton,132,8,Kennel
Dog Training,488,29,Kennel
Dog Training Near Me,116,13,Kennel
Best Dog Boarding Near Me,54,5,Kennel
Dog Boarding Near Me,746,126.33,Kennel
Dog Boarding Services,132,17.83,Kennel
Dog Boarding Facilities Near Me,135,24.5,Kennel
Small Dog Boarding,151,16.5,Kennel
Puppy Boarding,1192,140.33,Kennel
Dog Kennelling,364,41.49,Kennel
Dog Day Care Centre,336,29,Kennel
Overnight Dog Boarding Near Me,58,10,Kennel
Dog Daycare,1002,66.14,Kennel
Dog Boarding,2064,290.07,Kennel
Dog Boarding Kennels Near Me,120,13.33,Kennel
Dog Boarding Kennels,727,88.17,Kennel
Dog Kennels Near Me,439,48.45,Kennel
Local Dog Groomers Near Me,132,6.5,Kennel
Dog Grooming Services,222,25,Kennel
Grooming Near Me For Dogs,235,31.5,Kennel
Dog Haircut,43,3,Kennel
Dog Grooming,863,97.65,Kennel
Dog Grooming Near Me,378,40.5,Kennel
Dog Grooming Services Near Me,185,14.5,Kennel
Dog Grooming Places Near Me,157,16,Kennel
Dog Groomers In My Area,58,3,Kennel
Cat Boarding Near Me,401,55,Kennel
Cat Kennel Near Me,181,17.5,Kennel
Cat Boarding Kennels,249,28.5,Kennel
Cat Kennelling,33,4,Kennel
Cat Daycare,343,29,Kennel
Cat Boarding Services,101,7,Kennel
Cat Boarding,1032,100.5,Kennel
Cat Grooming Services Near Me,246,18.5,Kennel
Cat Grooming Near Me,195,21.5,Kennel
Professional Cat Grooming,789,88,Kennel
Cat Grooming Services,100,19,Kennel
Cat Claw Trimming Service,108,7,Kennel
Cat Nail Trimming Near Me,31,2,Kennel
Cat Shaving Near Me,3,1,Kennel
Dog Obedience Classes Edmonton,80,5,Kennel
Puppy Obedience Training,168,12,Kennel
Dog Obedience Training Near Me,231,14,Kennel
Obedience Training Edmonton,144,20.5,Kennel
Dog Obedience Training,67,4.5,Kennel
kitchen exhaust cleaning,15,2,Cleaning
Air Conditioner Cleaning,63,3,Cleaning
Vent Cleaning,39,3,Cleaning
Vent Cleaning Near Me,5,1,Cleaning
Air Duct Cleaning,68,7,Cleaning
Duct Cleaning,117,7,Cleaning
Air Duct Cleaning Near Me,10,1,Cleaning
Racking industriel,198,4,Warehouse
Rack de Rangement Industriel,120,2,Warehouse
Paletier,39,1,Warehouse
rayonnage,70,1,Warehouse
Etagere industrielle,85,1,Warehouse
Racking,463,11,Warehouse
Rayonnage Industriel,41,1,Warehouse
Rack de Stockage Industriel,69,1,Warehouse
Mezzanine Pour Entrepôt,8,1,Warehouse
Nettoyage Ocre Ferreux,34,1,Plumber
Nettoyer Drain Garage,75,6,Plumber
Nettoyage De Drain,16,1,Plumber
Nettoyage Drain Maison,13,2,Plumber
Nettoyage Drain Fosse Septique,45,3,Plumber
palettier,160,5,Warehouse
Installation de Racking,35,2,Warehouse
Ergonomic Consulting,5,0.5,Chiropractor
ergonomic assistance,5,0.5,Chiropractor
Débouchage Tuyauterie,353,8,Plumber
Débouchage De Drain,27,2,Plumber
Débouchage Urgence,6,2,Plumber
Débouchage Laval,1,1,Plumber
Déboucher Les Canalisations,33,1,Plumber
Urgence Canalisation Bouchée,2,1,Plumber
Pour Déboucher Les Canalisations,77,1,Plumber
Débouchage Canalisation,234,6,Plumber
Entraîneur Personnel,134,2,Sport
Entraineur Sportif Personnel,272,2,Sport
Kinésiologie Rive Sud,4,1,Sport
Service de Kinésiologie,56,3,Sport
Kinésiologue Tarif,34,2,Sport
Ostéopathie Brossard,14,1,Sport
Ostéopathe Tarif,71,1,Sport
3d Print Lab,1,1,Printer Contractor
Thérapie Sportive,33,3,Sport
Thérapeute du Sport,71,1,Sport
Luminaire DEL Suspendu,187,2,Electrician
électricien Industriel,14,1,Electrician
électricien de bâtiment,93,11,Electrician
électricien bâtiment,51,5,Electrician
Borne De Recharge Électrique,1244,31,Electrician
Borne De Recharge,154,7,Electrician
borne électrique,30,6,Electrician
Borne Recharge Voiture Électrique,306,12,Electrician
Conteneur à Vendre Prix 40 Pied,14,1,Container
Chargeur Voiture Electrique,87,1,Electrician
borne recharge voiture électrique,29,1,Electrician
Conteneur 40 Pieds Prix,15,1,Container
Panneau Électrique Maison,143,2,Electrician
Changement Panneau Électrique,158,5,Electrician
Conteneur 20 Pieds Prix,11,1,Container
Conteneur 20 Pieds à Vendre,32,3.5,Container
Conteneur 20 Pied,40,3,Container
Entrée Électrique 400 Ampères,67,1,Electrician
Conteneur Usagé à Vendre,38,1,Container
Conteneur Maritime à Vendre,19,0.5,Container
Conteneur Isolé à Vendre,11,3,Container
Achat Conteneur,11,1,Container
Compagnie de Conteneur,19,1,Container
Acheter Un Container,11,1,Container
Conteneur à Vendre,57,5,Container
conteneur maritime a vendre,61,12,Container
Conteneur a Vendre Prix,22,1,Container
Conteneur à Vendre Particulier,31,2,Container
Achat Container,15,2,Container
Conteneur a Vendre,173,7,Container
Décontamination De Sol,167,5,Excavator
Décontamination Des Sols,18,4,Excavator
Décontamination Du Sol,37,2,Excavator
Décontamination Du Sol,36,3,Excavator
Sol Contaminé,149,3,Excavator
Décontamination De Sol,116,13,Excavator
décontamination terrain,39,4,Excavator
Décontamination Sol,101,3,Excavator
Cours De Judo,46,2,Sport
Cours De Sport De Combat,22,1,Sport
Cours Sport De Combat,539,9,Sport
Cour Art Martiaux,202,3,Sport
Cours Judo,68,4,Sport
Cours Particulier Art Martiaux,16,1,Sport
Cours De Jiu Jitsu,24,1,Sport
Cours Jiu Jitsu,126,1,Sport
Jujitsu Brésilien,39,4,Sport
Cour De Jujitsu,23,1,Sport
Jitsu Brésilien,18,1,Sport
Club Jiu Jitsu,30,2,Sport
Jiu Jitsu Brossard,65,3,Sport
Club De Jiu Jitsu Brésilien,29,1,Sport
Cours De Kickboxing,129,3,Sport
Cours Kickboxing,84,1,Sport
Entraînement Kick Boxing,3,1,Sport
Kick Boxing Cours,285,17,Sport
Cours Kick Boxing,114,2,Sport
Club De Kick Boxing,75,7,Sport
Hazardous Waste Management Services,12,1.31,Disposal
Hazardous Waste Management,52,1,Disposal
Biomedical Waste Disposal,35,2,Disposal
Medical Waste Disposal Near Me,25,1,Disposal
Medical Waste Management,31,1,Disposal
Hazardous Waste Disposal,238,18,Disposal
Hazardous Waste Removal,59,9,Disposal
Local Hazardous Waste Disposal,108,7,Disposal
Hazardous Waste Disposal Near Me,611,52.5,Disposal
Hazardous Waste Disposal Companies Near Me,8,7,Disposal
Hazardous Material Disposal,467,35,Disposal
Hazardous Waste Disposal Service,118,14,Disposal
Hazardous Waste Disposal Company,74,11,Disposal
Nearest Hazardous Waste Disposal,21,3,Disposal
Hazardous Waste Removal Near Me,29,9,Disposal
Biohazard Waste Disposal,42,2,Disposal
Hazardous Disposal Near Me,165,20.19,Disposal
Industrial Hazardous Waste Disposal,3,1,Disposal
Industrial Waste Disposal,51,6,Disposal
Industrial Waste Management Services,7,1,Disposal
Cpr And First Aid Training,165,1,Training Classes
First Aid And Cpr Course,146,2,Training Classes
Cpr Training,88,1,Training Classes
Course First Aid,19,0.67,Training Classes
First Aid Cpr Training Winnipeg,254,3,Training Classes
Red Cross First Aid Training,38,2,Training Classes
First Aid Training,119,0.33,Training Classes
Emergency First Aid Cpr C,47,1,Training Classes
Red Cross First Aid Course,132,5,Training Classes
First Aid Certification Winnipeg,141,1,Training Classes
Certificate Safety,124,1,Training Classes
Course Of Safety,134,1,Training Classes
Respirator Fit Testing,77,1,Training Classes
Armoire De Cuisine,24,2,Home Cabinets
Changement de Pneu,28,5,Car Battery
Installation de Pneu,25,4,Car Battery
Changement de Pneu Gatineau,27,9,Car Battery
Vendeur de Pneus,90,9,Car Battery
pneus vente,48,2,Car Battery
Pneu Gatineau,64,11,Car Battery
Vente Pneu,103,9,Car Battery
Vente de Pneu,96,8,Car Battery
Pneu Vente,15,2,Car Battery
Pneu à Vendre,16,1,Car Battery
Pneu Hiver à Vendre,131,12,Car Battery
Achat de Pneus,286,24.33,Car Battery
Electricien de Maintenance,221,6,Electrician
Électricien Commercial,196,10,Electrician
Électricité Bureau,1,1,Electrician
Maintenance Electrique Industriel,12,3,Electrician
Electricite Batiment Industriel,8,1,Electrician
Electricité Industriel,65,2,Electrician
Electricite Maintenance Industriel,13,3,Electrician
Électricien Industriel,97,3,Electrician
Electrical Repair Services,17,1,Electrician
Electric Repair Company,27,2,Electrician
Electrical Repair,84,5,Electrician
Repair Electrical Appliances Near Me,189,7,Electrician
Electrician Repair,73,12,Electrician
Electrical Technician Near Me,17,2,Electrician
Generator Technician Near Me,6,1,Electrician
Generator Companies Near Me,21,1,Electrician
Residential Electricians,3,1,Electrician
Local Electricians Near Me,21,2,Electrician
Certified Electrician,64,6,Electrician
Electrical Services,319,26.5,Electrician
Electrician Moncton,188,31,Electrician
Electrician Contractors,252,13.5,Electrician
Electricians Companies,34,3,Electrician
Electrician,65,5,Electrician
Electrical Contractors Near Me,1,1,Electrician
Moncton Electrician,90,20.5,Electrician
Rampe en verre trempé extérieur,2,1,Construction
Rampe balcon aluminium,3,2,Construction
Rampe aluminium exterieur,9,2,Construction
Balcon aluminium,7,1,Construction
Designer Interieur Maison,82,2,Renovation
Désigner Intérieur,111,3,Renovation
Design d Intérieur,327,7,Renovation
Designer d'Interieur,240,2,Renovation
Designer Dinterieur,110,1,Renovation
Designer Maison Interieur,45,1,Renovation
traffic ticket attorneys,3,1,Lawyer
Electrician Repair,2,1,Electrician
Electrical Repair,5,1,Electrician
Electrician Contractors,23,3,Electrician
Electrician Moncton,7,1,Electrician
Electrical Services,18,4,Electrician
Metal Manufacturing Company,7,1,Machine Shop
installation cloture,18,2,Landscaper
Réparation Clôture,7,1,Landscaper
clôture pour piscine,24,1,Landscaper
Extermination Gatineau,14,2,Exterminator
Exterminateur Gatineau,164,18,Exterminator
Extermination,1,2,Exterminator
Gestion Parasitaire,46,3,Exterminator
Exterminateurs,36,4,Exterminator
Extermination,235,14,Exterminator
Traitement Rat,2,1,Exterminator
Exterminateur Rat,18,1,Exterminator
Exterminateur de Rat,4,1,Exterminator
Exterminateur Rongeur,38,2,Exterminator
Toit En Métal,18,1,Roofer
Toronto Metal Recycling,4,2,Disposal
Designer Interieur Maison,16,1,Renovation
Storage for Rent,29,3,Moving Services
Storage Montreal,137,10,Moving Services
Storage Near Me,7,1,Moving Services
Storage Units Near Me,24,2,Moving Services
Storage Unit,108,5,Moving Services
Storage Space,24,3,Moving Services
House Movers,9,2,Moving Services
Moving Companies Montreal,10,1,Moving Services
Movers,5,1,Moving Services
Montreal Movers,28,4,Moving Services
Best Movers Montreal,6,1,Moving Services
Best Moving Companies Montreal,8,1,Moving Services
Westmount Movers,16,1,Moving Services
Moving Company,43,7,Moving Services
Commercial Movers Near Me,1,1,Moving Services
Commercial Movers,4,1,Moving Services
Offices Moving,1,1,Moving Services
Piano Movers Montreal,16,4,Moving Services
Piano Movers,18,1,Moving Services
Piano Moving Service,12,4,Moving Services
Piano Movers Near Me,3,1,Moving Services
Metal Spinning,14,1,Machine Shop
thermographie bâtiment,131,8,Electrician
Thermographie Bâtiment,201,22,Electrician
Thermographie,125,2,Electrician
imageur thermique infrarouge,30,2,Electrician
Thermographie Armoire Électrique,13,6,Electrician
Thermographie Industrielle,32,6,Electrician
Thermographie Électrique,108,7,Electrician
thermographie électrique,5,1,Electrician
Thermographie Quebec,24,1,Electrician
Thermographie Infrarouge,147,1,Electrician
thermographie montréal,23,2,Electrician
Analyse Thermique,67,1,Electrician
Thermographie Inspection,112,3,Electrician
Inspection Thermique,221,13,Electrician
Inspection Thermographique,158,6,Electrician
Déménageur Piano,1,1,Moving Services
Déménagement Repentigny,1,1,Moving Services
Service de Déménagement,10,1,Moving Services
Mini Entrepot Montreal,11,1,Moving Services
Rampe en verre extérieur,86,4,Construction
Balcon fibre verre,858,92,Construction
Patio en fibre de verre,183,19,Construction
Balcon fibre de verre,53,4,Construction
Balcon fibre de verre sur mesure,11,1,Construction
Balcon en fibre de verre,510,54.17,Construction
Balcon de fibre de verre,119,12.67,Construction
Fibre de verre balcon,413,54,Construction
Balcon aluminium,812,71,Construction
Aluminium balcon,54,1,Construction
Balcons en aluminium,44,2,Construction
Garde corps exterieur alu,131,11,Construction
Rampe de balcon en aluminium,20,1,Construction
Rampe aluminium à vendre,183,9,Construction
Rampe aluminum,988,83.33,Construction
Rampe aluminium exterieur,22,2,Construction
Custom 3d Printing,6,3,Printer Contractor
Metal Fabrication Services,9,1,Machine Shop
Metal Forming,8,1,Machine Shop
Terrassement Et Excavation,20,1,Excavator
Excavation Terrassement,69,6,Excavator
terrassement magog,20,1,Excavator
excavation terrain,80,5,Excavator
Excavation Et Terrassement,2,2,Excavator
Terrassement,30,1,Excavator
Terrassement Excavation,112,6.67,Excavator
Compagnie De Terrassement,142,8,Excavator
entrepreneur terrassement,9,1,Excavator
terrassement sherbrooke,26,1,Excavator
compagnie terrassement,63,1,Excavator
fissure de fondation,2,1,Excavator
Travaux Excavation,52,2,Excavator
Compagnie Excavation,773,44.83,Excavator
Mini Excavation Sherbrooke,46,2,Excavator
Excavation Magog,127,18,Excavator
Entrepreneur En Excavation,144,5.5,Excavator
Excavation Sherbrooke,178,31,Excavator
Entrepreneur Excavation,49,3,Excavator
Excavation à Sherbrooke,83,6.5,Excavator
Excavation Orford,51,5.5,Excavator
installateur fosse septique,22,1,Excavator
Fosse Septique,382,27,Excavator
Installation Fosse Septique,86,4,Excavator
devis fosse septique,12,1,Excavator
Champ Septique,32,2,Excavator
nettoyage champ d épuration,13,1,Excavator
Fosse Septique Sherbrooke,67,10,Excavator
Champ D'épuration,123,4.5,Excavator
Champ Épuration Fosse Septique,35,3.5,Excavator
Installation Septique,45,2,Excavator
Système De Fosse Septique,27,2,Excavator
Nettoyage Conduit,16,1,Cleaning
Nettoyage Conduit Aération,3,1,Cleaning
Nettoyage De Conduit De Ventilation,9,2,Cleaning
Nettoyage Conduit Ventilation,14,2,Cleaning
Échangeur d'Air Nettoyage,2,1,Cleaning
Nettoyage Échangeur Air,8,1,Cleaning
Emboutissage De Métal,15,2,Machine Shop
Emboutissage Inox,1,1,Machine Shop
Fabrication Métallique Sur Mesure,44,1,Machine Shop
Fabrication Métallique Industrielle,29,1,Machine Shop
Fabricant De Pièces Métalliques,22,3,Machine Shop
Fabrication Des Métaux,35,2,Machine Shop
Fabrication Pièce Métal Sur Mesure,25,2,Machine Shop
Fabrication De Pièces Métalliques Sur Mesure,6,1,Machine Shop
Fabrication Piece Inox Sur Mesure,12,1,Machine Shop
Fabrication Métal,113,4,Machine Shop
Repoussage Métal,17,1,Machine Shop
Pliage Acier,20,1,Machine Shop
Pliage De Métal,170,11,Machine Shop
Pliage Metal Sur Mesure,32,2,Machine Shop
Vente Air Climatisé,92,1.67,Hvac
Thermopompe Piscine,850,66.83,Hvac
Thermopompe De Piscine,84,5,Hvac
Installation Thermopompe Piscine,61,8,Hvac
Terrassement Excavation,2,2,Excavator
Fosse Septique,16,1,Excavator
Installation Fosse Septique,1,2,Excavator
Champ Septique,2,1,Excavator
Excavation à Sherbrooke,4,1,Excavator
Excavation Orford,1,1,Excavator
Travaux Excavation,37,2,Excavator
Excavation Sherbrooke,5,1,Excavator
Piano Movers,3,1,Moving Services
Piano Transport,4,3,Moving Services
Piano Movers Montreal,7,2,Moving Services
Montreal Movers,3,1,Moving Services
Storage Montreal,29,2,Moving Services
Self Storage,17,1,Moving Services
Storage Unit,23,1,Moving Services
Ergonomic Assessment Training,16,1,Chiropractor
Office Ergonomics Course,2,1,Chiropractor
Office Ergonomics Program,14,1,Chiropractor
Ergonomics Training Program,44,2,Chiropractor
Ergonomics Specialist,55,7,Chiropractor
ergonomic assessment,11,1,Chiropractor
Ergonomic Consulting,33,4.5,Chiropractor
ergonomic assessment,40,1,Chiropractor
Ergo Assessment,72,8.5,Chiropractor
Ergonomic Assessment,13,4,Chiropractor
Minientrepot,11,1,Moving Services
Entreposage Montréal,463,39.5,Moving Services
Location Mini Entrepot,162,5,Moving Services
Mini Entrepot Montreal,163,15,Moving Services
cuisiniste rive nord,4,2,Home Cabinets
cuisine sur mesure,5,1,Home Cabinets
Cuisine Fabricant,137,6,Home Cabinets
cuisiniste laurentides,4,1,Home Cabinets
Fabricant Cuisine,57,7,Home Cabinets
Fabrication De Cuisine,29,3,Home Cabinets
Fabricant Cuisine Sur Mesure,98,7,Home Cabinets
Cuisine Fabricant,3,1,Home Cabinets
Creation Cuisine Sur Mesure,2,1,Home Cabinets
Artisan Menuisier Cuisine Sur Mesure,5,1,Home Cabinets
Fabrication De Cuisine,1,1,Home Cabinets
Fabricant Cuisine,7,1,Home Cabinets
Armoire De Cuisine,185,8,Home Cabinets
Armoire Cuisine,23,1,Home Cabinets
ilot de cuisine,129,6,Home Cabinets
Meubles De Cuisine,1046,13,Home Cabinets
comptoir de cuisine,460,16.05,Home Cabinets
comptoir de cuisine,133,7,Home Cabinets
Armoire Cuisine,351,11,Home Cabinets
Fabricant Armoire De Cuisine,97,3,Home Cabinets
Armoire De Cuisine,1261,31.04,Home Cabinets
batterie gatineau,9,1,Car Battery
Thermographie Bâtiment,31,4,Electrician
Batterie Marine,10,1,Car Battery
Batterie Auto,12,5,Car Battery
Inspection Thermique,5,1,Electrician
Thermographie Électrique,10,3,Electrician
remorquage alma,68,26.5,Transport
Service Remorquage,441,102,Transport
Dépanneuse,48,12,Transport
Compagnie de Remorquage,7,1.5,Transport
Service de Remorquage,53,11.5,Transport
Remorquage Lourd,26,7,Transport
Remorquage,92,37.17,Transport
remorquage chicoutimi,52,21,Transport
Remorquage Saguenay,215,69.33,Transport
Remorquer une Voiture,2,1,Transport
remorquage la baie,50,26,Transport
Remorquage Voiture,42,10,Transport
Réparation Pavé Uni,84,6,Cleaning
Réparation Pavé Uni Rive Sud,24,1,Cleaning
Réparation de Pavé Uni,137,13,Cleaning
Lavage Haute Pression,142,9,Cleaning
Service De Lavage Haute Pression,46,4,Cleaning
Nettoyage Haute Pression,32,1,Cleaning
Transporteur Routier,59,6,Transport
Transport Conteneur,30,7,Transport
Transport Routier,56,4,Transport
Transport de Vehicule,43,3,Transport
Remorquage Saguenay,3,1,Transport
Compagnie de Transport,186,9,Transport
Transport Vehicule,24,2,Transport
Entreprise Transport,208,23.5,Transport
Transport Voiture,39,2,Transport
Transport Marchandise,176,18.5,Transport
Transport de Camion,41,8,Transport
Service Transport,120,16,Transport
Nettoyage Pavé,38,1,Cleaning
Entretien Pavé Uni,81,3,Cleaning
Entretien Pavé,81,4,Cleaning
Entretien de Pavé Uni,51,6,Cleaning
achat conteneur,31,3.5,Transport
Conteneur Usagé,1,1,Transport
Conteneur,13,1,Transport
vente de conteneur,281,34,Transport
Conteneur 10 Pieds,15,1,Transport
achat de conteneur,163,24.33,Transport
Conteneur Maritime,32,1,Transport
Conteneur Entreposage,128,22,Transport
conteneur chicoutimi,43,9,Transport
Conteneur a Vendre,48,1,Transport
Conteneur à Vendre,307,40.8,Transport
conteneur maritime a vendre,293,44.37,Transport
Conteneurs Maritimes,186,16.5,Transport
Conteneur 20 Pieds à Vendre,48,2,Transport
Conteneur Usagé a Vendre,75,7,Transport
Conteneur Saguenay,391,73.5,Transport
Conteneur 40 Pieds à Vendre,18,1,Transport
décontamination terrain,12,1,Excavator
Décontamination Du Sol,15,1,Excavator
Trouver Un Electricien,13,1,Electrician
Électricien Montréal,14,1,Electrician
Électricien,13,4,Electrician
Entreprise Electricien,73,3,Electrician
Maitre Electricien,34,5,Electrician
Electricité Industriel,9,1,Electrician
Electricien Depannage,12,3,Electrician
Service Impression 3d,696,48.83,Printer Contractor
Impression 3d,1650,75.67,Printer Contractor
Fabrication Additive,14,1,Printer Contractor
3d Impression,126,2,Printer Contractor
Conception 3d,919,23,Printer Contractor
Impression 3d Modèle,108,2.5,Printer Contractor
Ev Charger Installation,3,1,Electrician
Residential Electrician,6,3,Electrician
Licensed Electrician,4,1,Electrician
Electrical Contractors,9,2,Electrician
Electrician Services,17,1,Electrician
Vente Porcelaine,5,1,Ceramic
Installation Borne Electrique,4,1,Electrician
Racking installation,24,1,Warehouse
Racking Repair,7,1,Warehouse
Storage Racking,128,1,Warehouse
Industrial Racking,275,6,Warehouse
Pallet Shelving,38,2,Warehouse
Racking Company,24,1,Warehouse
Racking Manufacturers,16,1,Warehouse
Warehouse Racking,158,1,Warehouse
Pallet Storage,48,1,Warehouse
Pallet Racking,169,3,Warehouse
Vente Thermopompe Piscine,6,2,Hvac
Installation Thermopompe Piscine,5,1,Hvac
Thermopompe Piscine,72,3,Hvac
Gestion Parasitaire,85,12,Exterminator
Compagnie d'Extermination,41,5,Exterminator
Exterminateur,11,3,Exterminator
Services d'Extermination,10,2,Exterminator
Extermination Montréal,2,1,Exterminator
Exterminateur Souris,18,2,Exterminator
Punaises De Lit,194,4,Exterminator
Exterminateur Punaise De Lit,8,1,Exterminator
Extermination Blattes,7,1,Exterminator
Conteneur 20 Pieds Prix,4,1,Container
achat conteneur maritime,92,3,Container
conteneur maritime,2,1,Container
nettoyage de hotte,18,2,Cleaning
nettoyeur de hotte,4,1,Cleaning
nettoyage hotte de cuisine,81,2,Cleaning
nettoyage air climatisé mural,298,84,Cleaning
Nettoyage Climatiseur Mural,37,1,Cleaning
nettoyage conduit ventilation,156,37,Cleaning
Nettoyage Air Climatisé Mural,39,1,Cleaning
Nettoyage Ventilation Maison,182,30,Cleaning
Nettoyage Échangeur d'Air,69,2,Cleaning
nettoyer échangeur d'air,13,1.5,Cleaning
nettoyage échangeur d'air,95,31,Cleaning
nettoyage echangeur d'air,6,1,Cleaning
Échangeur d'Air Nettoyage,90,15.5,Cleaning
Nettoyage Échangeur Air,36,2,Cleaning
échangeur d air entretien,7,4,Cleaning
Nettoyage Conduit Sécheuse,106,45,Cleaning
Nettoyage Conduit De Sécheuse,23,8,Cleaning
Nettoyage De Conduit De Sécheuse,3,1,Cleaning
Nettoyage Conduit De Ventilation,30,1,Cleaning
Nettoyage De Conduit De Ventilation,52,2,Cleaning
Nettoyage De Conduit Ventilation,145,15.67,Cleaning
Nettoyage De Conduit,51,2,Cleaning
Nettoyage Conduit Air,102,9,Cleaning
Nettoyage Conduit Hotte De Cuisine,40,1,Cleaning
Nettoyage Conduit Ventilation,78,1,Cleaning
Nettoyage Conduit Aération,85,3.33,Cleaning
Exterminateur Gatineau,23,2,Exterminator
coccinelle maison,9,1,Exterminator
Exterminateur de Rat,4,2,Exterminator
Maitre Electricien Montreal,33,4,Electrician
Électricien,68,7,Electrician
Electricien Chauffage Électrique,23,1,Electrician
Contracteur Electricien,2,1,Electrician
Électricien Montréal,117,16,Electrician
Trouver Un Electricien,517,16.5,Electrician
Entreprise Electricien,1273,44.5,Electrician
entrepreneur electricien,170,7,Electrician
electricien montreal,28,1,Electrician
Maitre Electricien,77,2,Electrician
Électricien à Montréal,116,10,Electrician
Depannage Electricien,10,1,Electrician
Urgence Electricien,5,3,Electrician
je cherche un électricien,75,12,Electrician
Électricien Urgence,22,7,Electrician
Électricien Dépannage Urgence,18,4,Electrician
Electricien Depannage,128,19,Electrician
Electricien Urgent,19,4,Electrician
Metal Punching,73,9,Machine Shop
Metal Spinning,8,6,Machine Shop
Metal Spinning,52,11,Machine Shop
Metal Cutting,292,13,Machine Shop
Metal Shearing,20,1,Machine Shop
Custom Metal Fabrication,256,14,Machine Shop
Sheet Metal Fabrication,105,5,Machine Shop
Metal Fabrication Services,256,13.5,Machine Shop
Metal Manufacturing Company,569,26.5,Machine Shop
Fabrication De Métal,4,1,Machine Shop
Fabricant De Pièces Métalliques,3,1,Machine Shop
Thermographie Bâtiment,6,1,Electrician
Pest Control Near Me,1,1,Exterminator
Pest Removal,4,2,Exterminator
Extermination Gatineau,9,1,Exterminator
Extermination Ottawa,7,2,Exterminator
Exterminator Services,31,3,Exterminator
Extermination,16,3,Exterminator
Borne Recharge Voiture Électrique,7,1,Electrician
Borne De Recharge Électrique,37,1,Electrician
Pliage De Métal,39,3,Machine Shop
Destruction Services,131,1,Disposal
Product Destruction Companies,11,1,Disposal
Fabrication Pièce Métal Sur Mesure,6,1,Machine Shop
Fabrication Piece Acier Sur Mesure,5,2,Machine Shop
Secure Destruction Services,154,1,Disposal
Machinist Apprentice Jobs,4,1,Manufacturing
Terrassement Excavation,5,2,Excavator
terrassement sherbrooke,44,4,Excavator
excavation lescault,26,12,Excavator
terrassement magog,20,2,Excavator
mini excavation magog,23,3,Excavator
Excavation Sherbrooke,35,3,Excavator
excavation lescault,8,5,Excavator
Excavation Magog,17,2,Excavator
Montreal Exterminator,11,2.5,Exterminator
Longueuil Exterminator,2,1,Exterminator
Exterminator Montreal,10,1,Exterminator
Extermination Services,9,1,Exterminator
West Island Exterminator,9,2,Exterminator
Exterminator Laval,8,1,Exterminator
Exterminator West Island,6,3,Exterminator
Cockroach Pest Control,50,2,Exterminator
cockroach pest,24,1,Exterminator
Pest Control Services,17,2,Exterminator
pest treatment,11,1,Exterminator
Mice Control,30,1,Exterminator
Mouse Pest Control Company,7,1.5,Exterminator
Mouse Pest Control,30,1,Exterminator
Mice Extermination,21,2,Exterminator
Mice Exterminator Near Me,2,1,Exterminator
bed bug pest control,9,1,Exterminator
Bed Bug Exterminator,8,1,Exterminator
fosse septique magog,13,1,Excavator
evaluation fosse septique,14,1,Excavator
installateur fosse septique,5,3,Excavator
fausse septique,17,3,Excavator
Fosse Septique,25,2,Excavator
Cockroach Exterminator,4,1,Exterminator
Mice Extermination,10,1,Exterminator
Bed Bugs Removal,10,2,Exterminator
conteneur maritime,6,1,Container
Conteneur à Vendre,3,0.5,Container
Conteneur a Vendre,11,1.5,Container
Electrician Near Me,5,1,Electrician
Plancher Epoxy,4,2,Flooring
réparer marche béton,2,1,Flooring
réparation béton,25,7,Flooring
Impression 3d,49,1,Printer Contractor
Conception 3d,40,5,Printer Contractor
Projet Domiciliaire,338,3,Construction
Maison Constructions,998,1,Construction
Construction Maison Neuve,1547,1,Construction
Plan de Construction Maison,785,1,Construction
Modèle Jumelé,522,2,Construction
Plumbing Companies,7,2,Plumber
Plumber Montreal,8,1,Plumber
Plumbers Near Me,8,4,Plumber
Plumbing Services,25,2,Plumber
Emergency Plumbing Service,8,3,Plumber
Emergency Plumber,9,5,Plumber
Air Conditioning Company,3,2,Hvac
Auto Body Putty,28,3,Car Painting
Best Auto Body Filler,14,2,Car Painting
Auto Body Shop Supplies,53,6,Car Painting
Autobody Supplies Near Me,40,3,Car Painting
Body Shop Supplies,260,36.5,Car Painting
Autobody Supplies,323,25.5,Car Painting
Autobody Supply,1556,143,Car Painting
Crane Rental,57,6,Excavator
Dump Truck Rental,141,25,Excavator
Excavator Rental,76,3,Excavator
Mini Excavator Rental,72,1,Excavator
Dump Trucks For Hire Near Me,14,4,Excavator
Dozer Rental,15,1,Excavator
Mini Excavator Rental Near Me,16,1,Excavator
Flat Bed Truck Rental,135,6,Excavator
Crane Companies,9,3,Excavator
Boom Truck Rental,52,7,Excavator
Equipment Rental,1227,21,Excavator
Automotive Paint Gun,151,3,Car Painting
HVLP Spray Gun,120,1,Car Painting
Paint Sprayers For Sale,107,5,Car Painting
Road Construction Company,23,2,Excavator
Road Construction,120,10,Excavator
Sandpaper Abrasives,34,2,Car Painting
Abrasives,126,6,Car Painting
Abrasive Sandpaper,30,3,Car Painting
Broken House Window Repair Near Me,50,7,Glass
Residential Window Repair Near Me,67,5,Glass
Residential Window Glass Replacement,5,1,Glass
House Window Glass Replacement,118,9,Glass
Home Window Glass Repair,47,14,Glass
Residential Window Repair,248,31,Glass
Home Window Repair,99,4,Glass
Glass Glazier,74,14,Glass
Glass Suppliers Near Me,72,12,Glass
Glass Specialist,146,17,Glass
Glazier,6,1,Glass
Glass Professional,1,2,Glass
Glass Suppliers,114,3,Glass
Glazing Company,52,5,Glass
Glass Company Near Me,148,13.5,Glass
Glass Company,1514,127,Glass
Bathroom Glass Showers,328,12.5,Glass
Shower Glass Ottawa,95,7.5,Glass
Shower Doors Ottawa,145,8,Glass
Shower Custom Glass,8,1,Glass
Custom Made Glass Shower Doors,45,5,Glass
Frameless Glass Shower Doors,77,2,Glass
Glass Shower Doors,833,36,Glass
Shower Enclosures Glass,132,8,Glass
Custom Made Shower Doors,120,5,Glass
Glass Shower Doors Ottawa,122,16.5,Glass
Blinds And Window Coverings,57,2,Glass
Blind Window Covering,45,2,Glass
Window Blinds,250,1,Glass
Shutter Blinds,193,6,Glass
Glass And Mirror Store Near Me,53,8,Glass
Glass & Mirror Companies Near Me,55,4,Glass
Round Bevelled Mirror,13,1,Glass
Mirror Company,43,1,Glass
Custom Cut Mirror,301,40,Glass
Custom Sized Mirrors,339,19,Glass
Custom Made Mirrors,108,5,Glass
Mirror Company Near Me,98,7,Glass
Bevelled Wall Mirror,40,1,Glass
Frameless Bevelled Mirror,34,2,Glass
Bevelled Glass Mirror,188,15,Glass
Air Conditioning Service,105,3,Hvac
Air Conditioning Company,315,23,Hvac
AC Installation,124,4,Hvac
Air Conditioning Installation,181,4,Hvac
Air Conditioning Companies Near Me,9,1,Hvac
Air Conditioning Repair,118,4,Hvac
AC Servicing,92,2,Hvac
AC Cleaning,151,4,Hvac
Air Conditioning Repair Service,73,6,Hvac
AC Repair,218,18,Hvac
AC Maintenance,79,4,Hvac
Auto Repair Shop,8,1,Tire store
Entreprise De Plomberie,7,1,Plumber
Outdoor deck enclosures,5,1,Renovation
Outdoor patio screens,18,1,Renovation
Outdoor patio screens,7,1,Renovation
mécanique poids lourd,27,1,Car Mechanic
Mécanique Mobile Camion Lourd,3,1,Car Mechanic
Service Mécanique Mobile,3,1,Car Mechanic
Mécanique Mobile,59,2,Car Mechanic
entretien camion,6,1,Car Mechanic
pepin equestre,83,3,Cloth
Rematech Bremo,31,6,Other Industries
Rematech,29,5,Other Industries
rematech quebec,14,1,Other Industries
Toiture,15,2,Roofer
Toiture,3,3,Roofer
Car Repair Near Me,35,1,Tire store
Mechanic Shop,193,3,Tire store
Auto Mechanic Near Me,20,1,Tire store
Auto Air Conditioning Repair,24,1,Tire store
Auto Ac Repair,9,1,Tire store
Wheel Alignment,108,4,Tire store
Auto Repair Shop,193,2,Tire store
Car Repair Shops,51,1,Tire store
Automotive Shop,143,5,Tire store
Auto Garage Near Me,83,1,Tire store
auto service shop,174,6.5,Tire store
Denture Office,2,1,Dentist
Dentures Teeth,11,2,Dentist
Dentures Winnipeg,6,1,Dentist
Magasin Pour Cheval,659,17,Cloth
Boutique Cheval,357,14,Cloth
Magasin Cheval,88,1,Cloth
Licou Cheval,118,2,Cloth
Bonnet Pour Chevaux,32,2,Cloth
Mors De Cheval,83,1,Cloth
Mors Cheval,143,1,Cloth
Bottes Pour Chevaux,279,4,Cloth
Harnais Cheval,46,4,Cloth
Bonnet Cheval,38,2,Cloth
Harnais Pour Cheval,49,4,Cloth
Nettoyage Puits,3,1,Well Drilling
Nettoyage De Puits,4,1,Well Drilling
Équipement Cheval Western,113,1,Cloth
Boutique Western,1211,40,Cloth
Magasin Équestre,384,14,Cloth
Boutique Équestre,2149,66,Cloth
pepin equestre,2890,105,Cloth
magasin equitation,109,1,Cloth
boutique western granby,44,1,Cloth
magasin equestre,167,8,Cloth
Tapis Pour Cheval,537,7,Cloth
boutique equitation,189,3,Cloth
Boutique Équestre En Ligne,438,6,Cloth
equipement pour equitation,483,5,Cloth
Accessoire Cheval,898,18,Cloth
pepin boutique equestre,195,9,Cloth
Accessoires De Chevaux,166,1,Cloth
Boutique Équitation,201,3,Cloth
Magasin Équitation,352,4,Cloth
Accessoire Équitation,867,7,Cloth
Produits Pour Chevaux,752,13,Cloth
boutique equestre,1235,41,Cloth
Boutique Équestre Terrebonne,192,14,Cloth
magasin equitation,328,5,Cloth
boutique equestre pepin,279,19,Cloth
Prix Forage Puit,11,1,Well Drilling
Forage Artésien,85,14,Well Drilling
Prix Puit Artésien,2,1,Well Drilling
Puit Artésien Prix,16,2,Well Drilling
Installation Puit,8,2,Well Drilling
Vêtement d'Équitation,433,10,Cloth
Investor Visa,1,1,Lawyer
Immigration Attorney,8,1,Lawyer
Immigration Lawyer,27,9,Lawyer
Glass And Mirror Store Near Me,18,1,Glass
Tree Removal,1384,99.5,Tree Services
Tree Removal Service,76,3,Tree Services
Tree Trimming Service Near Me,104,7,Tree Services
Tree Cutting Service,376,26,Tree Services
Tree Cutting Service Near Me,544,41.5,Tree Services
Tree Trimming Service,64,1,Tree Services
Tree Trimming,334,8,Tree Services
Tree Cutting,637,27,Tree Services
Ramonage Cheminée,62,1,Fireplace
Ramoneur,19,1,Fireplace
Ramoneur Rive Nord,23,1,Fireplace
Ramoneur Cheminée,45,1,Fireplace
Tree Company,123,2,Tree Services
Tree Company Near Me,7,2,Tree Services
Tree Stump Removal,277,17,Tree Services
Stump Removal Cost,16,1,Tree Services
Arborist,58,1,Tree Services
Arborist Services,67,3,Tree Services
Certified Arborist,30,1,Tree Services
Local Arborists,14,1,Tree Services
Tree Arborist,207,13,Tree Services
Arborist Montreal,523,58,Tree Services
Tree Services,398,18,Tree Services
Tree Maintenance,60,2,Tree Services
Tree Pruning,192,6,Tree Services
Tree Pruning Service,909,88.5,Tree Services
Installateur De Cheminée,54,1,Fireplace
Installation Cheminée,47,1,Fireplace
Real Estate Law,6,1,Lawyer
Balance Étiqueteuse,8,2,Printer Contractor
Balance Commerce Alimentaire,9,3,Printer Contractor
Imprimante Étiquette Autocollante,96,4,Printer Contractor
Zebra Imprimante,47,3,Printer Contractor
Imprimante À Étiquettes,157,5,Printer Contractor
CPAP Machine,74,1,Sleeping Disorders
cpap equipment edmonton,81,2,Sleeping Disorders
CPAP Machine For Sleep Apnea,18,1,Sleeping Disorders
Sleep Apnea Equipment,19,1,Sleeping Disorders
Apnea Clinic,6,1,Sleeping Disorders
Sleep Study Doctor,6,1,Sleeping Disorders
Taillage Des Haies,8,1,Landscaper
Abattage Arbre,2,1,Landscaper
Paysagiste Rimouski,20,2,Landscaper
Pépiniériste,38,3,Landscaper
Arbre Abattage,37,1,Landscaper
Prix Abattage Arbre,18,1,Landscaper
Paysagiste Rimouski,268,18,Landscaper
Entrepreneur Paysagiste,103,4,Landscaper
Aménagement Paysager Rimouski,110,5,Landscaper
Paysagement Rimouski,75,10,Landscaper
Entrepreneur Paysagiste,16,3,Landscaper
Pose De Gazon,24,1,Landscaper
Pest Removal,18,2,Exterminator
Edmonton Pest Control,41,4,Exterminator
Pest Control,28,9,Exterminator
Mini-excavation Rimouski,12,1,Landscaper
Mini-excavation,39,1,Landscaper
Mini-excavation,4,1,Landscaper
pepiniere rimouski,178,15,Landscaper
Pépiniériste,43,4,Landscaper
pepiniere rimouski,60,4,Landscaper
Pépinière De Fleurs,74,6,Landscaper
Pépiniériste,713,33,Landscaper
Plant De Fraise,225,4,Landscaper
Vole Pest Control,6,1,Exterminator
Vole Removal,19,2,Exterminator
Taille De Haie De Cèdre,61,5,Landscaper
Taillage Des Haies,113,2,Landscaper
Taillage Haie,38,1,Landscaper
Wasp Exterminator Near Me,1,3,Exterminator
Centre Jardin,286,14,Landscaper
Centre Jardin Rimouski,167,8,Landscaper
Centre Jardin Rimouski,27,2,Landscaper
aménagement extérieur,212,2,Landscaper
Amenagement Extérieur,307,5,Landscaper
Émondage Rimouski,303,26,Landscaper
Émondage Rimouski,35,1,Landscaper
Émondage Arbre,173,5,Landscaper
Installation De Chauffe Eau,38,2,Hvac
Chauffe Eau Installation,32,4,Hvac
Installation Chauffe Eau Gaz,11,1,Hvac
Installation Chauffe Eau Electrique,12,1,Hvac
Cellulose Attic Insulation Cost,4,2,Insulation
Soudure,5,1,Welder
Entreprise Soudure,9,2,Welder
Soudeur À Québec,17,4,Welder
Soudure Métallique,21,3,Welder
Service De Soudure,46,5,Welder
Service Soudure,48,2,Welder
Soudeur Métallique,14,1,Welder
Soudeur Mobile,8,1,Welder
Soudure Mobile,8,2,Welder
Faire Une Mise En Demeure,84,3,Lawyer
Huissier De Justice,16,1,Lawyer
Huissiers,7,1,Lawyer
Commercial Kitchen Equipment,1344,50.5,Restaurant Equipment
Commercial Cooking Supplies Near Me,8,1,Restaurant Equipment
Commercial Kitchen Supplies,190,10,Restaurant Equipment
restaurant equipement,116,10,Restaurant Equipment
Commercial Restaurant Equipment,780,21,Restaurant Equipment
commercial kitchen supply store ottawa,31,1,Restaurant Equipment
Commercial Kitchen Supply Store,109,8,Restaurant Equipment
Commercial Kitchen Equipment Ottawa,178,14.5,Restaurant Equipment
Service De Huissier,22,1,Lawyer
Restaurant Equipment Ottawa,609,46,Restaurant Equipment
Restaurant Kitchen Equipment,175,10,Restaurant Equipment
Restaurant Appliance,93,4,Restaurant Equipment
Kitchen Equipment Ottawa,528,43.5,Restaurant Equipment
Restaurant Equipment Near Me,60,1,Restaurant Equipment
Restaurant Equipment,652,23,Restaurant Equipment
Restaurant Equipment And Supplies,797,44.5,Restaurant Equipment
Restaurant Supply Store,382,19,Restaurant Equipment
Restaurant Supplies Ottawa,225,11,Restaurant Equipment
Ottawa Kitchen Supply,626,23,Restaurant Equipment
ottawa restaurant supply,310,25,Restaurant Equipment
kitchen supplies ottawa,303,19,Restaurant Equipment
restaurant supply ottawa,84,9,Restaurant Equipment
Kitchen Supply Store Ottawa,989,33,Restaurant Equipment
Restaurant Supply Store Ottawa,682,48,Restaurant Equipment
Ontario Restaurant Supply,80,1,Restaurant Equipment
Kitchen Restaurant Supplies,166,10,Restaurant Equipment
restaurant supplies,146,8,Restaurant Equipment
Wire Bonding,36,7,Microelectronics
Ultrasonic Wire Bonding,66,1,Microelectronics
Wire Bonding,1685,43,Microelectronics
Gold Wire Bonding,93,1,Microelectronics
Die Attach,146,1,Microelectronics
Microelectronics Company,269,36,Microelectronics
Thick Film Printing,19,2,Microelectronics
Medical Electronic Manufacturing,66,12,Microelectronics
Microelectronics Company,807,52,Microelectronics
Surface-mount Technology,67,3,Microelectronics
Aerospace Electronic Manufacturing,88,8,Microelectronics
Aerospace Electronic Manufacturing,46,9,Microelectronics
Medical Electronic Manufacturing,84,17,Microelectronics
Microelectronic Design,28,1,Microelectronics
Flip Chip Assembly,46,1,Microelectronics
Chip On Flex,46,6,Microelectronics
Flip Chip Bonding,165,3,Microelectronics
New Home Builders,3,1,Construction
Home Construction Company,14,1,Construction
Clement Marchand,32,10,Hvac
Garage De Mécanique Automobile,8,1,Car Mechanic
Auto Usagé A Vendre,54,2,Car Mechanic
Real Estate Attorney,291,37,Lawyer
Real Estate Law Firm,160,21,Lawyer
Real Estate Lawyer Near Me,69,9,Lawyer
windsor real estate lawyer,156,9,Lawyer
Real Estate Law,116,13,Lawyer
Mise en Demeure Harcèlement,32,1,Lawyer
Faire Une Mise En Demeure,1186,33,Lawyer
Mise En Demeure Huissier,20,1,Lawyer
mise en demeure locataire,17,1,Lawyer
Envoyer Mise En Demeure,39,2,Lawyer
Mise en Demeure,158,2,Lawyer
mettre en demeure,99,5,Lawyer
Coût Huissier,157,2,Lawyer
Service De Huissier,479,64,Lawyer
Prix Huissier,8,1,Lawyer
huissier magog,69,11,Lawyer
Huissier Saisie,61,1,Lawyer
trouver un huissier,83,7,Lawyer
Frais De Huissier,86,4,Lawyer
huissier de justice autour de moi,8,1,Lawyer
huissier de justice Sherbrooke,237,36.5,Lawyer
Justice Huissier,41,5,Lawyer
liste des huissiers de justice,51,3,Lawyer
Huissier Justice,180,21,Lawyer
Huissiers,68,6,Lawyer
Huissier De Justice,719,60,Lawyer
Huissier,162,13,Lawyer
Huissier Juridique,157,25,Lawyer
huissiers de justice,265,11,Lawyer
Réparation Fournaise,65,2,Hvac
Compagnie De Chauffage,28,1,Hvac
Installation Chauffage,24,1,Hvac
Réparation De Chauffage,22,1,Hvac
Fournaise Gaz Naturel,54,1,Hvac
Service D'extermination,28,2,Exterminator
Exterminateur,7,1,Exterminator
Exterminateur Montreal,8,3,Exterminator
Exterminateur Laval,1,2,Exterminator
Extermination Punaises De Lit,1,1,Exterminator
Exterminer Les Rats,7,1,Exterminator
Exterminateur Écureuil,10,1,Exterminator
Ottawa Kitchen Supply,11,1,Restaurant Equipment
Kitchen Restaurant Supplies,13,1,Restaurant Equipment
Restaurant Supplies Ottawa,5,3,Restaurant Equipment
Restaurant Supply Store Ottawa,18,1,Restaurant Equipment
kitchen supplies ottawa,24,3,Restaurant Equipment
Restaurant Equipment And Supplies,4,1,Restaurant Equipment
Restaurant Equipment Ottawa,15,1,Restaurant Equipment
Commercial Kitchen Equipment Ottawa,12,3,Restaurant Equipment
Commercial Kitchen Equipment,26,3,Restaurant Equipment
commercial kitchen supply store ottawa,3,1,Restaurant Equipment
Cellulose Insulation Soundproofing,35,5,Insulation
Cellulose Sound Insulation,22,1,Insulation
Blow In Sound Insulation,22,3,Insulation
Cellulose Soundproofing,40,2,Insulation
Blown In Insulation For Soundproofing,52,4,Insulation
Blown In Ceiling Insulation,69,7,Insulation
Cellulose Ceiling Insulation,34,2,Insulation
Attic Blown In Insulation Near Me,13,1,Insulation
Drainage Maison,114,4,Excavator
Excavation Fondation,22,1,Excavator
Prix Excavation Fondation,64,1,Excavator
Excavation Fondation Maison,60,7,Excavator
Entrepreneur En Excavation,35,3,Excavator
Essouchage,70,3,Excavator
Essouchage Quebec,9,1,Excavator
Compagnie Excavation,820,36,Excavator
excavation terrassement,455,19,Excavator
Entreprise Excavation,887,44,Excavator
Excavation Lévis,170,17,Excavator
excavation sous sol,50,1,Excavator
excavation résidentiel,52,2,Excavator
Entrepreneur en Excavation,107,4,Excavator
Excavation Quebec,358,30,Excavator
Installation De Drain Français,50,4,Excavator
drain français,169,3,Excavator
drain fondation,31,3,Excavator
Nivellement De Terrain,139,2,Excavator
Hot Water Tank,1768,36,Hvac
Water Heater Systems,141,1,Hvac
Water Heater Servicing,34,1,Hvac
Water Heater Installation,78,10,Hvac
Water Heater,681,49,Hvac
Hot Water Tank Installation,82,8,Hvac
Hot Water Heater Installation,49,5,Hvac
Hot Water Heating System,113,6,Hvac
Water Heater Installation Cost,88,2,Hvac
Water Heater,13,1,Hvac
Heating & Cooling Maintenance,20,2,Hvac
Heating And Air Conditioning Repair,44,5,Hvac
HVAC Repair,91,12,Hvac
Heating And Cooling Repair,3,1,Hvac
Heating And Cooling Services,53,8,Hvac
Heating And Air Conditioning,510,34,Hvac
HVAC Companies,363,38,Hvac
HVAC Contractors,65,2,Hvac
Heating Service,184,19,Hvac
Heating And Air,172,13,Hvac
HVAC Near Me,40,4,Hvac
HVAC Businesses,62,7,Hvac
HVAC Service,268,32,Hvac
Heating And Cooling,648,25,Hvac
Best Denture Clinic Near Me,1,2,Dentist
Denturist Winnipeg,3,2,Dentist
Denturist Winnipeg,3,3,Dentist
Dentures Teeth,14,3,Dentist
Denture Repair Near Me,2,1,Dentist
Nivellement De Terrain,58,2,Excavator
Compagnie Excavation,28,1,Excavator
Excavation Lévis,13,2,Excavator
Entrepreneur en Excavation,6,1,Excavator
Entreprise Excavation,58,3,Excavator
Anorak Jackets,364,2,Cloth
Prix Excavation Fondation,9,2,Excavator
Polyuréthane Plastique,196,4,Other Industries
Fournisseur Polyuréthane,76,5,Other Industries
Fabricant De Polyuréthane,100,7,Other Industries
Compagnie Polyuréthane,24,1,Other Industries
Buy Aggregates,51,1,Excavator
Bande Convoyeur,136,3,Other Industries
Convoyeur À Rouleaux,301,3,Other Industries
Courroies De Convoyeur,192,22,Other Industries
Tapis Convoyeur,125,1,Other Industries
courroie transporteuse,50,2,Other Industries
Convoyeur Tapis,105,3,Other Industries
Tapis Roulant Industriel,103,3,Other Industries
Convoyeur À Bande,102,1,Other Industries
Excavation Service,6,1,Excavator
Caoutchouc Industriels,74,6,Other Industries
Tapis De Caoutchouc Recyclé,535,15,Other Industries
Tapis Caoutchouc Recyclé,193,1,Other Industries
Caoutchouc Epdm,535,15,Other Industries
Caoutchouc Néoprène,359,39,Other Industries
Caoutchouc Vulcanisé,30,3,Other Industries
Caoutchouc Nitrile,41,3,Other Industries
epdm rubber,307,8.5,Other Industries
Feuille Caoutchouc Nitrile,11,1,Other Industries
toile epdm pour bassin,124,7,Other Industries
Feuille En Caoutchouc,148,10.5,Other Industries
Caoutchouc En Feuille,183,11,Other Industries
Feuille De Néoprène,115,5,Other Industries
Feuille De Caoutchouc,108,6,Other Industries
Feuille Joint Caoutchouc,47,1,Other Industries
Feuille EPDM,54,1,Other Industries
Emergency Plumber Near Me,31,6,Plumber
Emergency Plumber,217,53.67,Plumber
Emergency Plumber Montreal,132,33,Plumber
Emergency Plumbing Service,15,8,Plumber
Emergency Plumber,151,51.33,Plumber
certified plumber near me,10,4,Plumber
Plumbers Near Me,275,57,Plumber
plomberie dorval,4,1,Plumber
Plumbing Contractors,187,54,Plumber
Dr. Plummer,10,3,Plumber
plumbers montreal,94,15.17,Plumber
plumber montreal,12,1,Plumber
camera inspection plumbing,16,6,Plumber
Master Plumber,32,1,Plumber
Plumber,1797,274,Plumber
Plumber Near Me,233,60,Plumber
plumber pierrefonds,91,25,Plumber
Local Plumbers,106,26.5,Plumber
plomberie montreal,10,1,Plumber
Plumbers Near Me,116,29,Plumber
Master Plumber,5,5,Plumber
Plumbers Nearby,52,9,Plumber
Plumbing Companies,37,7,Plumber
Plumber,136,28,Plumber
Plumbing Services,556,129.83,Plumber
Plumber Service Montreal,6,2.5,Plumber
Plumbing Services Near Me,61,8,Plumber
winnipeg denture,2,1,Dentist
denturists in winnipeg,2,1,Dentist
Denture Dentist Near Me,3,2,Dentist
Denture Dentist,129,11,Dentist
Denturist Winnipeg,243,20,Dentist
Denturist Winnipeg,215,29,Dentist
Partial Dentures,36,4,Dentist
winnipeg dental clinic,1253,76.31,Dentist
Denture Clinic,454,47.5,Dentist
Best Denture Clinic,10,1,Dentist
Denture Clinic Near Me,49,6,Dentist
dental office winnipeg,20,1,Dentist
Winnipeg Denture Clinic,632,58.96,Dentist
Denture Office,411,62.5,Dentist
Denture Clinic,53,15,Dentist
Denture Places Near Me,15,4,Dentist
Denture Clinics Near Me,89,9,Dentist
Fixed Dentures,19,3,Dentist
Dentures Price,327,5,Dentist
Denture Costs,173,5,Dentist
Dentures Winnipeg,168,6.56,Dentist
Dental Implant Dentures,168,10,Dentist
Dentures Teeth,318,16,Dentist
Denture Implants,73,5,Dentist
Denture Near Me,19,3,Dentist
Denture Implants Near Me,12,3,Dentist
Dental Mouth Guard,144,6,Dentist
Night Mouth Guard,83,5,Dentist
Mouth Guard For Sleeping,51,4,Dentist
Mouth Guard For Clenching Teeth,19,1,Dentist
Night Guard For Teeth Grinding,35,1,Dentist
Night Guard For Teeth Clenching,65,3,Dentist
Mouth Guard For Grinding Teeth,35,3,Dentist
Denture Repair Winnipeg,76,11,Dentist
Broken Denture Repair,69,8,Dentist
Denture Repair Near Me,11,6,Dentist
Denture Repair,73,13,Dentist
Denture Repair Near Me,38,4,Dentist
Enlever Souche,349,15,Tree Services
Enlever Souche Arbre,167,7,Tree Services
Élaguer un Arbre,378,19,Tree Services
Élagueur Longueuil,6,1,Tree Services
Élagueur,97,3,Tree Services
Abattage des Arbres,89,3,Tree Services
Arbre Abattage,450,26,Tree Services
Abattage Arbre,219,6,Tree Services
Abattage d'Arbre,940,67.5,Tree Services
Faire Couper Un Arbre,246,13,Tree Services
Coupe Arbre,215,9,Tree Services
Coupe Des Arbres,119,3,Tree Services
Service Arbre,120,7,Tree Services
Arboriste,35,2,Tree Services
Service d'Arbre,939,67.98,Tree Services
Émondeur Rive Sud,355,35,Tree Services
Émondeur Longueuil,79,10,Tree Services
Émondeur,195,11,Tree Services
Émondeur Sorel,6,1,Tree Services
Émondeur Boucherville,23,2,Tree Services
Émondeur Montreal,233,23,Tree Services
Émondage Sorel,97,11,Tree Services
Émondage Brossard,7,1,Tree Services
Émondage Sorel-Tracy,321,39,Tree Services
Émondage Montreal,214,25,Tree Services
Émondage Arbre,983,74,Tree Services
Émondage,233,16,Tree Services
Émondage Longueuil,81,4,Tree Services
Émondage Boucherville,100,12,Tree Services
Entreprise Élagage,2375,220,Tree Services
Élagage Sorel,39,3,Tree Services
Élagage Arbre,233,6,Tree Services
Élagage des Arbres,211,12,Tree Services
Élagage Rive Sud,92,9,Tree Services
Élagage Montreal,512,61.5,Tree Services
Toiture,105,17,Roofer
Déneigement De Toiture,3,1,Roofer
Déneigement Toiture,2,1,Roofer
Réparation Toiture,6,1,Roofer
Couvreur De Toiture,12,2,Roofer
Couvreur Toiture,4,2,Roofer
Soudure Mobile,3,2,Welder
Entreprise De Soudure,7,1,Welder
Entreprise Soudure,2,2,Welder
Charter Bus,683,116,Transport
rent a bus with driver,93,2,Transport
Charter Bus Service,78,15,Transport
Charter Bus,134,17,Transport
Charter Bus Companies,84,21,Transport
charter bus rental service,429,60.5,Transport
Charter Bus Rental,143,13,Transport
bus rental ottawa,472,60,Transport
Coach Rental,341,38,Transport
Coach Bus Rental,180,16,Transport
private coach bus,83,12,Transport
Motorcoach Bus,114,9,Transport
Coach Buses,640,45,Transport
Bus Company,1938,131.5,Transport
bus travel companies,313,11,Transport
Commuter Bus,401,9,Transport
bus companies ottawa,225,27,Transport
Minibus Rental,1499,98.5,Transport
Rent Bus,78,8,Transport
bus rental ottawa,327,53,Transport
Tour Bus Rental,23,1,Transport
bus rental for wedding,120,17.17,Transport
Bus Rental,968,113,Transport
Rent Bus,695,75,Transport
Bus Rental With Driver,56,10,Transport
Shuttle Bus Rental,339,56.33,Transport
Bus Rental,82,5,Transport
shuttle service ottawa,932,39,Transport
School Bus Rental Cost,62,6,Transport
School Bus Charters,362,47,Transport
School Bus Rental,1021,148,Transport
Microelectronics Company,126,8,Microelectronics
Aerospace Electronic Manufacturing,37,1,Microelectronics
Medical Electronic Manufacturing,53,4,Microelectronics
Surface-mount Technology,8,2,Microelectronics
expert en sinistre,54,2,Construction
Expert En Sinistres,187,5,Construction
Expertise Sinistre,23,2,Construction
Cabinet Expert En Sinistre,210,4,Construction
Cabinet Expert En Sinistre,132,1,Construction
Pest Removal,15,2,Exterminator
Edmonton Pest Control,29,4,Exterminator
Pest Control,71,9,Exterminator
Pest Control Near Me,1,1,Exterminator
Exterminator Edmonton,6,1,Exterminator
Aerospace Electronic Manufacturing,15,4,Microelectronics
Medical Electronic Manufacturing,7,1,Microelectronics
Microelectronics Company,18,2,Microelectronics
Flip Chip Bonding,2,2,Microelectronics
Wool Coats,92,2,Cloth
Camera Inspection,171,7,Plumber
Drain Inspection Camera,24,1,Plumber
Eau Souterraine,119,3,Well Drilling
Nettoyage De Puits,452,33,Well Drilling
Nettoyage Puits,174,8,Well Drilling
Nettoyer Un Puit,73,2,Well Drilling
Nettoyer Un Puit Artésien,357,10,Well Drilling
Entretien Puit,173,11,Well Drilling
Nettoyage Puits Artésien,227,9,Well Drilling
entreprise forage,131,11,Well Drilling
Forage Artésien,1276,207,Well Drilling
Puit De Forage,368,44,Well Drilling
puit artesien,529,54.5,Well Drilling
construction puit,14,2,Well Drilling
Forage Puits,192,22,Well Drilling
Forage De Puits,249,27,Well Drilling
puits de surface,167,7,Well Drilling
cout d un puit artésien,71,5,Well Drilling
entreprise de forage,15,1,Well Drilling
Forage Puits Eau,35,5,Well Drilling
Forage Puit Prix,49,2,Well Drilling
Forage Eau,264,29,Well Drilling
Forage Puits Artésien,96,13,Well Drilling
Prix Puit Artésien,60,1,Well Drilling
Puit Artésien Prix,318,7,Well Drilling
Puits Artésien Québec,102,15,Well Drilling
Cout Puit Artésien,246,8,Well Drilling
Puisatier,77,11,Well Drilling
Installation Puit,184,16,Well Drilling
Pompe A Puit Artésien,972,42,Well Drilling
Entreprise De Soudure,33,1,Car Mechanic
Service Plomberie,39,1,Plumber
Plomberie Service,899,31,Plumber
Installation Plomberie,269,7,Plumber
Service De Plomberie,365,23,Plumber
Plombier 24h,49,7.5,Plumber
Depannage Plomberie,45,2,Plumber
Plombier Urgent,221,56.5,Plumber
Urgence Plombier,62,10,Plumber
Plombier Urgence,223,48,Plumber
Compagnie Plomberie,36,3,Plumber
Entreprise De Plomberie,539,25,Plumber
Plombier à Montréal,160,14,Plumber
Entreprise Plomberie,175,10,Plumber
Plombier Laval,375,40,Plumber
Plombier Montréal,264,27,Plumber
Plombier,66,5,Plumber
Trouver Un Plombier,569,43,Plumber
Plombier Montréal-Est,73,15,Plumber
Compagnie De Plomberie,559,25,Plumber
Autobody Supply,50,5,Car Painting
Body Shop Supplies,12,1,Car Painting
Autobody Supplies,8,1,Car Painting
Washroom Rentals Near Me,44,3,Tank Cleaning
Mobile Washroom Rentals,373,56.73,Tank Cleaning
Portable Washrooms Rental,621,76.93,Tank Cleaning
Washroom Rentals,190,10,Tank Cleaning
Portable Washroom,1062,130.95,Tank Cleaning
Septic Tank Pumping Services Near Me,198,36.5,Tank Cleaning
Septic Tank Pump Out Service,502,96.33,Tank Cleaning
Pump Septic Tank Near Me,128,18.17,Tank Cleaning
Septic Tank Pumping Service,71,10.5,Tank Cleaning
Septic Tank Pumping,478,95.83,Tank Cleaning
Septic Tank Pumping In My Area,39,1,Tank Cleaning
Septic Tank Pump Out Service Near Me,34,1,Tank Cleaning
Septic Tank Suction Services,11,2,Tank Cleaning
Septic Pump Service Near Me,15,1,Tank Cleaning
Septic Pump Out Service,105,17.5,Tank Cleaning
Get Septic Tank Pumped,317,61.33,Tank Cleaning
Septic Tank Emptying Services,874,178.15,Tank Cleaning
Sewage Tank Pumping,40,4,Tank Cleaning
Septic Pump Service,47,5,Tank Cleaning
Septic Tank Pumping And Cleaning,26,3,Tank Cleaning
Septic Tank Cleaning Company,64,5,Tank Cleaning
Septic Tank Empty Near Me,1,1,Tank Cleaning
Cleaning Out Septic Tank,14,2,Tank Cleaning
Septic System Cleaning,70,14,Tank Cleaning
Septic Cleaning Services,59,4,Tank Cleaning
Septic Tank Cleaning Service Near Me,47,5,Tank Cleaning
Septic Tank Emptying Services,95,10,Tank Cleaning
Septic Cleaning,53,1,Tank Cleaning
Temporary Toilets For Rent,165,21.83,Tank Cleaning
Construction Toilet Rental,678,139.83,Tank Cleaning
Portble Toilet,80,7,Tank Cleaning
Toilets For Rent,1114,192.83,Tank Cleaning
Portable Toilets For Rent Near Me,1128,175.12,Tank Cleaning
Portable Outhouse Rental,92,11.5,Tank Cleaning
Portable Toilet Rentals London Ontario,470,93.5,Tank Cleaning
Portable Toilet Service,1053,228.67,Tank Cleaning
Upol Raptor Kit,28,1,Car Painting
Upol Raptor Bedliner,197,2.33,Car Painting
Septic Repair Service,66,14,Tank Cleaning
Septic Tank Repair,26,2,Tank Cleaning
Septic System Repair Near Me,8,1,Tank Cleaning
Septic Repair Near Me,10,1,Tank Cleaning
Washroom Trailer Rentals,452,33.5,Tank Cleaning
Portable Washroom Trailer,412,39,Tank Cleaning
Washroom Trailers,213,10,Tank Cleaning
Washroom Trailer Rentals Ontario,23,2,Tank Cleaning
Porta Potty Rental Companies,1380,233.83,Tank Cleaning
Porta Potties For Rent Near Me,102,17.67,Tank Cleaning
Porta Potty Rentals London Ontario,144,30.67,Tank Cleaning
Portable Potty Rental Prices,69,2,Tank Cleaning
Truck Bedliner,954,16.67,Car Painting
Prix Toiture,158,11,Roofer
toiture l&l,3,1,Roofer
toiture gatineau,41,1,Roofer
Entreprise de Toiture,40,7,Roofer
Toiture,4243,457,Roofer
Bardeaux Toiture,141,4,Roofer
Toiture De Bardeaux,46,2,Roofer
Toiture Bardeaux,68,1,Roofer
Membrane Élastomère,43,2,Roofer
Élastomère Toiture,5,1,Roofer
Couvreur,10,4,Roofer
Toiture Couvreur,39,8,Roofer
Couvreur Toiture,135,26,Roofer
Couvreur De Toiture,97,13,Roofer
Toiture Métallique Installation,16,3,Roofer
Toiture tôle,36,1,Roofer
Bardeau Métallique,41,1,Roofer
Toiture Métallique,336,26,Roofer
Refaire Sa Toiture,17,3,Roofer
Réparation Toiture,99,20,Roofer
Entreprise Réparation Toiture,15,3,Roofer
Fuite Toiture,22,1,Roofer
Réparation De Toiture,39,6,Roofer
Toiture Réparation,9,3,Roofer
réparation toiture gatineau,4,1,Roofer
Renovation Isolation Toiture,15,1,Roofer
Isolation Entre Toit,96,8,Roofer
Isolation Toit Plat,9,1,Roofer
Déneigeur Toiture,157,31,Roofer
Déneigement Toiture,36,12,Roofer
Déneigement De Toiture,35,3,Roofer
Déneigement Toiture Prix,37,4,Roofer
Installation Foyer,135,19,Fireplace
Installation Cheminée Foyer Fermé,2,2,Fireplace
Installation Foyer Au Bois,152,17.5,Fireplace
Installateur De Foyer,31,1,Fireplace
Installation Foyer Extérieur,2,1,Fireplace
Installation Foyer Au Bois Prix,15,1,Fireplace
Ramoneur Du Foyer,81,7,Fireplace
Ramoneur Prévost,54,7,Fireplace
Ramoneur Foyer,162,22,Fireplace
Ramoneur Saint-Sauveur,74,7,Fireplace
ramoneur mirabel,18,4,Fireplace
Ramoneur Saint-Jérôme,244,37.5,Fireplace
ramoneur st sauveur,16,1,Fireplace
Ramoneur,217,37.5,Fireplace
Ramoneur Cheminée,619,65,Fireplace
Ramoneur Rive Nord,314,31.5,Fireplace
Ramoneur Certifié,36,3,Fireplace
Le Meilleur Ramoneur,15,1,Fireplace
Réparation Cheminée Extérieure,38,5,Fireplace
Cheminée Reparation,74,4,Fireplace
Réparation Cheminée,413,53,Fireplace
Réparation De Cheminée,353,43.5,Fireplace
Réparation De Cheminée En Brique,5,1,Fireplace
Cheminée Installation,189,14.5,Fireplace
Installation Cheminée,465,53.5,Fireplace
Installation Cheminée Extérieure,20,1,Fireplace
Installateur De Cheminée,617,74,Fireplace
Pose De Cheminée,162,21.5,Fireplace
Nettoyage De Cheminée,231,18.67,Fireplace
Installation Poele A Granule,113,14,Fireplace
Installation Poêle,155,16,Fireplace
Installateur Poele A Bois,98,13,Fireplace
Installation Poele A Bois,97,15,Fireplace
Installation Poêle À Bois,40,4,Fireplace
Installateur Poele A Granule,10,1,Fireplace
Pose Poele A Bois,59,12,Fireplace
Ramonage Saint-Sauveur,56,8,Fireplace
ramonage rive nord,7,1,Fireplace
Ramonage,75,8,Fireplace
Ramonage Sainte-Sophie,3,1,Fireplace
Entreprise Ramonage,38,1,Fireplace
Service De Ramonage,109,7,Fireplace
Cheminée Ramonage,355,42.33,Fireplace
Ramonage Cheminée Prix,95,5,Fireplace
Ramonage De Cheminée,770,76,Fireplace
Prix Ramonage Cheminée,101,1,Fireplace
Ramonage Cheminée,395,43,Fireplace
Coût Ramonage Cheminée,155,1,Fireplace
Feuille En Caoutchouc,6,1,Other Industries
Caoutchouc En Feuille,3,1,Other Industries
Spray Foam Basement Walls,22,1,Insulation
Urethane Foam Insulation,54,3,Insulation
Urethane Insulation Montreal,14,4,Insulation
Urethane Insulation,86,10,Insulation
Polyurethane Foam Insulation,42,3,Insulation
Polyurethane Insulation,32,13,Insulation
Polyurethane Foam Spray,45,3,Insulation
Urethane Isolation,410,55,Insulation
Spray Foam Insulation Walls,107,20,Insulation
spray foam insulation,24,6,Insulation
Foam Spray For Walls,31,2,Insulation
Spray Foam Cavity Wall Insulation,2,2,Insulation
Wall Insulation Foam Spray,160,26,Insulation
Spray Wall Insulation,71,9,Insulation
Home Insulation Contractor,53,13,Insulation
contractor insulation,17,5,Insulation
Insulation Companies,150,45,Insulation
Insulation Installation Companies,48,23,Insulation
Insulation Specialists,38,8,Insulation
Insulation Contractors Near Me,4,4,Insulation
Insulation Experts,26,6,Insulation
Insulation Contractors In My Area,14,5,Insulation
pepiniere rimouski,14,2,Landscaper
Location De Voiture,105,1,Car Mechanic
Location Voiture Pas Cher,7,1,Car Mechanic
Auto Louer,10,2,Car Mechanic
Louer Une Voiture,51,1,Car Mechanic
Location De Véhicules,87,5,Car Mechanic
Boutique Cheval,45,1,Cloth
Magasin Cheval,24,1,Cloth
Bottes Équitation,153,4,Cloth
Boutique Western En Ligne,17,2,Cloth
Boutique Western,156,1,Cloth
Magasin Équitation,54,2,Cloth
Magasin Équestre,68,4,Cloth
Boutique Équestre Terrebonne,15,1,Cloth
Boutique Équestre,484,8,Cloth
Boutique Équitation,45,1,Cloth
Équipement Cheval,13,2,Cloth
Vêtement Équitation,37,2,Cloth
Tapis Pour Cheval,72,4,Cloth
Accessoires Pour Cheval,4,1,Cloth
Harnais Cheval,4,1,Cloth
Isolation De Toit,127,2,Insulation
Insonorisation Cellulose,22,2,Insulation
Cellulose Insonorisation,20,1,Insulation
Insonorisation Plafond Cellulose,6,2,Insulation
Système De Climatisation,32,3,Hvac
Real Estate Lawyer Near Me,5,2,Lawyer
Real Estate Law Firm,12,3,Lawyer
Climatisation Réparation,2,1,Hvac
Réparation Climatiseur,3,2,Hvac
Sleep Apnea Test,19,2,Sleeping Disorders
Sleep Diagnostic Center,1,1,Sleeping Disorders
Sleep Center,5,2,Sleeping Disorders
Resmed CPAP Airsense 10,22,1,Sleeping Disorders
Respironics Philips,39,1,Sleeping Disorders
Resmed CPAP Machine,34,1,Sleeping Disorders
Sleep CPAP Machine,12,1,Sleeping Disorders
cpap equipment edmonton,70,2,Sleeping Disorders
Élagage Montreal,22,1,Tree Services
Entreprise Élagage,102,16,Tree Services
Émondage Montreal,16,3,Tree Services
Émondage Sorel-Tracy,16,1,Tree Services
Abattage d'Arbre,16,2,Tree Services
Wire Bonding Service,6,2,Microelectronics
Wire Bonding,568,27,Microelectronics
Microelectronics Company,97,5,Microelectronics
Chip Stacking,12,2,Microelectronics
Truck Bedliner,61,2,Car Painting
Moving Company,24,1,Moving Services
Boreal Mountain Anoraks,1914,51,Cloth
Boreal Mountain Anoraks,481,12,Cloth
pneu poid lourd,36,1,Car Mechanic
pneus camions,26,1,Car Mechanic
Service Routier Pneu Camion Lourd,92,3,Car Mechanic
Pneus De Camion Lourd,340,6,Car Mechanic
Service De Pneu Mobile,90,2,Car Mechanic
réparation remorque,141,8,Car Mechanic
réparation de camion,40,3,Car Mechanic
entretien camion,116,1,Car Mechanic
réparateur remorque,83,5,Car Mechanic
réparation de remorque,131,4,Car Mechanic
Réparation Pneu Poids Lourd,74,8,Car Mechanic
Mécanique Camion,170,4,Car Mechanic
remorque réparation,79,5,Car Mechanic
réparation essieu remorque,22,2,Car Mechanic
Réparation Camion,194,8,Car Mechanic
Réparation de Camions,47,2,Car Mechanic
Réparation Camion Lourd,206,11,Car Mechanic
Service Routier Camion Lourd,289,13,Car Mechanic
Mécanique Camion Lourd,148,2,Car Mechanic
reparation de camion lourd,17,2,Car Mechanic
Mecanique Mobile,31,1,Car Mechanic
Mécanique Mobile,757,36,Car Mechanic
Mécanique Mobile Camion Lourd,58,1,Car Mechanic
Service Mécanique Mobile,115,3,Car Mechanic
Entreprise De Isolation,1,1,Insulation
Isolation Laval,4,2,Insulation
Isolation Maison,40,4,Insulation
Isolation Mur,31,1,Insulation
Expert En Sinistres,28,1,Construction
Expert En Sinistre Indépendant,2,1,Construction
Extermination Guêpe,63,3,Exterminator
Extermination Nid De Guêpe,99,9,Exterminator
Exterminateur Insecte,251,16,Exterminator
Extermination Coquerelle,117,6,Exterminator
Exterminateur Écureuil,362,78,Exterminator
Exterminateur Écureuil,594,125,Exterminator
Exterminateur Rats,47,2,Exterminator
Souris Extermination,60,1,Exterminator
Exterminer Les Rats,48,1,Exterminator
Exterminateur Souris,67,1,Exterminator
Exterminateur Rongeur,70,7,Exterminator
Extermination Rats Maison,13,1,Exterminator
Exterminateur De Rat,26,1,Exterminator
Traitement Fourmis Charpentières,54,1,Exterminator
Fourmi Charpentière,958,9,Exterminator
Exterminateur Fourmis Charpentière,35,2,Exterminator
Exterminer Les Fourmis,281,7,Exterminator
Fourmis Dans La Maison,115,1,Exterminator
Exterminateur Laval,244,51,Exterminator
Extermination Montreal,552,113,Exterminator
Exterminateur,51,1,Exterminator
Exterminateur Montreal,191,54,Exterminator
Montreal Extermination,96,4,Exterminator
Exterminateur Montreal,330,42,Exterminator
Service D'extermination,123,5,Exterminator
Gestion Parasitaire,479,54,Exterminator
Exterminateur Punaise,142,25,Exterminator
exterminer punaise de lit,150,13,Exterminator
Puces De Lit Traitement,137,3,Exterminator
Traitement Punaise De Lit,367,7,Exterminator
punaise de lit,882,39,Exterminator
Couvreur,7,3,Roofer
Couvreur Toiture Rive Sud,13,3,Roofer
Couvreur À Montréal,6,1,Roofer
Couvreur Toiture,80,10.5,Roofer
Toiture,4,1,Roofer
Renovation Toiture,25,11,Roofer
Membrane Élastomère Toiture,2,1,Roofer
Toit Élastomère,4,1,Roofer
Membrane Élastomère,3,1,Roofer
Toit Plat,16,2,Roofer
Couvreur Toit Plat,8,2.5,Roofer
Immigration Lawyer,28,2,Lawyer
Immigration Attorney,1,1,Lawyer
Revêtement Élastomère Pour Toiture,27,1,Roofer
Toiture Membrane Élastomère Prix,43,2,Roofer
Toiture Membrane Élastomère,66,5,Roofer
Toit Élastomère,69,5,Roofer
Élastomère Toiture,40,8,Roofer
Membrane Élastomère Prix,70,1,Roofer
Membrane Élastomère Pour Toit Plat,9,1,Roofer
Toiture Membrane Élastomère,50,7,Roofer
Membrane Élastomère Toiture,53,4,Roofer
Membrane Élastomère,280,17,Roofer
Rénovation Toiture,62,3,Roofer
Réfection De Toiture,59,9,Roofer
Réparation De Toit Plat,3,4.5,Roofer
Refaire Sa Toiture,54,4,Roofer
Réparer Toiture,289,49.5,Roofer
Réparer Fuite Toiture,29,2,Roofer
Réparation Toit Plat,8,2,Roofer
Réparation De Toiture,84,9,Roofer
Toiture Réparation,72,13,Roofer
Réparation Toiture,290,50,Roofer
Fuite Toiture,50,6,Roofer
Toit Plat Prix,31,2,Roofer
Toiture Toit Plat,112,8,Roofer
Toit Plat Beton,22,1,Roofer
Revêtement Toiture Plate,33,5,Roofer
Toiture Plate,222,23.67,Roofer
Couvreur Toit Plat,64,12,Roofer
Toiture Plate Prix,63,3,Roofer
Prix Toit Plat,63,9,Roofer
Toit Plat,405,24.83,Roofer
Couverture Toit Plat,45,4,Roofer
Toiture TPO ou Elastomere,126,4.17,Roofer
Toit EPDM,27,1,Roofer
Membrane TPO Toiture,95,2.5,Roofer
Membrane EPDM,83,5,Roofer
Toiture TPO,78,15,Roofer
EPDM Toiture,6,1,Roofer
Toiture en TPO,69,8.33,Roofer
TPO Toiture,59,3,Roofer
Couvreur Toiture Rive Sud,82,27,Roofer
Couvreur Rive Sud,65,6,Roofer
Couvreur Toiture,2013,238.5,Roofer
Couvreur,82,23,Roofer
Couvreur À Longueuil,159,31,Roofer
Couvreur À Montréal,233,30,Roofer
Toiture Résidentiel,331,45.5,Roofer
Soumission de Toiture,33,4,Roofer
Soumission Toiture,21,2,Roofer
Prix Toiture,816,16,Roofer
Toiture,277,46,Roofer
Revêtement Toiture,410,10,Roofer
Toiture À Montréal,11,1,Roofer
Renovation Toiture,302,58.5,Roofer
Toiture Commercial,52,2,Roofer
Toiture Rive Sud,630,128.5,Roofer
Plombier,537,18,Plumber
Entreprise De Plomberie,53,3,Plumber
Plombier Commercial,6,1,Plumber
Plomberie Montreal,26,1,Plumber
Compagnie Plomberie,60,1,Plumber
Entreprise Plomberie,109,1,Plumber
Soudeur Professionnel,6,1,Welder
soudure quebec,4,1,Welder
Plombier Urgence,26,6,Plumber
Plombier 24h,2,2,Plumber
Plombier Urgent,18,3,Plumber
Installation Plomberie,29,1,Plumber
Service De Plomberie,129,6,Plumber
Renovation Plomberie,11,1,Plumber
Service Plomberie,23,1,Plumber
Fournaise Au Gaz,7,1,Hvac
Compagnie De Chauffage,8,1,Hvac
Zebra Imprimante,49,1,Printer Contractor
Réparation De Fournaise,2,1,Hvac
Gravel Suppliers Near Me,1,2,Excavator
Restaurant Supply Store Ottawa,21,1,Restaurant Equipment
Kitchen Equipment Ottawa,17,1,Restaurant Equipment
Caoutchouc Naturel,25,1,Other Industries
Caoutchouc Industriels,10,1,Other Industries
Caoutchouc Epdm,15,2,Other Industries
Tapis Convoyeur,21,1,Other Industries
Feuille De Néoprène,7,1,Other Industries
Caoutchouc Feuille,11,1,Other Industries
Feuille En Caoutchouc,4,1,Other Industries
Portable Toilets For Rent Near Me,8,2,Tank Cleaning
Toilets For Rent,27,1,Tank Cleaning
Temporary Toilets For Rent,11,1,Tank Cleaning
Portable Outhouse Rental,3,1,Tank Cleaning
Portble Toilet,6,2,Tank Cleaning
Portable Toilet Rentals London Ontario,9,3,Tank Cleaning
Portable Toilet Service,16,2,Tank Cleaning
Porta Potty Rentals London Ontario,1,1,Tank Cleaning
Porta Potty Rental Companies,9,1,Tank Cleaning
Portable Washrooms Rental,16,1,Tank Cleaning
Portable Washroom,11,2,Tank Cleaning
Washroom Rentals,5,2,Tank Cleaning
Septic Tank Pumping In My Area,2,1,Tank Cleaning
Septic Tank Pumping,5,3,Tank Cleaning
Septic Tank Pumping Service,4,1,Tank Cleaning
Entreprise Élagage,19,3,Tree Services
Élagage Arbre,13,1,Tree Services
Élagage Sorel,3,2,Tree Services
Arborist,4,2,Tree Services
Arborist Montreal,8,1,Tree Services
Enlever Souche Arbre,16,1,Tree Services
Enlever Souche,14,2,Tree Services
Tree Maintenance,5,1,Tree Services
Émondeur Boucherville,2,1,Tree Services
Émondeur Longueuil,6,3,Tree Services
Tree Cutting Service Near Me,1,1,Tree Services
Tree Cutting,7,1,Tree Services
Tree Cutting Service,15,2,Tree Services
Émondage Arbre,60,2,Tree Services
Émondage Sorel-Tracy,19,1,Tree Services
Exterminateur Montreal,8,2,Exterminator
Montreal Extermination,7,3,Exterminator
Renovation Toiture,133,12,Roofer
Toiture Résidentiel,113,4,Roofer
Toiture,17,1,Roofer
Toiture Rive Sud,31,2,Roofer
Toiture TPO,11,0.5,Roofer
Toiture en TPO,16,0.5,Roofer
Punaise De Lit Extermination,3,1,Exterminator
Get Septic Tank Pumped,10,4,Tank Cleaning
Portable Toilets For Rent Near Me,1,2,Tank Cleaning
Septic Cleaning,1,1,Tank Cleaning
Home Gas Heaters,57,1,Hvac
Gas Heating System,20,1,Hvac
Heating System Repair,10,1,Hvac
Sleep Test Clinic,3,1,Sleeping Disorders
Sleep Study Doctor,2,1,Sleeping Disorders
Snoring Clinic,2,1,Sleeping Disorders
cpap equipment edmonton,47,6,Sleeping Disorders
Sleep Apnea Test,4,1,Sleeping Disorders
Huissier Sherbrooke,843,201.16,Lawyer
huissier urgence,142,18.17,Lawyer
huissier en justice,117,12.68,Lawyer
Enclosed porch,27,5,Renovation
Porch enclosures,174,23,Renovation
Sunroom addition,22,3,Renovation
Sunroom company,5,1,Renovation
Sunrooms,152,7,Renovation
Outdoor deck enclosures,15,2,Renovation
Retractable glass walls,9,1,Renovation
3 season rooms,16,1,Renovation
Metal patio awning,38,4,Renovation
Backyard awning,92,6,Renovation
Metal awnings for homes,17,2,Renovation
Aluminum porch awnings,27,1,Renovation
Aluminum patio awnings,40,2,Renovation
Screen systems for porches,26,6,Renovation
Screen porch enclosures,9,2,Renovation
Outdoor patio screens,71,7,Renovation
Aluminum patio covers,15,3,Renovation
Patio covers,121,17,Renovation
Patio roof,33,6,Renovation
Outdoor patio enclosures,38,8,Renovation
Glass patio enclosures,5,1,Renovation
Enclosed patios,25,5,Renovation
Charter Bus,14,3,Transport
Bus Company,48,5,Transport
Rent Bus,9,3,Transport
Shuttle Bus Rental,6,2,Transport
Minibus Rental,26,1,Transport
Bus Rental,11,2,Transport
pepiniere riviere du loup,4,2,Landscaper
Coach Buses,17,2,Transport
Coach Rental,1,1,Transport
School Bus Rental,14,1,Transport
Service Routier Camion Lourd,25,1,Car Mechanic
Réparation Camion,10,1,Car Mechanic
réparateur remorque,11,1,Car Mechanic
Pose Toit Plat,1,1,Roofer
Membrane TPO Blanche,4,1,Roofer
TPO Toiture,7,1,Roofer
Couvreur Rive Sud,2,1,Roofer
Couvreur À Montréal,10,2,Roofer
Couvreur À Longueuil,4,1,Roofer
Couvreur Toiture,34,2,Roofer
Toiture Rive Sud,8,1,Roofer
Renovation Toiture,4,1,Roofer
Toiture,1,1,Roofer
Mécanique Mobile,64,3,Car Mechanic
Pneus De Camion Lourd,58,1,Car Mechanic
Service Routier Pneu Camion Lourd,24,2,Car Mechanic
Expert En Sinistre Public,68,9,Construction
Expert En Sinistres,30,3,Construction
Expert En Sinistres,588,23,Construction
Expert Après Sinistre,101,6,Construction
Expert En Sinistre Indépendant,136,6,Construction
Expert Après Sinistre,49,4,Construction
expert en sinistre,43,3,Construction
Expert En Sinistre Indépendant,58,1,Construction
expert en sinistre habitation,34,1,Construction
expert sinistre habitation,6,1,Construction
Cabinet Expert En Sinistre,428,15,Construction
Étiqueteuse,12,1,Printer Contractor
Soudeur Professionnel,742,50,Welder
atelier de soudure,48,1,Welder
soudeur québec,76,2,Welder
Soudure Métallique,567,19,Welder
Service De Soudure,257,8,Welder
Soudure À Québec,83,5,Welder
soudure sur aluminium,16,1,Welder
soudure acier,7,1,Welder
Entreprise soudeur,47,1,Welder
Service Soudure,649,27,Welder
soudure ville de québec,9,1,Welder
soudeur au quebec,188,1,Welder
Soudeur À Québec,40,1,Welder
soudeur ville de québec,35,1,Welder
Soudeur Métallique,216,15,Welder
Soudure Mobile,625,28,Welder
Soudeur Mobile,240,7,Welder
Service De Soudure Mobile,48,3,Welder
Soudure Mobile Québec,275,19,Welder
Compagnie De Soudure,267,23,Welder
chaudronnier québec,33,2,Welder
Soudeur,115,2,Welder
soudeur quebec,73,1,Welder
Entreprise Soudure,736,27,Welder
atelier de soudure québec,52,3,Welder
soudeur au quebec,26,1,Welder
quebec soudure,180,14.67,Welder
Entreprise De Soudure,731,100,Welder
soudeur entreprise,24,1,Welder
soudure lévis,17,1,Welder
Atelier De Soudure,293,8,Welder
soudeur québec,47,1,Welder
Impression Étiquette,16,2,Printer Contractor
Imprimer Des Étiquettes,23,4,Printer Contractor
Heating Service,11,4,Hvac
HVAC Service,10,1,Hvac
Heating And Air,11,3,Hvac
Heating And Cooling,21,5,Hvac
HVAC Companies,19,15,Hvac
Hot Water Tank,37,3,Hvac
HVAC Repair,3,1,Hvac
Movers In Toronto,3,2,Moving Services
Moving Company,19,2,Moving Services
Hot Tub Transport,9,1,Moving Services
Hot Tub Moving,10,1,Moving Services
Plumbers Near Me,333,29.5,Plumber
Plumber West Island,30,3,Plumber
plumber near me,556,23.5,Plumber
Plumbing Companies,93,9,Plumber
Plumbing Contractors,53,1,Plumber
Local Plumbers,68,5,Plumber
Local Plumbers Near Me,184,21,Plumber
Master Plumber,209,6,Plumber
Plumber,28,4,Plumber
Plumber Montreal,496,59,Plumber
Plumber Laval,75,10,Plumber
plumbing services montreal,430,22.33,Plumber
Plumbing Services Near Me,180,9,Plumber
Plumbing Services,1533,121.67,Plumber
Residential Plumbing,31,2,Plumber
Dump Truck Rental,10,5,Excavator
Excavator Rental,3,1,Excavator
Crane Rental,7,3,Excavator
Emergency Plumber,402,133,Plumber
Emergency Plumber Near Me,34,18,Plumber
plumber emergency near me,114,7,Plumber
Renovation Isolation Toiture,5,2,Roofer
Toiture Métallique,42,2,Roofer
Prix Toiture,7,1,Roofer
Toiture,89,7,Roofer
Entreprise Réparation Toiture,10,1,Roofer
Toiture Réparation,3,3,Roofer
Trouver Un Plombier,6,1,Plumber
Compagnie De Plomberie,22,4,Plumber
Entreprise De Plomberie,29,1,Plumber
POR-15,21,1,Car Painting
Plombier Urgence,16,3,Plumber
Urgence Plombier,8,2,Plumber
Depannage Plomberie,3,2,Plumber
Plomberie Service,37,3,Plumber
Inspection De Drain Par Caméra,1,1,Plumber
Camera Inspection,7,1,Plumber
plumber near me,16,1,Plumber
plumbing services montreal,17,3,Plumber
Emergency Plumber,9,3,Plumber
Spousal Visa,44,1,Lawyer
K1 Fiancé Visa,72,2,Lawyer
Fiance Visas,92,3,Lawyer
Canada Permanent Residence,63,1,Lawyer
Immigration Attorney Near Me,17,2,Lawyer
Immigration Attorney,64,3,Lawyer
Immigration Lawyer Near Me,44,4,Lawyer
Immigration Lawyer,227,13,Lawyer
Non Immigrant Visa,34,1,Lawyer
U.S. Work Visa,41,1,Lawyer
Porch Enclosures,82,2.67,Renovation
Glass enclosed porch,461,42,Renovation
Enclosed porch,898,65,Renovation
Enclosed front porch,597,38.5,Renovation
Porch enclosures,1710,115.33,Renovation
Front porch enclosure,573,32.5,Renovation
Enclosed screen porch,133,10,Renovation
Outdoor patio screens,794,45,Renovation
Aluminum screen porch,48,4,Renovation
Screen porch enclosures,292,17,Renovation
Outdoor patio screens,115,6,Renovation
Screen systems for porches,332,18,Renovation
Glass wall for patio,118,16,Renovation
Retractable balcony glass,16,1,Renovation
Retractable window wall,20,2,Renovation
Retractable glass walls,207,24,Renovation
Retractable glass wall system,87,9,Renovation
Glass enclosed deck,212,30.5,Renovation
Sunroom companies near me,31,3,Renovation
Sunroom addition,623,32,Renovation
Sunroom company,67,7,Renovation
Glass sunroom,302,33,Renovation
Sunroom contractors,72,10,Renovation
Sunrooms,220,17.5,Renovation
Enclosed sunroom,90,6,Renovation
Sunrooms,3603,251,Renovation
Sunroom builders,203,39,Renovation
Sunroom construction,35,3,Renovation
Balcony screen enclosure,102,2,Renovation
Condo balcony enclosures,183,15.67,Renovation
Screen balcony enclosures,140,13,Renovation
Balcony enclosures for apartments,199,16,Renovation
3 season room contractors near me,5,2,Renovation
Patio shade structures,278,16,Renovation
three season rooms,239,17,Renovation
Patio Covers,256,12,Renovation
3 season solarium,71,3,Renovation
Outdoor patio covers,351,32,Renovation
Aluminum patio roof,162,13,Renovation
Metal patio covers,54,4,Renovation
Patio shade cover,167,3,Renovation
3 season sunroom,253,15.5,Renovation
Patio covers near me,28,4,Renovation
3 season rooms,328,19.5,Renovation
Patio roof,1075,108.71,Renovation
Aluminum patio covers,371,28,Renovation
Patio covers,1918,151.63,Renovation
Outdoor patio enclosures,496,40,Renovation
Glass patio enclosures,117,9,Renovation
Enclosed patios,632,65.33,Renovation
Enclosed deck,250,12,Renovation
Outdoor deck enclosures,392,28.5,Renovation
Aluminum patio awnings,516,34.5,Renovation
Metal awnings for homes,161,7,Renovation
Aluminum porch awnings,85,3,Renovation
Metal patio awning,465,21.5,Renovation
Backyard awning,831,37,Renovation
Imprimantes Toshiba,115,4,Printer Contractor
Imprimante Pour Étiquette Autocollante,79,1,Printer Contractor
Imprimante Étiquette Autocollante,863,9,Printer Contractor
Imprimante À Étiquettes,810,8,Printer Contractor
Zebra Imprimante,1778,70,Printer Contractor
imprimante étiquette autocollante,525,7,Printer Contractor
Imprimante Étiquettes Couleur,173,1,Printer Contractor
Imprimante Pour Étiquette,1824,20,Printer Contractor
imprimante zébra,23,2,Printer Contractor
Imprimante Étiquette,565,5,Printer Contractor
Étiquette Imprimante,2255,42,Printer Contractor
Dépannage Climatiseur,26,1,Hvac
Reparation d'Air Climatisé,21,1,Hvac
Air Climatisé Reparation,98,8,Hvac
Climatiseur Reparation,43,1,Hvac
Réparation Air Climatisé,100,6,Hvac
Réparation Climatiseur,28,3,Hvac
Réparation De Climatiseur,36,4,Hvac
Climatisation Réparation,8,1,Hvac
Climatiseur Central,67,2,Hvac
Système De Climatisation,298,6,Hvac
Climatisation Centrale,21,2,Hvac
Installation Climatisation Maison,40,1,Hvac
Air Climatisé Central,131,2,Hvac
Tree Cutting,16,1,Tree Services
Balance Alimentaire Commerciale,251,2,Printer Contractor
Balances Professionnelles,91,1,Printer Contractor
Balance Compteuse De Précision,62,1,Printer Contractor
Balance Commerce Alimentaire,285,6,Printer Contractor
Balance Analytique,136,5,Printer Contractor
Balances De Laboratoire,172,3,Printer Contractor
Balance Étiqueteuse Alimentaire,124,6,Printer Contractor
balance étiqueteuse alimentaire,57,1,Printer Contractor
Balance Étiqueteuse,499,24,Printer Contractor
Membrane TPO Toiture,8,1,Roofer
Toiture Plate,2,3,Roofer
Couvreur À Longueuil,14,3,Roofer
Couvreur Toiture Rive Sud,7,1,Roofer
Couvreur Rive Sud,9,1,Roofer
Couvreur,7,2,Roofer
Couvreur À Montréal,19,7,Roofer
Couvreur Toiture,149,6,Roofer
Couvreur Toit Plat,8,1,Roofer
Home Moving Service,7,2,Moving Services
tires near me,147,1,Tire store
Tire Shop,666,21.5,Tire store
Buy Tires,518,4,Tire store
auto tires,283,2,Tire store
Cornwall Tires,8039,1110.45,Tire store
Cornwall Tires,2215,327.53,Tire store
Buy New Tires,811,1,Tire store
Moving Guys,2,2,Moving Services
Moving Service,4,1,Moving Services
Moving Company,6,2,Moving Services
Plumbing Services,18,2,Plumber
Plumber Near Me,7,3,Plumber
Plumber,8,1,Plumber
Plumber,48,8,Plumber
Emergency Plumber Near Me,2,1,Plumber
Emergency Plumber Montreal,7,1,Plumber
Emergency Plumber,6,1,Plumber
Imprimante Zebra Prix,3,1,Printer Contractor
Imprimante À Étiquettes,89,2,Printer Contractor
General Construction Company,58,3,Construction
General Construction Contractor,828,36,Construction
General Contractor,257,14,Construction
Custom Home Construction,44,4,Construction
Custom Built Homes,289,5,Construction
Custom Designed Homes,440,4,Construction
Building A Custom Home,48,2,Construction
Custom Made Homes,48,2,Construction
Commercial Building Service,6,1,Construction
Commercial Construction,33,2,Construction
Home Builders Near Me,4,1,Construction
Home Builder,278,9,Construction
House Builders,292,8,Construction
House Building Companies,84,3,Construction
Luxury Home Builders,53,2,Construction
New Home Builders,220,8,Construction
Home Contractor,176,15,Construction
Home Construction Contractors,86,2,Construction
New Home Construction,592,24,Construction
House Contractor,69,5,Construction
Home Construction Companies,22,2,Construction
Home Construction Company,136,5,Construction
Sleep CPAP Machine,18,2,Sleeping Disorders
Buy CPAP,17,1,Sleeping Disorders
cpap equipment edmonton,37,3,Sleeping Disorders
Sleep Apnea Test,7,2,Sleeping Disorders
Sleep Center Edmonton,3,1,Sleeping Disorders
Sleep Test Clinic,16,2,Sleeping Disorders
Sleep Clinic Near Me,11,1,Sleeping Disorders
Sleep Apnea Clinic Edmonton,13,1,Sleeping Disorders
Snoring Clinic,1,1,Sleeping Disorders
Home Builder,57,1,Construction
New Home Construction,37,2,Construction
Home Building Contractors Near Me,1,1,Construction
General Contractor Company,9,3,Construction
Voiture D'occasion À Vendre,1136,13,Car Mechanic
auto à vendre sherbrooke,321,1,Car Mechanic
Auto Usagé A Vendre,803,6,Car Mechanic
Voiture À Vendre,1941,20,Car Mechanic
auto usagé a vendre,310,4,Car Mechanic
voiture usagé a vendre,382,3,Car Mechanic
Pneu À Vendre,86,4,Car Mechanic
Vente De Pneus,79,4,Car Mechanic
Acheter Pneus,266,13,Car Mechanic
Vente Pneu,38,3,Car Mechanic
Alignement De Pneus,13,1,Car Mechanic
garage mécanique,95,7,Car Mechanic
garage auto service,123,3,Car Mechanic
Garage Réparation Automobile,250,10,Car Mechanic
garage automobile,54,1,Car Mechanic
Garage De Mécanique Automobile,401,23,Car Mechanic
garage mecanique,69,6,Car Mechanic
garage auto mecanique,62,7,Car Mechanic
Antirouille Voiture,12,1,Car Mechanic
Traitement Antirouille Sherbrooke,71,3,Car Mechanic
Extermination Services,7,1,Exterminator
Pest Exterminator,27,2,Exterminator
Tree service,430,25,Tree Services
Tree Company,77,10,Tree Services
Tree Specialist,33,2,Tree Services
Local tree service,84,7,Tree Services
Tree pruning,325,6,Tree Services
Tree pruning near me,6,2,Tree Services
Pruning hedges,115,4,Tree Services
Hedge trimming,186,10,Tree Services
Hedge trimming service near me,25,4,Tree Services
Hedge cutting,48,2,Tree Services
Hedge trimming near me,38,5,Tree Services
Shrub trimming,48,2,Tree Services
Tree cutting service,163,15,Tree Services
Tree cutting near me,17,1,Tree Services
Tree cutting service near me,29,3,Tree Services
Tree cutting,321,23,Tree Services
Cost to cut down a tree,160,2,Tree Services
Tree cutting company,13,2,Tree Services
Tree trimming service,35,4,Tree Services
Tree trimming near me,18,3,Tree Services
Tree trimming,148,6,Tree Services
Arborist near me,40,1,Tree Services
Tree arborist,78,1,Tree Services
Certified arborist,47,1,Tree Services
Arborist services,112,13,Tree Services
Arborist in Cornwall,30,3,Tree Services
Tree arborist near me,48,7,Tree Services
Arborist tree service,22,3,Tree Services
Tree removal companies,91,10,Tree Services
Tree removal near me,31,3,Tree Services
Tree removal service near me,56,4,Tree Services
Tree removal,376,34,Tree Services
Tree removal service,111,11,Tree Services
Custom Home Builders,7,1,Construction
Building A Custom Home,1,1,Construction
Entrepreneur En Excavation,8,2,Excavator
Excavation Quebec,15,2,Excavator
Excavation Lévis,10,1,Excavator
Compagnie Excavation,52,3,Excavator
Entreprise Excavation,52,1,Excavator
CPAP Stores Near Me,2,1,Sleeping Disorders
Sleep Apnea Machine,26,1,Sleeping Disorders
cpap equipment edmonton,14,1,Sleeping Disorders
Réparation Toiture,24,1,Roofer
Glass Company,14,2,Glass
Movers In Toronto,4,3,Moving Services
Moving Guys,73,7,Moving Services
Moving Service Toronto,49,13,Moving Services
Moving Service,104,4,Moving Services
Moving Help,24,2,Moving Services
Moving Ontario,79,5,Moving Services
Brampton Movers,7,1,Moving Services
Movers In Brampton,50,9,Moving Services
Affordable Movers,8,2,Moving Services
Moving Services,200,17,Moving Services
Moving Company,217,27,Moving Services
Movers In Toronto,107,14,Moving Services
Movers In Mississauga,33,5,Moving Services
Local Moving,2,2,Moving Services
Moving And Storage Company,35,12,Moving Services
Moving And Storage Services,43,1,Moving Services
Home Packing Services,42,7,Moving Services
movers toronto,12,2,Moving Services
Home Moving Service,70,14,Moving Services
House Movers,61,5,Moving Services
Hot Tub Moving,105,2,Moving Services
Hot Tub Moving,48,1,Moving Services
Hot Tub Moving,7,1,Moving Services
Hot Tub Transport,4,1,Moving Services
Piano Movers,145,9,Moving Services
Car Body Primer,1,1,Car Painting
Car Paint Primer,131,3,Car Painting
Auto Paint Refinishing,67,4,Car Painting
Car Refinish Paint,138,9,Car Painting
Car Paint Finishes,54,2,Car Painting
Automotive Refinish Paint,48,4,Car Painting
PPG Automotive Paint,171,9,Car Painting
POR-15,601,13,Car Painting
polyuréthane giclé,6,1,Insulation
urethane giclé,5,1,Insulation
Isolation Uréthane Trois-Rivières,4,1,Insulation
Denturist Winnipeg,15,1,Dentist
Denturist Winnipeg,11,2,Dentist
Denture Repair,2,1,Dentist
isolation trois rivières,6,3,Insulation
Isolation Victoriaville,18,4,Insulation
Isolation Trois-Rivieres,16,1,Insulation
Isolation Drummond,11,1,Insulation
Dentures Price,29,3,Dentist
Denture Clinic,6,2,Dentist
Edmonton Pest Control,10,1,Exterminator
Refaire Sa Toiture,4,1,Roofer
Entreprise Réparation Toiture,8,2,Roofer
Custom Sized Mirrors,4,2,Glass
Bevelled Glass Mirror,5,1,Glass
Custom Cut Mirror,4,3,Glass
Toiture Métallique,15,2,Roofer
Glass Company,14,1,Glass
Glass Company Near Me,5,2,Glass
Toiture,5,3,Roofer
Toiture,58,5,Roofer
Glass Shower Doors,4,1,Glass
Blinds And Window Coverings,3,1,Glass
Entreprise Excavation,62,5,Excavator
Excavation Quebec,9,1,Excavator
excavation terrassement,28,1,Excavator
Flip Chip Package,9,3,Microelectronics
Wire Bonding Flip Chip,2,2,Microelectronics
Wire Bonding,43,3,Microelectronics
Wire Bonding Service,10,1,Microelectronics
Sleep Apnea Test,179,4,Sleeping Disorders
Sleep Test,77,1,Sleeping Disorders
Sleep Study Test,75,1,Sleeping Disorders
Dreamstation,153,2,Sleeping Disorders
Respironics Philips,297,11,Sleeping Disorders
Philips CPAP Machine,74,1,Sleeping Disorders
Philips Respironics Dreamstation,79,5,Sleeping Disorders
Dreamstation CPAP,67,1,Sleeping Disorders
CPAP Camping,32,2,Sleeping Disorders
Sleep Study Doctor,89,4,Sleeping Disorders
Sleep Center Edmonton,156,7.5,Sleeping Disorders
edmonton sleep apnea,38,3,Sleeping Disorders
CPAP Clinic Near Me,10,1,Sleeping Disorders
Sleep Test Clinic,237,13,Sleeping Disorders
Sleep Apnea Clinic Edmonton,268,18,Sleeping Disorders
Sleep Study Clinic,64,1,Sleeping Disorders
Apnea Clinic Edmonton,181,16,Sleeping Disorders
Sleep Clinic Near Me,201,11.5,Sleeping Disorders
Apnea Clinic,155,8,Sleeping Disorders
sleep clinic edmonton,105,6,Sleeping Disorders
sleep clinic edmonton south,49,2,Sleeping Disorders
sleep clinic edmonton south,24,1,Sleeping Disorders
Sleep Apnea Near Me,138,8,Sleeping Disorders
Sleep Apnea Clinic,105,2,Sleeping Disorders
Sleep Apnea Center,2,1,Sleeping Disorders
sleep apnea edmonton,40,3,Sleeping Disorders
Sleep Apnea Equipment,340,15,Sleeping Disorders
cpap equipment edmonton,1416,121,Sleeping Disorders
CPAP Machine Price,59,1,Sleeping Disorders
CPAP Machine,858,10,Sleeping Disorders
CPAP Suppliers Near Me,120,8,Sleeping Disorders
Buy CPAP,354,26,Sleeping Disorders
cpap solutions edmonton,31,2,Sleeping Disorders
Best CPAP Machine,66,2,Sleeping Disorders
cpap edmonton alberta,25,4,Sleeping Disorders
CPAP Machine For Sleep Apnea,96,5,Sleeping Disorders
cpap supplies edmonton,204,26.5,Sleeping Disorders
cpap edmonton,113,11,Sleeping Disorders
cpap machine edmonton,127,11,Sleeping Disorders
Apnea Machine,154,7,Sleeping Disorders
Sleep CPAP Machine,540,28.5,Sleeping Disorders
cpap solutions edmonton,139,27,Sleeping Disorders
Sleep Apnea Machine,314,3,Sleeping Disorders
cpap solutions edmonton,20,1,Sleeping Disorders
Respironics Machine,56,2,Sleeping Disorders
Snore Center,67,3,Sleeping Disorders
stop snoring,86,2,Sleeping Disorders
Snoring Clinic,32,2,Sleeping Disorders
CPAP Filters,25,1,Sleeping Disorders
CPAP Hose Holder,13,2,Sleeping Disorders
Entreprise Excavation,24,1,Excavator
Compagnie Excavation,34,1,Excavator
Excavation Quebec,8,1,Excavator
Medical Electronic Manufacturing,11,2,Microelectronics
Aerospace Electronic Manufacturing,12,1,Microelectronics
Isolation Cellulose,4,1,Insulation
Isolation Trois-Rivieres,8,1,Insulation
Isolation Drummondville,10,1,Insulation
Isolation Victoriaville,14,2,Insulation
Isolation Uréthane Giclé,6,1,Insulation
Isolation Polyuréthane Giclé,8,1,Insulation
Isolation Sous Sol,4,4,Insulation
Isolation De Maison,5,1,Insulation
Isolation Sous Sol Mur,24,1,Insulation
Isolation Cellulose,203,5,Insulation
Isolation Grenier Cellulose,30,1,Insulation
Cellulose Isolation Prix,54,1,Insulation
uréthane giclé,83,7.5,Insulation
Isolation Uréthane Trois-Rivières,51,9,Insulation
isolation urethane giclé,10,1,Insulation
urethane giclé,41,2,Insulation
Isolation Par Mousse Polyuréthane,52,2,Insulation
Isolation Polyuréthane Giclé,121,7,Insulation
Isolation Uréthane Giclé,300,20,Insulation
polyuréthane giclé,52,3,Insulation
Isolation Drummond,181,12,Insulation
isolation uréthane victoriaville,32,13,Insulation
isolation trois rivières,147,25,Insulation
Isolation Drummondville,392,43,Insulation
Entreprise De Isolation,57,1,Insulation
Isolation Trois-Rivieres,483,65,Insulation
Isolation Victoriaville,665,75,Insulation
isolation en mousse,76,5.5,Insulation
entreprise isolation,283,25,Insulation
Isolation Sous Sol Mur,465,7,Insulation
Isolation Résidentielle,65,1,Insulation
Isolation De Maison,136,3,Insulation
Isolation Maison,840,24,Insulation
Isolation Thermique Batiment,36,1,Insulation
Pneus De Camion Lourd,146,2,Car Mechanic
Service De Pneu Mobile,41,1,Car Mechanic
Service Routier Pneu Camion Lourd,13,1,Car Mechanic
Mécanique Camion Lourd,152,1,Car Mechanic
Mécanique Mobile,319,6,Car Mechanic
Réparation Camion Lourd,43,2,Car Mechanic
Road Service Camion Lourd,3,1,Car Mechanic
Service Routier Camion Lourd,97,3,Car Mechanic
Réparation Camion,48,2,Car Mechanic
réparation de remorque,72,2,Car Mechanic
réparateur remorque,20,2,Car Mechanic
Nettoyage De Puits,6,1,Well Drilling
Nettoyer Un Puit,3,1,Well Drilling
Puits Artésien Québec,1,1,Well Drilling
Pompe A Puit Artésien,31,2,Well Drilling
Puit Artésien Prix,12,1,Well Drilling
Forage Artésien,31,11,Well Drilling
Sunrooms,46,3,Renovation
Sunroom contractors,3,1,Renovation
Glass sunroom,24,1,Renovation
Sunroom addition,56,1,Renovation
Sunrooms,547,14,Renovation
Sunroom builders,25,2,Renovation
Outdoor patio screens,115,2,Renovation
Outdoor patio screens,278,4,Renovation
Retractable glass walls,31,2,Renovation
Enclosed deck,56,5,Renovation
Metal awnings for homes,12,1,Renovation
Backyard awning,111,1,Renovation
Enclosed patios,41,3,Renovation
Patio roof,153,5,Renovation
Patio covers,201,7,Renovation
Aluminum patio covers,59,2,Renovation
Outdoor patio covers,102,2,Renovation
Balcony screen enclosure,34,1,Renovation
Balcony enclosures for apartments,16,1,Renovation
E2 Visa,115,10,Lawyer
Canadian Investor Immigration,50,2,Lawyer
Canadian Immigration Visas,356,22,Lawyer
Canadian Immigration Process,140,2,Lawyer
Canada To U.S. Immigration,202,17,Lawyer
Common Law,508,4,Lawyer
Real Estate Law,69,1,Lawyer
Real Estate Attorney,9,1,Lawyer
Immigration And Family Law,62,11,Lawyer
Canada Sponsor Family,86,5,Lawyer
Parents Sponsorship Canada,246,4,Lawyer
Tn Visa Application,95,1,Lawyer
Work Authorization Visa,117,3,Lawyer
Startup Visa,7,2,Lawyer
Immigration Lawyer Near Me,122,18,Lawyer
Best Immigration Lawyers,23,3,Lawyer
Immigration Attorney,686,112.5,Lawyer
Immigration Law Firm,413,51.5,Lawyer
immigration lawyers near me,52,8,Lawyer
james scarfone lawyer windsor,18,2,Lawyer
immigration consultant brampton,5,3,Lawyer
immigration lawyers in windsor,507,74.5,Lawyer
Immigration Lawyer,2082,329.5,Lawyer
Canada Visa Spousal Sponsorship,77,1,Lawyer
Sponsor Spouse Canada,31,4,Lawyer
Canadian Spouse Visa,106,2,Lawyer
Spousal Sponsorship,99,5,Lawyer
Spousal Sponsorship Application,38,2,Lawyer
Location Voiture,9,1,Car Mechanic
location auto sherbrooke,65,4,Car Mechanic
Location Automobile,20,2,Car Mechanic
Essouchage,23,1,Excavator
Excavation Fondation Maison,36,8,Excavator
Compagnie Excavation,53,2,Excavator
excavation ville de quebec,8,1,Excavator
excavation terrassement,62,5,Excavator
excavation résidentiel,34,2,Excavator
pelletier excavation,15,2,Excavator
compagnie d excavation quebec,47,3,Excavator
excavation québec,42,2,Excavator
Compagnie Excavation,1,1,Excavator
Entreprise Excavation,60,8,Excavator
excavation joe pelletier,33,10,Excavator
entrepreneur spécialisé en excavation,41,2,Excavator
Excavation Quebec,42,3,Excavator
Entrepreneur en Excavation,15,1,Excavator
excavation levis,22,6,Excavator
Excavation Lévis,37,7,Excavator
compagnie excavation quebec,31,4,Excavator
excavation drain français,7,2,Excavator
drain fondation,11,2,Excavator
drain francais,16,1,Excavator
Ant Pest Control,17,2,Exterminator
Vole Pest Control,65,6,Exterminator
Local Exterminators,33,7.5,Exterminator
Exterminator Near Me,12,2,Exterminator
Pest Exterminator,164,15,Exterminator
Exterminator Edmonton,263,46,Exterminator
Extermination Services,36,4,Exterminator
Vole Removal,123,17,Exterminator
Exterminator,27,2,Exterminator
Vole Extermination,32,3,Exterminator
Insects Exterminator,4,1,Exterminator
Wasp Nest Removal Cost,20,1,Exterminator
Wasp Removal,36,26,Exterminator
Wasp Nest Removal,37,1,Exterminator
Wasp Exterminator,16,3,Exterminator
Bed Bug Treatment,55,3,Exterminator
Bed Bug Exterminator,20,1,Exterminator
Bed Bugs Control,26,1,Exterminator
Bed Bug Extermination,12,1,Exterminator
Bed Bug Pest Control,54,4,Exterminator
Mice Exterminator,1,1,Exterminator
Pest Control Services,119,13,Exterminator
Pest Control,1186,157,Exterminator
Pest Removal,322,39,Exterminator
Edmonton Pest Control,652,89,Exterminator
Commercial Pest Control,2,1,Exterminator
Pest Control Companies,97,12,Exterminator
Pest Services Near Me,22,6.5,Exterminator
Pigeon Control,16,1,Exterminator
Pigeon Pest Control,4,1,Exterminator
Tree removal,10,2,Tree Services
Hedge cutting,5,1,Tree Services
Hedge trimming service,2,1,Tree Services
Tree trimming near me,1,1,Tree Services
Tree cutting service near me,2,1,Tree Services
Tree Company,7,1,Tree Services
Tree service near me,1,1,Tree Services
Arborist services,10,1,Tree Services
Tree arborist,2,1,Tree Services
Plumber,5,1,Plumber
Plumber,37,5,Plumber
Plumbers Near Me,2,2,Plumber
Plumber Near Me,8,1,Plumber
Enterprise Location Voiture,22,1,Car Mechanic
Location Voiture Pas Cher,684,20.75,Car Mechanic
Location De Véhicules,2939,80,Car Mechanic
Location Voiture Prix,137,1,Car Mechanic
location voiture windsor,150,21,Car Mechanic
Location Automobile,518,29,Car Mechanic
Louer Une Voiture,807,17,Car Mechanic
Location De Voiture,6638,261.5,Car Mechanic
Location Voiture,3033,81.75,Car Mechanic
Location Véhicules,1137,30,Car Mechanic
Loue Voiture,6,1,Car Mechanic
Backyard awning,13,1,Renovation
Screen systems for porches,7,1,Renovation
Retractable glass walls,8,1,Renovation
Outdoor patio enclosures,6,1,Renovation
Front porch enclosure,33,3,Renovation
Glass enclosed porch,7,2,Renovation
Porch enclosures,12,1,Renovation
Enclosed porch,21,3,Renovation
Patio roof,14,1,Renovation
Aluminum patio roof,4,1,Renovation
Patio Covers,4,1,Renovation
Sunrooms,44,3,Renovation
Sunrooms,3,1,Renovation
Cabinet Expert En Sinistre,138,2,Construction
Expert En Sinistres,387,14,Construction
Expert En Sinistre Indépendant,183,6,Construction
Expert En Sinistre Indépendant,119,2,Construction
Expert En Sinistre Public,26,2,Construction
Equipment Rental,109,3,Excavator
Erosion Control,131,6,Excavator
Erosion Control Service,7,1,Excavator
Water And Sewer Company,39,3,Excavator
Excavation Service,386,45,Excavator
excavation companies ottawa,7,1,Excavator
Excavation Contractor,63,4,Excavator
Excavation Company,118,13,Excavator
Excavation,34,4,Excavator
Excavation in Ottawa,96,9,Excavator
Excavation Construction,56,2,Excavator
Excavating Companies Near Me,10,1,Excavator
Contaminated Soil Removal,47,7,Excavator
Underground Tank Removal,11,1,Excavator
Site Remediation,10,1,Excavator
Gravel Suppliers,64,4,Excavator
Construction Aggregates,40,1,Excavator
Aggregate Service,4,2,Excavator
Aggregate Company,23,7,Excavator
Aggregate Supplier,19,4,Excavator
Aggregates For Construction,36,4,Excavator
Gravel Suppliers Near Me,242,16,Excavator
Buy Aggregates,164,12,Excavator
Sand And Gravel Suppliers,34,1,Excavator
Aggregate Near Me,37,3,Excavator
Local Gravel Suppliers,65,5,Excavator
Demolition Contractor,69,4,Excavator
Demolition Service,156,12,Excavator
Demolition in Ottawa,61,2,Excavator
Demolition Contracting,6,1,Excavator
Residential Demolition,57,1,Excavator
Enclosed deck,6,1,Renovation
Backyard awning,13,1,Renovation
Aluminum patio covers,6,1,Renovation
Sunrooms,46,2,Renovation
Glass wall for patio,2,1,Renovation
Canadian Immigration Visas,7,1,Lawyer
Work Authorization Visa,6,1,Lawyer
Sponsor Wife Canada,2,1,Lawyer
Immigration Lawyer,75,11,Lawyer
Immigration Attorney,4,2,Lawyer
Immigration Law Firm,7,1,Lawyer
Canadian Family Sponsorship,3,2,Lawyer
Tree removal,7,3,Tree Services
Tree removal service,3,1,Tree Services
Hedge trimming,5,1,Tree Services
Tree service,34,5,Tree Services
Tree Company,6,3,Tree Services
Tree trimming,2,1,Tree Services
Pest Removal,5,1,Exterminator
Edmonton Pest Control,9,5,Exterminator
Pest Control,14,1,Exterminator
Machine Étiqueteuse,270,5,Printer Contractor
Étiqueteuse,359,12,Printer Contractor
étiquette adhésive,121,1,Printer Contractor
Machine À Étiquette,121,1,Printer Contractor
Étiqueteuse Manuelle,54,2,Printer Contractor
Étiqueteuse De Prix,33,2,Printer Contractor
etiquette personnalisé,115,1,Printer Contractor
etiquette impression,383,11,Printer Contractor
creation etiquette,229,5,Printer Contractor
faire des étiquettes,268,3,Printer Contractor
etiquette autocollant personnalisé,856,11,Printer Contractor
Étiquette Thermique,98,10,Printer Contractor
impression autocollant,255,7,Printer Contractor
Imprimer Des Étiquettes,653,10,Printer Contractor
Étiquettes Bouteilles,296,8,Printer Contractor
Étiquettes Sur Mesure,1631,39,Printer Contractor
etiquette vetement personnalisé,250,6,Printer Contractor
Impression Étiquette,423,13,Printer Contractor
Tapis Caoutchouc Recyclé,14,1,Other Industries
Caoutchouc Naturel,8,1,Other Industries
Caoutchouc Vulcanisé,2,1,Other Industries
Plombier Rapide,96,10,Plumber
Cornwall Tires,107,12,Tire store
Cornwall Tires,27,6,Tire store
Tire Shop,22,2,Tire store
Exterior Home Renovations,36,1,Construction
Home Deck Builder,37,1,Construction
Wood Deck Contractors,5,1,Construction
Contractor Renovation,20,1,Construction
Renovation Contractor,93,3,Construction
Home Addition Contractor,3,1,Construction
Deck Contractors,101,3,Construction
Range Hood Installation Contractor,66,1,Construction
Home Extension Contractor,5,1,Construction
Small General Contractors,15,1,Construction
Residential Contractor,69,2,Construction
Interior House Renovation,13,1,Construction
House Renovation,259,3,Construction
Company Renovation,117,6,Construction
Renovations Near Me,40,2,Construction
Cottage Renovation,29,1,Construction
Best Renovation Company,36,1,Construction
Renovation General,77,1,Construction
Entrepreneur General Renovation,32,1,Construction
Gazebo Builders Near Me,25,1,Construction
Custom Made Gazebo,201,1,Construction
Custom Built Gazebos,31,1,Construction
Home Renovation,405,4,Construction
Deck Contractors,76,4,Construction
Composite terrace,8,3,Construction
Replacing Kitchen Countertops,51,2,Construction
Deck Contractors Near Me,14,1,Construction
Patio Builder,94,1,Construction
Patio Contractors,66,1,Construction
Patio Design Companies,6,1,Construction
Fence Builders Near Me,97,1,Construction
Deck Builders Near Me,90,1,Construction
Patio And Deck Builders Near Me,5,1,Construction
Patio Companies,29,2,Construction
Patio Installation Companies,2,1,Construction
Patio Contractors,34,1,Construction
Deck And Patio Contractors Near Me,6,1,Construction
Patio Builder,14,1,Construction
Patio Builders Near Me,1,1,Construction
Cabinet Installation,108,2,Construction
Kitchen Installation,134,1,Construction
Entrepreneur General Renovation,126,7,Construction
Renovation Contractor,112,12,Construction
Looking For General Contractor,104,9,Construction
Construction Renovation,136,3.5,Construction
Construction General Contractor,367,29,Construction
Construction Professional,89,2,Construction
Looking For General Contractor,38,1,Construction
Renovation Contractor,109,14,Construction
Entrepreneur General Renovation,192,14,Construction
General Construction Company,388,14,Construction
Construction Renovation,261,13,Construction
General Contractor,33,1,Construction
General Construction Company,1310,93.5,Construction
Construction General Contractor,337,26.5,Construction
General Contractor,571,13,Construction
Home Reno,4,2,Construction
Home Remodelling,62,2,Construction
Basement Renovation,25,1,Construction
Home Reno,13,1,Construction
Basement Renovation,12,2,Construction
Home Improvement Services Company,35,5,Construction
Home Addition Contractor,14,3,Construction
Home Repair Contractors,76,4,Construction
Home Repair Contractors,40,1,Construction
Bathroom Renovation,451,13,Construction
Bathroom Renovations,453,6,Construction
Building Renovation,50,1,Construction
Building Contractors,204,5,Construction
Fence Makers Near Me,31,1,Construction
Deck Building Contractors,48,1,Construction
Gazebo Builders Near Me,12,1,Construction
Gazebo Builder,78,4,Construction
Gazebo Builder,64,1,Construction
concrete scanning services,46,4,Excavator
concrete scanning,86,5,Excavator
concrete scanning,200,6,Excavator
concrete scanning cost,55,3,Excavator
gpr scanning near me,3,1,Excavator
concrete coring toronto,3,2,Excavator
concrete removal toronto,132,8,Excavator
concrete removal near me,108,10,Excavator
concrete removal,245,12,Excavator
concrete removal toronto,28,1,Excavator
residential concrete removal,44,2,Excavator
concrete removal contractors,7,2,Excavator
concrete removal,1019,30.5,Excavator
residential concrete removal,70,4,Excavator
concrete services near me,20,1,Excavator
concrete services near me,24,3,Excavator
core cutting,5,1,Excavator
concrete x ray near me,16,1,Excavator
concrete x ray services,9,1,Excavator
concrete x ray scanning,56,5,Excavator
concrete floor x ray,4,1,Excavator
concrete x ray,63,3,Excavator
construction x ray services,8,2,Excavator
construction x ray services,11,2,Excavator
concrete cutting and coring,3,1,Excavator
concrete cutting & coring,2,1,Excavator
concrete cutting & coring,3,1,Excavator
concrete slab removal,122,6,Excavator
slab removal,64,3,Excavator
concrete demolition and removal,38,1,Excavator
cement removal near me,29,1,Excavator
concrete slab removal,127,4,Excavator
concrete demolition and removal,36,1,Excavator
ground penetrating radar scanning,8,2,Excavator
concrete core drilling services,23,4,Excavator
concrete core drilling prices,39,0.5,Excavator
concrete core drilling contractors,8,1,Excavator
concrete core drilling near me,18,2,Excavator
concrete coring company,55,13,Excavator
concrete coring,8,1,Excavator
concrete coring company,11,1,Excavator
concrete removal,4,1,Excavator
concrete removal,26,2,Excavator
cutting and coring,24,3,Excavator
cutting and coring,4,1,Excavator
concrete cutting and coring,154,8.5,Excavator
concrete cutting and coring,101,11.5,Excavator
concrete cutting and coring near me,7,1,Excavator
concrete core cutting,11,3,Excavator
concrete cutting & coring,130,11,Excavator
concrete cutting,64,6,Excavator
residential concrete cutting,2,1,Excavator
concrete cutting,9,1,Excavator
concrete removal companies,9,1,Excavator
concrete removal companies,21,2,Excavator
concrete cutting services near me,13,1,Excavator
concrete cutting services,241,39.5,Excavator
concrete cutting services near me,40,10,Excavator
concrete cutting services,9,2,Excavator
concrete scanning,7,3,Excavator
ground penetrating radar scanning,127,3,Excavator
ground penetrating radar scanning,218,3,Excavator
concrete coring,376,18,Excavator
concrete coring contractors,4,1,Excavator
concrete coring,104,14,Excavator
concrete coring toronto,51,3,Excavator
core drilling companies,15,3,Excavator
cutting and coring,1121,75.5,Excavator
cutting and coring,26,1,Excavator
cutting and coring concrete,29,4,Excavator
Wasp Exterminator,49,10,Exterminator
Wasp Removal,69,18,Exterminator
Wasp Extermination,26,7,Exterminator
Wasp Nest Removal,57,15,Exterminator
Wasp Control,40,8,Exterminator
Rat Control,35,10,Exterminator
Mice Removal,123,28,Exterminator
Mouse Pest Control,29,4,Exterminator
Mouse Exterminator,113,24,Exterminator
Mice Exterminator,175,35,Exterminator
Rat Pest Control,20,2,Exterminator
Rodent Control,37,10,Exterminator
Mice Control,63,9,Exterminator
Rodent Pest Control,20,6,Exterminator
Rat Exterminator,74,21,Exterminator
Rat Removal,72,14.67,Exterminator
Bug Exterminator,14,3,Exterminator
Cockroach Exterminator,18,3,Exterminator
Cockroach Removal,6,2,Exterminator
Insect Control,15,1,Exterminator
Insect Exterminator,2,1,Exterminator
Bug Control,17,2,Exterminator
Insect Control,14,3,Exterminator
Bug Exterminator,13,2,Exterminator
Cockroach Removal,33,5,Exterminator
Cockroach Exterminator,9,2,Exterminator
Cockroach Control,12,2,Exterminator
Cockroach Pest Control,7,1,Exterminator
Carpenter Ants Exterminator,17,2,Exterminator
Raccoon Exterminator,49,18,Exterminator
Squirrel Pest Control,34,2,Exterminator
Raccoon Control,64,16,Exterminator
Squirrel Control,72,12,Exterminator
Squirrel Removal,409,91,Exterminator
Squirrel Exterminator,94,21,Exterminator
Raccoon Removal,374,84,Exterminator
Spider Control,6,2,Exterminator
Carpenter Ant Removal,6,1,Exterminator
Ant Exterminator,44,7,Exterminator
Ant Removal,65,11,Exterminator
Ant Extermination,39,10,Exterminator
Ant Control,14,7,Exterminator
Spider Pest Control,14,3,Exterminator
Spider Exterminator,24,4,Exterminator
Spider Control,28,4,Exterminator
Exterminator Montreal,704,181,Exterminator
Extermination Services,125,27,Exterminator
Exterminator West Island,310,62,Exterminator
Exterminator Near Me,331,97.33,Exterminator
Exterminator Longueuil,11,2.67,Exterminator
Exterminator,273,63.67,Exterminator
Laval Exterminator,15,3,Exterminator
Exterminator Brossard,66,18,Exterminator
Longueuil Exterminator,16,4,Exterminator
Montreal Exterminator,326,94,Exterminator
West Island Exterminator,450,83,Exterminator
Pest Exterminator,555,97.33,Exterminator
Exterminator Laval,158,51,Exterminator
Pest Control,519,91,Exterminator
Pest Control Companies,13,5,Exterminator
Home Pest Control,28,1,Exterminator
Pest Control Near Me,53,13,Exterminator
Pest Removal,119,18.33,Exterminator
Pest Control Services,41,6,Exterminator
Bed Bug Removal,133,27,Exterminator
Bed Bug Extermination,56,10,Exterminator
Bed Bugs Control,18,1,Exterminator
Bed Bug Treatment,114,14,Exterminator
Bed Bug Pest Control,15,2,Exterminator
Bed Bug Exterminator,108,19,Exterminator
Cockroach Exterminator,24,2,Exterminator
Cockroach Pest Control,9,2,Exterminator
bee extermination,11,1,Exterminator
Exterminator,3,1,Exterminator
Exterminator Montreal,4,1,Exterminator
Bardagi,41,4,Real Estate
Équipe Bardagi,10,2,Real Estate
Extraction dent de sagesse,147,4,Dentist
Dentiste Enfant,95,8,Dentist
Anesthésie dentaire,47,5,Dentist
Arrachage de dent,18,1,Dentist
Extraction Dentaire,72,3,Dentist
Extraction dents,75,1,Dentist
Clinique dentaire chicoutimi,888,113,Dentist
Centre dentaire,760,94,Dentist
Clinique dentaire,1743,216,Dentist
dentiste chicoutimi,26,2,Dentist
Dentiste Chicoutimi,1074,244,Dentist
Dentiste,87,12,Dentist
Restauration dentaire,20,1,Dentist
Chirurgien Dentiste,977,28,Dentist
Chirurgie Dentaire,26,5,Dentist
Implant Dentaire,171,4,Dentist
Service dentaire,166,14,Dentist
Nettoyage de Dents,37,1,Dentist
Blanchiment Dent,144,1,Dentist
Liposuccion Sans Chirurgie,78,2,Clinic
Cool Sculpting,453,8,Clinic
Soin Microneedling,235,1,Clinic
le microneedling,167,2.5,Clinic
Traitement Microneedling,494,8,Clinic
microneedling montreal,171,3,Clinic
Laser Pores Dilatés,63,2,Clinic
Pores Dilatés,68,1,Clinic
Pore Dilaté Traitement,205,3,Clinic
Emface,1154,39.5,Clinic
Raffermissement Visage,142,5,Clinic
raffermissement du cou,185,1,Clinic
Raffermir Visage,85,2,Clinic
Lifting Visage Sans Chirurgie,253,6,Clinic
Lifting Visage,766,11,Clinic
Lifting Sans Chirurgie,374,1,Clinic
Lifting Du Visage,669,7,Clinic
lifting du cou,167,1,Clinic
emface montreal,80,6.5,Clinic
traitement pour rajeunir le visage,216,6,Clinic
Centre Médico Esthétique,1382,53,Clinic
dermatologue esthétique,46,2,Clinic
Clinique Médico Esthétique,2688,80.5,Clinic
Dermo Esthétique,306,5,Clinic
médico esthétique,332,11,Clinic
Traitement Cellulite,187,1,Clinic
Traitement Anti Cellulite,60,3,Clinic
Vanquish Me,167,7,Clinic
enlever les taches brunes,205,4.5,Clinic
Tache Pigmentaire Visage,104,1,Clinic
Taches Pigmentaires,368,6,Clinic
Enlever Tache Brune Visage,330,2,Clinic
traitement tâches brunes,285,9.5,Clinic
Tache Brune Visage,135,4,Clinic
traitement taches pigmentaires,180,2,Clinic
Exilis Ultra,549,15,Clinic
Exilis BTL,188,1,Clinic
Plumbing Camera Inspection,31,1,Plumber
Drain Inspection Camera,130,6,Plumber
Hot Water Heater Leaking,77,2,Plumber
Hot Water Tank Service,35,2,Plumber
Hot Water Tank Repair,63,4,Plumber
Hot Water Heater Repair,93,3,Plumber
Plumber Vaudreuil,157,35,Plumber
Plumber Kirkland,28,1,Plumber
Master Plumber,383,4,Plumber
Plumber DDO,39,2,Plumber
Plumber West Island,640,59,Plumber
Plumber,186,17,Plumber
Plumbers In My Area,95,5,Plumber
Plumber Dollard des Ormeaux,55,4,Plumber
Plumbing Companies Near Me,23,4,Plumber
Plumbers Near Me,517,36,Plumber
Plumber Pointe-Claire,215,9,Plumber
Plumber Beaconsfield,53,5,Plumber
Plumber Chateauguay,282,24,Plumber
Plumber Dorval,65,4,Plumber
Plumbing Companies,148,8,Plumber
Plumbing Services,790,36,Plumber
Residential Plumbing,57,4,Plumber
Commercial Plumbing,60,2,Plumber
Emergency Plumber Near Me,33,6,Plumber
24 Hour Plumber,64,9,Plumber
Emergency Plumbing Service,47,5,Plumber
24 Hour Emergency Plumbing,54,8,Plumber
Emergency Plumber,109,14,Plumber
24 Hr Plumber,61,10,Plumber
Hot Water Heater Installation,114,2,Plumber
Hot Water Tank Installation,290,12,Plumber
Hot Water Tank Replacement,326,17,Plumber
Cardboard Packaging,7,1,Box Creator
Construction Renovation,4,1,Construction
Patio Contractors,4,2,Construction
Custom Patio,2,1,Construction
Deck And Fence Builders Near Me,1,1,Construction
Home Renovation,15,2,Construction
spray net,162,14,Painter
Spray Net,105,16,Painter
Spray-Net,330,34,Painter
Fence Building Companies,13,1,Construction
Building Contractors,7,1,Construction
Bathroom Remodel,8,2,Construction
Custom Made Gazebo,18,1,Construction
Gazebo Builders Near Me,5,1,Construction
Construction General Contractor,1,1,Construction
Looking For General Contractor,1,1,Construction
General Contractor,28,2,Construction
Hose Hydraulique,870,76,Other Industries
Tuyau Hydraulique,273,31,Other Industries
Tube Hydraulique,65,5,Other Industries
Flexible Hydraulique,73,13,Other Industries
Boyau Hydraulique,486,53,Other Industries
Hydraulique Service,1253,210,Other Industries
Réparation Vérin Hydraulique,16,3,Other Industries
Réparation Cylindre Hydraulique,317,53,Other Industries
Réparation Pompe Hydraulique,293,64,Other Industries
Réparation Flexible Hydraulique,3,1,Other Industries
Réparation Hydraulique,1009,168,Other Industries
Enerpac,161,12,Other Industries
Parker Store,37,5,Other Industries
Parker,398,47,Other Industries
Enerpac,1737,251,Other Industries
Fitting Hydraulique,69,1,Other Industries
Pièces Hydraulique,136,1,Other Industries
Magasin Hydraulique,73,2,Other Industries
Système Hydraulique,777,71,Other Industries
Vérin Hydraulique,1102,60,Other Industries
Cylindre Hydraulique,1810,145,Other Industries
Montréal Hydraulique,2696,365,Other Industries
Hydrauliques Rive-Sud,3336,833,Other Industries
Location de Remorque,677,8,Moving Services
Location Remorque,687,5,Moving Services
Location De Camion,1173,20,Moving Services
Louer Camion Déménagement,172,3,Moving Services
Location Camion,1920,22,Moving Services
Location Camion Déménagement,305,3,Moving Services
Camion De Déménagement,290,9,Moving Services
Roofing Services,84,1,Roofer
Dentiste Enfant,3,1,Dentist
Clinique dentaire,18,4,Dentist
Centre dentaire,45,4,Dentist
Clinique dentaire chicoutimi,36,6,Dentist
Dentiste Chicoutimi,32,3,Dentist
Roofing Companies,31,1,Roofer
Roofing Contractors,32,2,Roofer
Roof Repair,84,2,Roofer
Implant Dentaire,15,1,Dentist
Bathroom Renovations,15,1,Construction
Residential Construction Contractors,8,1,Construction
Denturologiste St-Hubert,4,2,Dentist
Trouver Un Dentiste,21,1,Dentist
Centre Dentaire,25,5,Dentist
Clinique Dentaire,30,1,Dentist
Dentiste Brossard,6,2,Dentist
Clinique Dentaire Urgence,20,1,Dentist
Dentiste Urgence,14,1,Dentist
Dentiste Pédiatrique,5,1,Dentist
Dentiste Enfant,2,1,Dentist
Service Dentaire,28,3,Dentist
Installation Clôture,403,5,Construction
Installateur De Clôture,282,4,Construction
Clôture Extérieur,340,1,Construction
Rénover Une Maison,261,4,Construction
Rénovation Ancienne Maison,3,1,Construction
Rénover Une Maison,26,2,Construction
Rénovation Vieille Maison,13,1,Construction
Rénovation De Terrasse,59,4,Construction
Rénovation Balcon Extérieur,433,9,Construction
Rénovation Patio,32,1,Construction
Rénovation Patio,356,16,Construction
Entreprise De Construction,351,24,Construction
Rénovation Complète,96,3,Construction
Entreprise Rénovation,97,7,Construction
balcon exterieur,24,1,Construction
Entreprise De Construction Et Rénovation,175,16,Construction
Entreprise Rénovation,488,25,Construction
Rénovation Mur Intérieur,44,2,Construction
Rénovation Complète,14,1,Construction
Entreprise De Construction Et Rénovation,1022,102,Construction
Entreprise Rénovation Intérieur,88,3,Construction
Entreprise Rénovation Intérieur,30,1,Construction
Rénovation De Douche,184,1,Construction
Entreprise De Rénovation,38,1.29,Construction
Rénovation Haut De Gamme,68,1,Construction
Entreprise De Rénovation,249,11,Construction
Rénovation Mur Extérieur,79,1,Construction
Rénovation Extérieur,70,3.71,Construction
Rénovation Extérieur,285,8,Construction
Rénovation Extérieur Maison,416,5,Construction
Rénovation Maison,251,2,Construction
Refaire Salle De Bain,345,4,Construction
Renovation Salle De Bain Pas Cher,3154,27,Construction
Installateur Salle De Bain,321,15,Construction
Construction Salle De Bain,199,4,Construction
Entrepreneur Pour Salle De Bain,117,3,Construction
Renovation Salle De Bain Rive Sud,147,5,Construction
Rénovation Salle De Bain,385,6,Construction
Rénovation De Salle De Bain,100,3,Construction
Entrepreneur Rénovation Salle De Bain,72,3,Construction
Entrepreneur Général Salle De Bain,50,3,Construction
Renovation Salle De Bain Rive Sud,2,1,Construction
Entrepreneur Général Salle De Bain,20,2,Construction
Entrepreneur Salle De Bain,180,6,Construction
Renover Armoire De Cuisine,263,2,Construction
Rénovation Cuisine Bois,85,1,Construction
Rénovation Armoire Cuisine,115,1,Construction
Cuisine Sur Mesure Pas Cher,59,3,Construction
Cuisine Sur Mesure Pas Cher,21,2,Construction
Rénovation Cuisine,475,7,Construction
Rénovation Petite Cuisine,184,3,Construction
gazebo bois,1441,8,Construction
construction gazebo,403,3,Construction
installateur de gazebo,726,14,Construction
gazebo rigide,2568,12,Construction
Entrepreneur Général Commercial,17,2,Construction
Entrepreneur Général Construction,365,13.5,Construction
Entrepreneur Bâtiment,169,13.5,Construction
Entrepreneur Général Rive Sud,277,18,Construction
Entrepreneur Résidentiel,94,9,Construction
entrepreneur général montreal,27,2,Construction
installateur de gazebo,40,5,Construction
Entrepreneur Général Commercial,70,2,Construction
Entrepreneur General Résidentiel,58,7,Construction
Trouver Un Entrepreneur En Rénovation,67,8,Construction
Entrepreneur Général,122,13,Construction
Entrepreneur En Rénovation Résidentielle,37,3,Construction
Entrepreneur Général,1174,43,Construction
Entrepreneur En Rénovation,158,7,Construction
Entrepreneur En Rénovation Résidentielle,221,15,Construction
Entrepreneur Général Construction,137,5,Construction
Trouver Un Entrepreneur En Rénovation,140,9,Construction
Entrepreneur Général Rive Sud,48,10,Construction
Moving Service,46,3,Moving Services
Moving Help,8,1,Moving Services
Professional Packers,2,1,Moving Services
Vitre Thermos,61,3,Doors & Windows
Changement De Thermos,7,2,Doors & Windows
Changer Vitre Thermos,2,1,Doors & Windows
Calfeutrage de Maison,7,1,Doors & Windows
Compagnie De Déménagement,112,2,Moving Services
Compagnie Déménagement,88,4,Moving Services
Entreprise De Déménagement,104,5,Moving Services
Entreprise Déménagement,277,18,Moving Services
Déménagement Tarif,50,2,Moving Services
Déménagement Pas Cher,99,4,Moving Services
Déménagement Prix,76,2,Moving Services
Tarif Déménagement,131,5,Moving Services
Prix Déménagement,140,6,Moving Services
Cout Déménagement,45,1,Moving Services
Déménageur Repentigny,43,1,Moving Services
Déménageurs Pas Cher,215,12,Moving Services
Déménageur Boisbriand,9,2,Moving Services
Déménageur,287,16,Moving Services
Déménageur Laval,84,3,Moving Services
Prix Déménageurs,70,1,Moving Services
Déménageur Montreal,389,20,Moving Services
Déménageur Commercial,12,1,Moving Services
Déménagement Laval,146,7,Moving Services
Déménagement Commerciale,6,1,Moving Services
Déménagement Repentigny,61,2,Moving Services
Déménagement Montreal,427,17,Moving Services
Service De Déménagement,268,14,Moving Services
Déménagement Piano,232,9,Moving Services
Déménagement Longue Distance,153,6,Moving Services
Service Déménagement,64,1,Moving Services
Déménagement Mascouche,58,4,Moving Services
Déménagement,142,6,Moving Services
Déménagement Terrebonne,55,2,Moving Services
Déménagement Professionnel,16,1,Moving Services
Déménagement Rive-Nord,43,3,Moving Services
sell apartment,8,1,Real Estate
real estate services,17,1,Real Estate
real estate office,20,1,Real Estate
real estate company,401,3,Real Estate
real estate broker,358,5,Real Estate
real estate agent,673,13,Real Estate
traitement visage,63,2,Clinic
clinique soin de la peau,28,2,Clinic
soin de beauté,27,3,Clinic
clinique soins du visage,23,5,Clinic
soins pour la peau,21,2,Clinic
meilleur soin pour le visage,29,3,Clinic
Vanquish Me,11,2,Clinic
traitement des cicatrices,28,1,Clinic
cellulite meilleur traitement,9,1,Clinic
Cool Sculpting,4,1,Clinic
drainage lymphatique et cellulite,41,2,Clinic
clinique medico esthetique,69,9,Clinic
institut medico esthetique,27,4,Clinic
clinique medico esthetique,31,1,Clinic
Clinique Médico Esthétique,126,2,Clinic
Clinique Médico Esthétique,29,1,Clinic
médico esthétique,13,2,Clinic
micro needling,7,1,Clinic
Entrepreneur En Excavation,24,1,Excavator
Fosse Septique,30,2,Excavator
Pest Removal,3,1,Exterminator
Wasp Exterminator,1,1,Exterminator
Ant Extermination,4,2,Exterminator
Ant Exterminator,6,1,Exterminator
Spider Exterminator,2,1,Exterminator
Squirrel Removal,19,2,Exterminator
Squirrel Control,3,1,Exterminator
Raccoon Removal,21,5,Exterminator
Raccoon Pest Control,1,1,Exterminator
Exterminator Montreal,10,4,Exterminator
Exterminator Laval,4,1,Exterminator
Laval Exterminator,5,2,Exterminator
Exterminator Brossard,1,1,Exterminator
Pest Exterminator,5,2,Exterminator
Montreal Exterminator,10,3,Exterminator
West Island Exterminator,14,3,Exterminator
Cockroach Removal,4,1,Exterminator
Bug Control,3,1,Exterminator
duproprio,312,1,Real Estate
Sutton,375,1,Real Estate
Cylindre Hydraulique,12,1,Other Industries
Hydrauliques Rive-Sud,15,2,Other Industries
Montréal Hydraulique,26,8,Other Industries
Enerpac,19,5,Other Industries
Parker,4,2,Other Industries
Hydraulique Service,1,1,Other Industries
Hose Hydraulique,9,1,Other Industries
Flexible Hydraulique,1,1,Other Industries
Boyau Hydraulique,2,1,Other Industries
Blanchiment Dent,24,2,Dentist
Blanchiment Des Dents,63,2,Dentist
Blanchiment Dentaire,186,6,Dentist
Clinique Dentaire Familiale,47,2,Dentist
Dentiste Enfant,290,39,Dentist
Dentiste Pour Enfant,272,26,Dentist
Dentiste Pédiatrique,606,70,Dentist
Centre Dentaire Pour Enfant,359,36,Dentist
Clinique Dentaire Pour Enfant,231,14,Dentist
Centre Dentaire Familial,59,3,Dentist
Implant Dentaire,125,1,Dentist
Chirurgie Dentaire,48,6,Dentist
Extraction Dentaire,163,7,Dentist
Extraction Dent,48,3,Dentist
Chirurgien Dentiste,720,81,Dentist
Extraction De Dent,53,2,Dentist
clinique implantologie dentaire,3,0.93,Dentist
un implant dentaire,4,1,Dentist
Urgence Dentaire,841,107,Dentist
Clinique Dentaire Urgence,779,128.67,Dentist
Dentiste Urgence,910,129.33,Dentist
Dentiste En Urgence,179,29,Dentist
Pont Dentaire,57,2,Dentist
Couronne Dentaire,75,1,Dentist
Dentiste Brossard,550,85,Dentist
Dentiste Rive-Sud,49,2,Dentist
Brossard Dentiste,445,89.66,Dentist
St-Hubert Dentiste,181,23.67,Dentist
Dentiste St-Hubert,750,64,Dentist
Clinique Dentaire,1397,136.5,Dentist
Cabinet Dentaire,528,70,Dentist
Centre Dentaire,818,101.88,Dentist
Trouver Un Dentiste,71,1,Dentist
Examen Dentaire,8,1,Dentist
Polissage Dentaire,16,1,Dentist
Nettoyage Dentaire,56,1,Dentist
Service Dentaire,1154,149.81,Dentist
Clinique De Denturologie,311,39.5,Dentist
Denturologiste Brossard,139,13,Dentist
Denturologiste St-Hubert,319,31,Dentist
Denturologiste,29,2,Dentist
Denturologue Brossard,108,14,Dentist
Corrugated Box,341,1,Box Creator
Corrugated Cardboard,136,2,Box Creator
Corrugated Pads,76,1,Box Creator
Corrugated Sheet,343,3,Box Creator
Corrugated Cardboard Sheets,71,1,Box Creator
Toiture Mathieu Mongeon,506,118.33,Roofer
Toiture Mongeon,431,79,Roofer
Excavation,102,4,Excavator
Excavation à Sherbrooke,2,1,Excavator
Installation Fosse Septique,3,1,Excavator
Fosse Septique,76,3.33,Excavator
Fosse Septique Béton,10,1,Excavator
vitre thermos,114,9,Doors & Windows
Remplacer Thermos,7,1,Doors & Windows
Remplacement De Thermos,18,5,Doors & Windows
Remplacement Vitre Thermos,11,2,Doors & Windows
Remplacement Thermos,13,1,Doors & Windows
Calfeutrage Fenêtre Prix,7,2,Doors & Windows
Changer Thermos,8,3,Doors & Windows
appareil medical,10,1,Medical Supplies
equipement medical,4,1,Medical Supplies
fournisseur de matériel médical,5,2,Medical Supplies
couche pour adulte homme,1,1,Medical Supplies
Peinture Brique,153,11,Painter
Peinture De Brique,39,3,Painter
Peinture Pour Aluminium Extérieur,66,2,Painter
Peindre Aluminium Extérieur,47,3,Painter
Peinture Maison Extérieur,116,7,Painter
Peinture Facade Maison,24,1,Painter
Peinture Extérieur Maison,98,12,Painter
peinture extérieur,143,3,Painter
Peinture de Revêtement Extérieur,16,1,Painter
Peinture Revêtement Extérieur,216,7,Painter
Peinture de Porte,61,5,Painter
Restauration De Porte,30,1,Painter
Peinture Porte De Garage,113,10,Painter
Peindre Une Porte,68,2,Painter
Peinture Porte,336,31,Painter
Peinture De Fenêtre,25,2,Painter
Peinture Fenêtre,77,13,Painter
Renovation Fenêtre,61,1,Painter
Peinture Pour Fenêtre,26,1,Painter
Peindre Fenêtre PVC,25,1,Painter
Custom Made Pergola,47,1,Construction
Custom Kitchens,65,1,Construction
Custom Kitchen Montreal,31,1,Construction
Custom Kitchen Islands,83,1,Construction
Renovation Companies Near Me,12,1,Construction
Patio Companies,20,1,Construction
Construction Companies Near Me,53,3,Construction
Commercial Construction Companies,15,1,Construction
Kitchen Renovation,428,7,Construction
Construction Professional,25,3,Construction
General Construction Company,59,3,Construction
Construction Renovation,194,5,Construction
Residential Construction Contractors,33,1,Construction
Construction And Renovation,43,1,Construction
Custom Bathroom Vanities,144,2,Construction
Bathroom Repair,78,2,Construction
Bathroom Contractors,103,3,Construction
Renovate My Bathroom,43,1,Construction
Custom Made Bathroom Cabinets,32,2,Construction
Fence Company,184,1,Construction
Fence Contractors Near Me,16,1,Construction
Fence Installation Near Me,43,1,Construction
Fence Companies Near Me,41,1,Construction
Bathroom Renovation Services,9,1,Construction
Bathroom Refurbishment,45,4,Construction
Bathroom Renovation Experts,1,1,Construction
Bathroom Renovation,65,4,Construction
Extending My House,36,1,Construction
House Extensions,286,2,Construction
Backyard Deck Contractors,3,2,Construction
Custom Design Cabinets,38,2,Construction
Custom Kitchens,30,4,Construction
Cabinet Installation,21,4,Construction
Kitchen Cabinet Renovation,3,1,Construction
Kitchen Renovation Services,24,3,Construction
Kitchen Renovation,51,2,Construction
Siding Contractors Near Me,80,1,Construction
House Contractors Near Me,16,1,Construction
Home Contractors Near Me,9,1,Construction
Local Contractors Near Me,55,1,Construction
House Renovation,49,1,Construction
Residential Building Contractors,55,2,Construction
triplex,261,2,Real Estate
Hydraulique Service,29,1,Other Industries
Hydrauliques Rive-Sud,10,1,Other Industries
Enerpac,15,1,Other Industries
Parker,8,1,Other Industries
Isolation Commercial,19,4,Insulation
Isolation Rive-sud,319,78,Insulation
Isolation cellulose,734,40,Insulation
Airmétic Soya,157,5,Insulation
Isolation Estrie,96,4,Insulation
Isolation Plafond Sous Sol,135,3,Insulation
Isolation Plafond,766,26,Insulation
Isolation Garage Plafond,90,2,Insulation
Entreprise Isolation Maison,63,6,Insulation
Spécialiste En Isolation De Maison,82,4,Insulation
Isolation Résidentielle,144,9,Insulation
Isolation Industrielle,132,5,Insulation
thermique isolation,315,9,Insulation
Isolation Mur Sous Sol,625,16,Insulation
Isolation Thermique Industrielle,36,2,Insulation
Isolation Des Sous Sol,499,7,Insulation
Isolation toit,37,4,Insulation
Isolation Entre Toit,657,45,Insulation
Isolation Mur Fondation,241,10,Insulation
Entreprise De Isolation,367,32.02,Insulation
Entrepreneur En Isolation,81,6,Insulation
Spécialiste Isolation,439,29,Insulation
Isolation Des Combles,112,3,Insulation
Grenier Isolation,51,2,Insulation
Entreprise Isolation Exterieur,9,1,Insulation
Isolation Façade Extérieure,259,7,Insulation
Isolation Murs Extérieurs Maison,620,12,Insulation
isolant exterieur,23,1,Insulation
uréthane giclé,107,1,Insulation
Isolation Giclé,80,17,Insulation
Isolation Uréthane Giclé,76,12,Insulation
isolation thermique,169,20,Insulation
isolation uréthane prix,324,4,Insulation
isolant uréthane,44,10,Insulation
Isolant En Mousse De Polyuréthane,37,4,Insulation
Isolant En Mousse De Polyuréthane,105,1,Insulation
uréthane giclé,51,8,Insulation
Isolation Uréthane Giclé,655,50.98,Insulation
Isolation Giclé,258,21,Insulation
Isolation Polyuréthane Giclé,222,19,Insulation
polyuréthane isolation,54,11,Insulation
Clinique Dentaire,26,1,Dentist
Dentiste Urgence,7,1,Dentist
Dentiste Pédiatrique,6,2,Dentist
Dentiste Enfant,3,1,Dentist
agence immobilière,71,1,Real Estate
courtier immobilier,14,1,Real Estate
agent immobilier,17,1,Real Estate
Réparation Fenêtre Manivelle,835,124,Doors & Windows
Manivelle De Fenêtre,1189,29,Doors & Windows
hose and fittings dartmouth,10,3,Other Industries
canada hose and fittings,4,3,Other Industries
hydraulic hoses and fittings,29,1,Other Industries
hose and fittings burnside,5,2,Other Industries
hose and fittings,16,3,Other Industries
propane hoses and fittings,16,1,Other Industries
gas hoses and fittings,10,1,Other Industries
hose and fittings,6,2,Other Industries
Lawn Care Companies,51,5,Landscaper
Lawn Service,120,1,Landscaper
yard cleanup,17,1,Landscaper
Lawn Cutting Service,353,1,Landscaper
lawn care business,3,1,Landscaper
Réparation Fenêtre Thermos,321,14,Doors & Windows
Rénovation Fenêtres,2082,315.67,Doors & Windows
Restauration De Fenêtres,127,20,Doors & Windows
Recouvrement d'Aluminium,977,28,Doors & Windows
Restauration Fenêtres,1198,141,Doors & Windows
Poison Ivy Removal,103,2,Landscaper
Réparation De Fenêtres,1584,195.6,Doors & Windows
Réparation Fenêtres,3173,308.4,Doors & Windows
Fenêtre Réparation,802,110,Doors & Windows
Weed Control Company,12,1,Landscaper
Weed Control,243,2,Landscaper
Lawn Treatment Service,49,1,Landscaper
Coupe Froid Fenêtre,468,34,Doors & Windows
Coupe Froid Porte,1102,31.33,Doors & Windows
Coupe Froid Bas De Porte,599,7,Doors & Windows
Coupe Froid Porte De Garage,830,17,Doors & Windows
coupe froid,1504,69,Doors & Windows
Coupe Froid Porte Extérieure,222,2,Doors & Windows
Imperméabilisation De Fondation,7,2,Plumber
medical distributors,5,1,Medical Supplies
medical distributors,80,8,Medical Supplies
medical device distributors,8,1,Medical Supplies
medical equipment near me,71,8,Medical Supplies
canadian medical supplies,245,9,Medical Supplies
wholesale medical supplies,12,4,Medical Supplies
medical supplies,2067,76,Medical Supplies
medical supplies montreal,412,27,Medical Supplies
homecare medical supplies,29,1,Medical Supplies
wholesale medical supplies,16,2,Medical Supplies
medical supplies nearby,106,5,Medical Supplies
medical supplies montreal,1040,53,Medical Supplies
medical supplies,280,6,Medical Supplies
orthopedic medical supplies,142,3,Medical Supplies
canadian medical supplies,264,9,Medical Supplies
medical supply distributors,18,1,Medical Supplies
canadian medical supply distributors,21,5,Medical Supplies
medical surgical equipment,90,3,Medical Supplies
medical surgical supplies,36,6,Medical Supplies
medical surgical distributors,3,1,Medical Supplies
home medical equipment montreal,17,2,Medical Supplies
medical equipment montreal,332,12,Medical Supplies
medical equipment montreal,437,27,Medical Supplies
medical apparatus,9,1,Medical Supplies
medical office supplies,2,1,Medical Supplies
medical items,48,2,Medical Supplies
medical supplies online,9,1,Medical Supplies
incontinence montreal,33,1,Medical Supplies
incontinence products,129,3,Medical Supplies
incontinence briefs,74,2,Medical Supplies
medical supply business,3,1,Medical Supplies
medical supply equipment,110,4,Medical Supplies
medical equipment,62,2,Medical Supplies
basic medical equipment,3,1,Medical Supplies
medical equipment and supplies,277,7,Medical Supplies
medical equipment,635,11,Medical Supplies
surplus medical equipment,6,1,Medical Supplies
medical supplies near me,110,4,Medical Supplies
medical supplies near me,19,2,Medical Supplies
prevail,89,4,Medical Supplies
medical equipment online store,3,1,Medical Supplies
gpr scanning,60,2,Excavator
gpr scanning services,21,2,Excavator
gpr scanning cost,52,2,Excavator
gpr concrete scanning,17,6,Excavator
gpr concrete scanning,16,6,Excavator
gpr scanning,102,1,Excavator
coring contractor,3,1,Excavator
coring company,81,7,Excavator
drilling and coring,53,3,Excavator
scanning and coring,80,7,Excavator
drilling and coring,88,6,Excavator
scanning and coring,13,1,Excavator
coring company,26,6,Excavator
Drain Français,6,1,Excavator
concrete services,22,2,Excavator
concrete services,239,14,Excavator
concrete services inc,1,1,Excavator
concrete demolition near me,6,1,Excavator
concrete demolition,54,4,Excavator
concrete demolition,225,12.5,Excavator
core cutting near me,5,1,Excavator
core cutting contractors,11,3,Excavator
core cutting,242,2,Excavator
active concrete cutting,4,0.5,Excavator
concrete sawcutting,29,5,Excavator
concrete services,44,2,Excavator
concrete cutting and demolition,14,2,Excavator
concrete cutting and core drilling,24,3,Excavator
residential concrete cutting,5,1,Excavator
coring and cutting,7,1,Excavator
concrete cutting hamilton,9,1,Excavator
concrete cutting,2736,163,Excavator
concrete cutting companies near me,11,1,Excavator
concrete cutting and core drilling,42,6.5,Excavator
concrete services,439,40,Excavator
cutting concrete,6,2,Excavator
concrete sawcutting,76,11,Excavator
concrete cutting,74,5,Excavator
concrete cutting company,66,5,Excavator
concrete cutting near me,2,1,Excavator
concrete drilling and cutting,39,2,Excavator
concrete cutting company,24,4,Excavator
concrete cutting,478,58,Excavator
coring and drilling,32,4.5,Excavator
concrete cutting toronto,40,4,Excavator
concrete curb cutting near me,92,9,Excavator
residential concrete cutting,154,21,Excavator
concrete cutting near me,191,20.5,Excavator
concrete cutting and removal,111,15.5,Excavator
concrete slab scanning,3,1,Excavator
concrete cutting toronto,145,20,Excavator
core drilling services,79,5,Excavator
core drilling services,21,2,Excavator
residential concrete services,30,1,Excavator
complete concrete services,8,1,Excavator
industrial concrete services,2,1,Excavator
concrete services,220,14,Excavator
residential concrete services,62,1,Excavator
concrete services,3174,261,Excavator
professional concrete services,13,3,Excavator
concrete excavation,16,1,Excavator
concrete excavation,107,2,Excavator
concrete slab scanning,81,18,Excavator
concrete slab scanning,34,3,Excavator
concrete slab companies near me,200,7,Excavator
concrete sawing and drilling,56,4,Excavator
core drilling concrete slab,27,1,Excavator
concrete sawing services,14,1,Excavator
concrete sawing and drilling,46,3,Excavator
fosse septique plan,22,7,Excavator
Fosse Septique,11,3,Excavator
plan fosse septique,8,1,Excavator
Fosse Septique,2472,127,Excavator
Système Septique,587,59,Excavator
Installation Fosse Septique,39,1,Excavator
Champ d'Épuration,1201,78,Excavator
inspection champs d épuration,27,2,Excavator
champs d epuration,2,1,Excavator
Champ Épuration,227,8,Excavator
Technologue,336,43,Excavator
technologue fosse septique laurentides,62,8,Excavator
Technologue Fosse Septique,47,10,Excavator
Technologue Fosse Septique,508,60,Excavator
Technologue Professionnel,93,4,Excavator
Installation Fosse Septique,168,8,Excavator
Fosse Septique Installation,17,1,Excavator
Installation Septique,194,8,Excavator
Test De Sol Fosse Septique,162,32,Excavator
Test De Sol,38,4,Excavator
Test De Sol,1910,209,Excavator
Étude Géotechnique des Sols,24,2,Excavator
Analyse De Sol,264,25,Excavator
etude de sols,44,4,Excavator
Test De Sol Pour Fosse Septique,194,16,Excavator
Étude Géotechnique,84,12,Excavator
analyse de sol pour particulier,33,6,Excavator
Test Percolation,106,10,Excavator
analyse des sols,29,2,Excavator
Étude De Sol,243,15,Excavator
Réparation Fenêtre Thermos,13,3,Doors & Windows
Restauration Fenêtres,15,2,Doors & Windows
Rénovation Fenêtres,131,22,Doors & Windows
Recouvrement d'Aluminium,41,1,Doors & Windows
Réparation De Fenêtres,26,3,Doors & Windows
Réparation Fenêtres,97,5,Doors & Windows
Fenêtre Réparation,118,9,Doors & Windows
Réparation Fenêtre Manivelle,43,9,Doors & Windows
Manivelle De Fenêtre,90,1,Doors & Windows
bee control service,1,1,Exterminator
bee nest removal,4,1,Exterminator
Transport Marchandise,20,2,Moving Services
Compagnie De Transport,47,8,Moving Services
Service De Transport,86,2,Moving Services
Transport Routier,14,2,Moving Services
Remplacement Chauffe Eau,368,11,Plumber
Chauffe Eau Electrique,938,9,Plumber
Installation Chauffe Eau,810,17,Plumber
Changer Chauffe Eau,149,2,Plumber
Plombier 24h,373,37,Plumber
plombier urgence montreal,3,1,Plumber
Depannage Plomberie,77,4,Plumber
Plombier Urgent,227,25,Plumber
Urgence Plombier,78,7,Plumber
Plombier Urgence,260,26,Plumber
Entreprise Plomberie,247,9,Plumber
Plombier Commercial,52,1,Plumber
Plombier,86,6,Plumber
Compagnie De Plomberie,105,2,Plumber
Plombier Valleyfield,2950,204.33,Plumber
Plombier Beauharnois,246,14,Plumber
Plombier Pointe-Claire,95,2,Plumber
Plombier Dollard des Ormeaux,43,6,Plumber
plomberie valleyfield,510,41.67,Plumber
Plombier West Island,167,11,Plumber
Plombier Vaudreuil,542,77,Plumber
Plombier Beaconsfield,13,5,Plumber
Plombier Kirkland,14,1,Plumber
Plombier Chateauguay,463,17,Plumber
Compagnie Plomberie,699,34,Plumber
Plombier Résidentiel,178,8,Plumber
Plombier Dorval,71,5,Plumber
Reparation Chauffe Eau,302,13,Plumber
Entretien Chauffe Eau,126,3,Plumber
Camera Inspection,5,1,Plumber
Inspection Drain Caméra,27,7,Plumber
plombier avec camera,4,2,Plumber
Installation Plomberie,131,1,Plumber
Service Plomberie,482,21,Plumber
Reparation Plomberie,44,1,Plumber
Service de Plomberie,1135,59,Plumber
compagnie de plomberie montreal,26,7,Plumber
Renovation Plomberie,35,1,Plumber
DPF Filter,13,1,Car Mechanic
DPF Cleaning,2,1,Car Mechanic
Laval Exterminator,4,2,Exterminator
Exterminator Laval,22,5,Exterminator
Exterminator Near Me,20,7,Exterminator
Longueuil Exterminator,3,1,Exterminator
Exterminator,155,32.5,Exterminator
Pest Exterminator,20,3,Exterminator
Extermination Services,138,39,Exterminator
West Island Exterminator,116,35,Exterminator
Exterminator Montreal,89,16.5,Exterminator
Montreal Exterminator,111,24,Exterminator
Exterminator West Island,41,11,Exterminator
Pest Control Near Me,23,1,Exterminator
Pest Removal,112,26,Exterminator
Pest Control Companies,9,3,Exterminator
Pest Control,179,13,Exterminator
Pest Control Services,261,49,Exterminator
24 Hour Emergency Plumbing,5,1,Plumber
Plumbing Companies,4,1,Plumber
Plumber Pointe-Claire,5,1,Plumber
Boite Carton,22,1,Box Creator
Dentiste Pour Enfant,5,1,Dentist
Extraction Dentaire,3,2,Dentist
Service De Déneigement,2239,101,Moving Services
Déneigement Commercial,265,17,Moving Services
Compagnie De Déneigement,610,30,Moving Services
Surveying Services,260,29,Training Classes
Residential Survey,15,1,Training Classes
Entrepreneur En Fondation,6,1,Plumber
Certified Land Surveyor,18,2,Training Classes
Surveying Companies,22,5,Training Classes
Certified Surveyor,124,4,Training Classes
Land Surveyor,163,21,Training Classes
location certificate,23,3,Training Classes
certificate of localisation,418,27,Training Classes
certificate of location west island,9,4,Training Classes
certificate of location,224,13,Training Classes
Certificate Of Location,224,27,Training Classes
Location Certificate,17,1,Training Classes
certificate location,12,1,Training Classes
business proposal layout,18,1,Training Classes
Réparation De Fondation,2,1,Plumber
Dentiste Pédiatrique,3,1,Dentist
Clinique Dentaire Pour Enfant,2,1,Dentist
Clinique Denturologie,2,2,Dentist
Home Moving Service,89,9,Moving Services
Residential Moving,9,2,Moving Services
Residential Moving,6,2,Moving Services
Local Moving Companies,4,1,Moving Services
Local Movers Near Me,31,5,Moving Services
Local Movers,176,20.5,Moving Services
Local Moving Companies Near Me,20,6,Moving Services
Local Moving Company,95,19,Moving Services
Moving Company Prices,135,4,Moving Services
Movers In Stratford,671,93.83,Moving Services
Moving Help,483,47,Moving Services
Movers In Tillsonburg,286,55.75,Moving Services
Moving Service,1232,115,Moving Services
Moving Guys,1062,137.25,Moving Services
Small Moving Companies,108,7,Moving Services
Movers In St. Marys,9,1,Moving Services
Moving Estimate,224,6,Moving Services
Movers In Norwich,14,4,Moving Services
Moving Companies Woodstock,89,15,Moving Services
Movers,51,6,Moving Services
Affordable Movers,174,22,Moving Services
Moving Company,922,100,Moving Services
Movers In Woodstock,636,189.5,Moving Services
Need Help Moving,137,18,Moving Services
Best Moving Companies Near Me,10,1,Moving Services
Moving Company Near Me,21,2,Moving Services
Moving Services Near Me,72,7,Moving Services
movers,199,25.67,Moving Services
Movers Near Me,308,48.5,Moving Services
Long Distance Movers,11,5,Moving Services
Long Distance Moving Companies,6,5,Moving Services
Long Distance Movers Woodstock,1,1,Moving Services
Packing And Moving Services,40,3,Moving Services
Packing And Moving,42,4,Moving Services
Packing Companies Near Me,13,1,Moving Services
Professional Packers,7,2,Moving Services
Packing And Movers,22,3,Moving Services
Home Packing Services,38,5,Moving Services
Packing Services,113,10,Moving Services
Packing Movers,18,9,Moving Services
Packing To Move,100,1,Moving Services
Moving And Storage Company,64,5,Moving Services
Moving And Storage Services,139,15,Moving Services
Moving And Storage Companies,20,6,Moving Services
Moving And Storage Near Me,16,2,Moving Services
Furniture Moving Companies,66,6,Moving Services
Furniture Moving Company,10,1,Moving Services
Furniture Movers,272,28.5,Moving Services
Moving Heavy Furniture,95,9,Moving Services
Furniture Movers Near Me,27,1,Moving Services
Piano Removal,109,11,Moving Services
Piano Transport,112,20,Moving Services
Piano Moving Cost,94,2,Moving Services
Piano Movers,750,106,Moving Services
Piano Moving Service,76,16,Moving Services
Professional Piano Movers,24,5,Moving Services
Piano Moving Company,11,2,Moving Services
Piano Movers Near Me,79,20.5,Moving Services
Spray-Net,322,37,Painter
Spray Net,78,10,Painter
Bardagi Team,72,4,Real Estate
Bardagi,18301,324,Real Estate
Bardagi Real Estate,1841,19,Real Estate
Lauren Sigler,27,1,Real Estate
Daniel Beauchemin,148,5,Real Estate
Marc Fragman,249,5,Real Estate
Georges Bardagi,2084,34,Real Estate
Pierre-Yves Lamarre,173,5,Real Estate
Valérie Lacasse,45,3,Real Estate
James Morris,287,16,Real Estate
Simon Léger,78,2,Real Estate
Fenêtre Réparation,5,0.5,Doors & Windows
Réparation De Fenêtres,14,1,Doors & Windows
Réparation Fenêtres,52,8,Doors & Windows
Réparation Fenêtre Manivelle,6,3,Doors & Windows
Rénovation Fenêtres,28,1,Doors & Windows
Restauration Fenêtres,31,2.5,Doors & Windows
Réparation Fenêtre Thermos,6,1,Doors & Windows
coupe froid,4,1,Doors & Windows
Réparation Hydraulique,6,2,Other Industries
electricien rive sud,494,130,Electrician
Électricien Brossard,865,231,Electrician
Contracteur Électricien,66,11,Electrician
Trouver Un Électricien,250,41,Electrician
Électricien Rive Sud,719,187.34,Electrician
Électricien Longueuil,898,204.16,Electrician
electricien longueuil,1012,237,Electrician
Électricien,565,75,Electrician
Maître Électricien,681,87,Electrician
Électricien Résidentiel,377,51,Electrician
Entrepreneur Électricien,429,49,Electrician
Électricien Saint-Hubert,714,122,Electrician
Electricien St Hubert,149,34,Electrician
Électricien Urgence,491,114,Electrician
Électricien d'Urgence,460,112.33,Electrician
Électricien En Urgence,199,31,Electrician
Urgence Électricité,231,33,Electrician
Tapis Extérieur Chauffant,24,1,Electrician
Tapis Chauffant,140,5,Electrician
Tapis Chauffant Extérieur,106,1,Electrician
Entreprise D'Électricité,540,44,Electrician
Contracteur Électrique,4,1,Electrician
Entreprise Électricité,1192,186,Electrician
Entrepreneur Électrique,440,41,Electrician
Panneau Électrique,296,5,Electrician
West Island Exterminator,3,1,Exterminator
Exterminator Laval,3,1,Exterminator
Exterminator Near Me,4,1,Exterminator
Bed Bug Pest Control,1,2,Exterminator
Bed Bug Exterminator,6,2,Exterminator
Mice Exterminator,3,3,Exterminator
Body Shaping Near Me,17,1,Clinic
Body Sculpting,290,4,Clinic
Emsculpt Neo Montreal,173,5,Clinic
Em Sculpt Neo,61,4,Clinic
Microneedling Facial,31,2,Clinic
Skin Microneedling,335,6,Clinic
Emface Montreal,71,2,Clinic
Emface,114,4,Clinic
Face Lifting Near Me,22,1,Clinic
Emface,92,2,Clinic
Treatment For Cellulite,303,4,Clinic
Entreprise De Construction Et Rénovation,6,1,Construction
Entrepreneur Général,40,1,Construction
Entrepreneur Général Rive Sud,12,1,Construction
Entrepreneur Général Commercial,4,1,Construction
installateur de gazebo,48,2,Construction
gazebo rigide,7,1,Construction
house for sale,410,1,Real Estate
real estate agent,46,1,Real Estate
Compagnie Fosse Septique,64,3,Excavator
fosse septique sans champs d épuration,33,2,Excavator
Installation Septique,133,17.78,Excavator
Installation Fosse Septique,152,26.98,Excavator
Fosse Septique Béton,43,0.5,Excavator
système septique,31,1,Excavator
Fosse Septique,1104,50.53,Excavator
Installateur Fosse Septique,42,3.75,Excavator
une fosse septique,155,9.12,Excavator
Service De Déménagement,4,2,Moving Services
Excavation Résidentielle,16,1,Excavator
Excavation Fondation Maison,7,1,Excavator
Excavation à Sherbrooke,63,7,Excavator
Excavation,1254,52.83,Excavator
entreprise excavation,126,4.5,Excavator
Champ Épuration,255,15,Excavator
Installation Champ d'Épuration,27,0.67,Excavator
Entrepreneur Excavation,321,26.33,Excavator
Expert En Fondation,24,1,Excavator
Entrepreneur En Excavation,376,6.25,Excavator
Champ d'Épuration,225,8,Excavator
Compagnie Excavation,713,26.92,Excavator
Déménageur,1,1,Moving Services
Weed Control,21,1,Landscaper
Poison Ivy Control,1,1,Landscaper
Fuse Box Replacement,33,1,Electrician
Breaker Panel,296,2,Electrician
Electrical Panel Upgrade,28,4,Electrician
Cost To Replace Electrical Panel,73,1,Electrician
Electrical Panel Replacement,45,1,Electrician
Traitement Microneedling,34,1,Clinic
Microneedling Visage,22,1,Clinic
Clinique Médico Esthétique,20,1,Clinic
Isolation Des Sous Sol,25,1,Insulation
Isolation Des Combles,7,1,Insulation
Spécialiste Isolation,5,2,Insulation
Isolation Entre Toit,21,3,Insulation
Cie De Déménagement,526,24,Moving Services
Déménageur Résidentiel,37,1,Moving Services
Déménagement Résidentiel,125,3,Moving Services
Isolation Rive-sud,11,2,Insulation
Pest Control,453,7,Landscaper
Rodent Control,39,1,Landscaper
Agent Immobilier,47,3,Real Estate
Agence Immobilière,58,4,Real Estate
Agence Immobilière Montreal,7,1,Real Estate
panneau électrique 200 amp,313,6,Electrician
panneau électrique 200 ampères,127,5,Electrician
Panneau Électrique,1696,35,Electrician
Installation Panneau Électrique,166,3,Electrician
changer panneau électrique,121,2,Electrician
Tableau Électrique,320,1,Electrician
Location Grue,3,1,Crane rental
Location De Grue,7,2,Crane rental
Grue,5,1,Crane rental
Grue De Levage,2,1,Crane rental
Service De Grue,3,1,Crane rental
Grue St-Jerome,1,1,Crane rental
air condition repair company,8,1,Hvac
AC Service,7,3,Hvac
Air Conditioning,336,8,Hvac
Air Conditioner,522,5,Hvac
Georges Bardagi,2633,32,Real Estate
Équipe Georges Bardagi,4,1,Real Estate
Pierre-Yves Lamarre,262,8,Real Estate
Sabrina Turpin,36,1,Real Estate
Daniel Beauchemin,203,4,Real Estate
James Morris,326,11,Real Estate
Valérie Lacasse,66,4,Real Estate
Marc Fragman,287,13,Real Estate
Carole Chartrand,108,33,Real Estate
Isolation Des Sous Sol,5,1,Insulation
Isolation Entre Toit,13,4,Insulation
Équipe Bardagi,4062,63,Real Estate
Bardagi Immobilier,2490,28,Real Estate
Bardagi Courtier,281,1,Real Estate
Remax,161,3,Real Estate
Bardagi,22813,356,Real Estate
Entreprise De Isolation,3,1,Insulation
Isolation Plafond,10,2,Insulation
Isolation Rive-sud,15,3,Insulation
Isolation Résidentielle,3,1,Insulation
Basement Waterproofing,169,7,Plumber
Waterproofing Basement Walls,34,1,Plumber
French Drain Construction,58,1,Plumber
French Drain Cost,207,11,Plumber
French Drain Installation,102,7,Plumber
French Drain Inspection,62,15,Plumber
French Drain Repair,20,1,Plumber
Remplacement De Thermos,425,42.5,Doors & Windows
vitre thermos,1948,108,Doors & Windows
Remplacer Thermos,34,3,Doors & Windows
Remplacement De Vitre Thermos,525,55,Doors & Windows
Remplacement Thermos Fenêtre,235,27,Doors & Windows
Remplacement Vitre Thermos,247,28,Doors & Windows
Remplacement Thermos,83,2,Doors & Windows
Calfeutrage De Fenêtre,475,43.5,Doors & Windows
Calfeutrer Porte,155,5,Doors & Windows
Calfeutrage Fenêtre,359,20.5,Doors & Windows
Calfeutrage Résidentiel,138,15,Doors & Windows
Calfeutrage Fenêtre Prix,191,11,Doors & Windows
Calfeutrage de Maison,161,9,Doors & Windows
Calfeutrage Fenêtre Extérieur,157,7,Doors & Windows
gas hoses and fittings,5,1,Other Industries
hose and fittings,3,1,Other Industries
Changer Thermos,86,6,Doors & Windows
Changement De Thermos,222,29.5,Doors & Windows
Changer Thermos Fenêtre,88,3,Doors & Windows
Changement Thermos Fenêtre,193,18,Doors & Windows
Roofing Companies,6,1,Roofer
Roofer Gatineau,21,1,Roofer
Roofing Contractors,28,1,Roofer
Home Packing Services,1,2,Moving Services
Piano Movers,44,6,Moving Services
Movers Near Me,7,1,Moving Services
Moving Service,34,1,Moving Services
Moving Company,46,5,Moving Services
Movers,2,1,Moving Services
Movers In Stratford,12,2,Moving Services
Movers In Woodstock,8,1,Moving Services
Moving Help,14,1,Moving Services
Rouleau De Carton,179,2,Box Creator
Carton Emballage,429,9,Box Creator
Carton Rigide,486,2,Box Creator
Boite Carton,3378,30,Box Creator
Emballage Carton,724,12,Box Creator
fabricant boite carton,102,6,Box Creator
achat boite carton,140,1,Box Creator
Rouleau Carton,172,2,Box Creator
Feuille De Carton,647,24,Box Creator
Boite En Carton,1700,18,Box Creator
Plaque Carton Ondulé,26,3,Box Creator
Carton Gaufré,62,1,Box Creator
Carton Ondulé,840,30,Box Creator
Papier Ondulé,51,1,Box Creator
feuille de carton ondulé,56,1,Box Creator
Rouleau Carton Ondulé,121,2,Box Creator
Heating And Air Conditioning,125,2,Hvac
Heating And Cooling Contractors,149,3,Hvac
HVAC,972,23,Hvac
Commercial HVAC,24,3,Hvac
Hvac Ottawa,35,6,Hvac
hvac companies in ottawa,11,1,Hvac
HVAC Service,77,4,Hvac
Pest Control,8,3,Exterminator
Rat Removal,7,2,Exterminator
Wasp Removal,4,1,Exterminator
Montreal Exterminator,5,1,Exterminator
Extermination Services,2,1,Exterminator
Exterminator,1,1,Exterminator
Pest Exterminator,7,2,Exterminator
Exterminator Montreal,8,4,Exterminator
Wasp Exterminator,14,5,Exterminator
Wasp Nest Removal,12,5,Exterminator
Wasp Extermination,7,2,Exterminator
Wasp Control,5,2,Exterminator
Wasp Removal,17,9,Exterminator
Raccoon Exterminator,1,1,Exterminator
Raccoon Control,1,1,Exterminator
Raccoon Removal,9,2,Exterminator
Bed Bug Exterminator,4,3,Exterminator
Exterminator Brossard,6,3,Exterminator
Exterminator,7,2,Exterminator
Longueuil Exterminator,2,1,Exterminator
West Island Exterminator,29,8,Exterminator
Exterminator Near Me,8,4,Exterminator
Montreal Exterminator,15,3,Exterminator
Pest Exterminator,10,2,Exterminator
Exterminator Montreal,18,7,Exterminator
Exterminator West Island,5,1,Exterminator
Roach Exterminator Cost,1,1,Exterminator
Spider Exterminator,5,1,Exterminator
Spider Control,4,2,Exterminator
Pest Control,18,5,Exterminator
Réparation De Béton,23,1,Excavator
Grue St-Jerome,4,2,Crane rental
Réparation Fissure Béton,55,2,Excavator
Imperméabilisation De Béton,8,1,Excavator
Imperméabilisation Fondation,61,2,Excavator
Réparation De Béton,162,4,Excavator
resurfacage beton,36,1,Excavator
Réparation Béton,234,3,Excavator
réparation de béton extérieur,68,2,Excavator
réparation béton extérieur,11,1,Excavator
reparation beton,72,2,Excavator
Resurfaçage De Béton,160,2,Excavator
Resurfaçage Béton,55,1,Excavator
Réparation Fondation,62,3,Excavator
Réparation De Fissure De Fondation,20,1,Excavator
Drain De Fondation,37,4,Excavator
cutting and coring,36,5,Excavator
cutting and coring,4,2,Excavator
concrete services,36,2,Excavator
concrete cutting and coring,2,1,Excavator
coring company near me,1,1,Excavator
coring contractor,1,1,Excavator
scanning and coring,1,1,Excavator
concrete cutting toronto,4,3,Excavator
concrete cutting near me,5,1,Excavator
concrete cutting,33,4,Excavator
concrete cutting toronto,5,2,Excavator
concrete scanning,3,2,Excavator
concrete demolition,1,3,Excavator
concrete cutting services,14,2,Excavator
concrete x ray scanning,2,2,Excavator
concrete x ray services,6,1,Excavator
core cutting,5,3,Excavator
Depannage Plomberie,3,1,Plumber
Chauffe Eau Electrique,42,1,Plumber
Plombier Dorval,4,1,Plumber
Entreprise Plomberie,19,3,Plumber
Plombier Valleyfield,89,8,Plumber
pneumatic parts,13,1,Other Industries
garden hose adapter,86,4,Other Industries
air hose,13,1,Other Industries
air hose,317,13,Other Industries
hose connector,217,8,Other Industries
hose connector,12,1,Other Industries
hydraulic hoses near me,4,1,Other Industries
hydraulic hose,99,8,Other Industries
hose and fittings,827,164.49,Other Industries
hose and fittings burnside,174,36.5,Other Industries
gas hoses and fittings,677,57,Other Industries
propane hoses and fittings,1304,105,Other Industries
hose fittings,1059,66.01,Other Industries
canada hose and fittings,417,87,Other Industries
hose and fittings,482,93,Other Industries
hose and fitting supply,18,3,Other Industries
hose and fittings dartmouth,57,10,Other Industries
hose and fittings dartmouth,506,137,Other Industries
canada hose and fittings,45,4,Other Industries
rubber hoses and fittings,602,32.5,Other Industries
hose fittings,21,3,Other Industries
hydraulic hoses and fittings,1223,72,Other Industries
brass propane fittings,6,1,Other Industries
propane fittings,29,4,Other Industries
pneumatic fittings,74,3,Other Industries
braided hose,70,2,Other Industries
propane fittings,34,4,Other Industries
propane adapter,30,1,Other Industries
propane fittings,75,4,Other Industries
propane adapter,214,15,Other Industries
hose and fittings canada,396,90.5,Other Industries
fuel hose connectors,22,1,Other Industries
propane connectors,107,6,Other Industries
air hose fittings,60,3,Other Industries
air compressor fittings,18,2,Other Industries
propane fittings near me,4,2,Other Industries
pressure washer fittings,21,1,Other Industries
pressure washer hose,59,5,Other Industries
pressure washer replacement hose,107,5,Other Industries
pressure washer hose,252,12,Other Industries
pressure washer fittings,94,3,Other Industries
pressure washer replacement hose,15,2,Other Industries
hydraulic fittings near me,3,1,Other Industries
hydraulic fittings,12,1,Other Industries
propane hose,12,1,Other Industries
propane hose,78,3,Other Industries
propane hose extension,21,1,Other Industries
propane tank hose,17,2,Other Industries
Enerpac,38,3,Other Industries
Furniture Movers,3,1,Moving Services
Hose Hydraulique,15,1,Other Industries
Movers In Stratford,4,1,Moving Services
Moving Guys,23,1,Moving Services
Moving Service,6,1,Moving Services
Movers In Woodstock,5,4,Moving Services
Réparation Solage,2,1,Plumber
Fondation Réparation,2,1,Plumber
Réparation Pompe Hydraulique,6,3,Other Industries
Réparation Cylindre Hydraulique,3,1,Other Industries
Montréal Hydraulique,8,1,Other Industries
Cylindre Hydraulique,35,7,Other Industries
Magasin Hydraulique,1,1,Other Industries
Hydrauliques Rive-Sud,38,7,Other Industries
Long Distance Moving Companies,2,1,Moving Services
Local Movers,6,4,Moving Services
Expert En Fondation,10,1,Plumber
Réparation Infiltration d'Eau,1,1,Plumber
Entrepreneur Bâtiment,62,4.5,Construction
Entrepreneur Construction,308,2,Construction
Air Conditioner,11,1,Hvac
Exterminateur Punaise De Lit,1,1,Exterminator
Extermination Montreal,6,1,Exterminator
Exterminateur,8,1,Exterminator
Exterminateur Montreal-Est,3,2,Exterminator
Exterminateur Montreal,16,3,Exterminator
Remodelage Corporel,295,6,Clinic
em sculpt,37,1,Clinic
Cool Sculpting,1446,22,Clinic
Liposuccion Sans Chirurgie,429,5,Clinic
em sculpt neo,30,2,Clinic
Perdre Du Poids Sans Sport,97,1,Clinic
Remise En Forme,98,1,Clinic
Changement Thermos Fenêtre,1,1,Doors & Windows
Changement De Thermos,7,1,Doors & Windows
vitre thermos,19,3,Doors & Windows
Remplacement Thermos Fenêtre,3,1,Doors & Windows
Remplacement De Thermos,14,4,Doors & Windows
Remplacement De Vitre Thermos,13,4,Doors & Windows
Foundation Contractors,6,1,Plumber
Foundation Companies,4,1,Plumber
Foundation Repair,23,2,Plumber
em sculpt,309,10,Clinic
Cool Sculpting,120,1,Clinic
em sculpt neo,38,1,Clinic
Meilleur Traitement Cellulite,430,3,Clinic
Traitement Cellulite,1078,16,Clinic
Cellulite Jambe Traitement,44,1,Clinic
Traitement Anti Cellulite,371,5,Clinic
Cellulite Traitement,422,3,Clinic
Foundation Repair,7,1,Plumber
Vanquish Me,723,21,Clinic
Enerpac,6,1,Other Industries
Hydrauliques Rive-Sud,25,2,Other Industries
Réparation Cylindre Hydraulique,2,1,Other Industries
Grue Montreal,371,85.5,Crane rental
Grue St-Jerome,307,87,Crane rental
Camion Grue,233,10,Crane rental
Grue,473,29,Crane rental
Grue Saint-Jerome,77,13,Crane rental
Grue Mirabel,56,6,Crane rental
Grue De Levage,126,13,Crane rental
Service De Grue,450,34,Crane rental
Grue Montreal,338,32,Crane rental
Grue De Levage,806,118.83,Crane rental
Grue Laval,62,2,Crane rental
Grue St-Jerome,431,67,Crane rental
grue rive sud,19,5,Crane rental
Grue Saint-Jerome,55,15,Crane rental
Grue Mobile,289,46,Crane rental
Camion Grue,67,4,Crane rental
Grue Mobile,281,9,Crane rental
Service De Grue,362,69.5,Crane rental
grue montreal,91,40,Crane rental
Boom Truck Location,419,74.83,Crane rental
Location De Boom Truck,78,3,Crane rental
Boom Truck A Louer,48,4,Crane rental
boom truck montreal,61,15,Crane rental
boom truck rental,82,10,Crane rental
Boom Truck Location,191,16,Crane rental
Location De Boom Truck,148,20,Crane rental
boom truck rental montreal,10,1,Crane rental
Boom Truck A Louer,238,32,Crane rental
Location Boom Truck,485,29,Crane rental
Location Boom Truck,489,76.33,Crane rental
Grue Location,112,27.5,Crane rental
location de grue prix,146,1,Crane rental
location de grue prix,278,41.5,Crane rental
Location Camion Grue,134,1,Crane rental
Location Grue,245,60.5,Crane rental
Location De Grue,604,118,Crane rental
grue laval,70,25,Crane rental
Grue Location,76,2,Crane rental
location grue prix,126,4,Crane rental
grue location,146,34.5,Crane rental
Location De Grue,485,24,Crane rental
Location Grue,732,26,Crane rental
location grue montreal,27,11,Crane rental
location grue prix,109,18,Crane rental
Location Camion Grue,45,3,Crane rental
location grue montreal,19,1,Crane rental
location grue montreal,66,12,Crane rental
Corrugated Cardboard,8,1,Box Creator
Corrugated Sheet,8,1,Box Creator
Corrugated Pads,3,2,Box Creator
Corrugated Cardboard Sheets,8,1,Box Creator
Nettoyage DPF,187,21,Car Mechanic
Flat Roof,4,1,Roofer
Roof Repair,8,1,Roofer
real estate agent,33,1,Real Estate
Roofer Gatineau,4,1,Roofer
agence immobilière,63,2,Real Estate
Door Painting,289,33,Painter
Door Restoration,238,14,Painter
Front Door Paint,135,4,Painter
Garage Door Paint,332,21,Painter
Door Paint,197,8,Painter
Exterior Door Paint,172,6,Painter
Painting Aluminum Siding,215,20,Painter
siding painters,34,4,Painter
Siding Paint,86,2,Painter
Exterior Siding Paint,29,1,Painter
Painting Vinyl Siding,113,6,Painter
Painting Siding,65,3,Painter
Brick Painting,336,25,Painter
Painting Exterior Brick,112,3,Painter
concrete paint,595,13,Painter
Brick Paint,251,9,Painter
Window Paint,74,7,Painter
Window Painting,133,18,Painter
Window Restoration,530,69,Painter
Windows Restore,16,2,Painter
Exterior House Painting,257,17,Painter
Exterior Home Painting,90,7,Painter
Exterior Painting Contractor,61,3,Painter
Exterior House Paint,464,13,Painter
house painters,1379,198,Painter
Outside House Paint,236,10,Painter
Exterior House Painters Near Me,37,3,Painter
Exterior Painter,163,18,Painter
Spray Net,96,1,Painter
Spray-Net,94,3,Painter
Squirrel Exterminator,2,1,Exterminator
Squirrel Removal,6,2,Exterminator
Pest Control,3,1,Exterminator
Mice Removal,3,2,Exterminator
bee nest removal,1,1,Exterminator
Exterminator Montreal,9,1,Exterminator
Exterminator,8,4,Exterminator
Montreal Exterminator,6,1,Exterminator
West Island Exterminator,7,2,Exterminator
Pest Exterminator,11,4,Exterminator
agent immobilier,220,6,Real Estate
agence immobilière montreal,676,46.5,Real Estate
courtier immobilier,515,8,Real Estate
agence immobilière,1620,42,Real Estate
agence immobiliere montreal,828,53,Real Estate
courtier montreal,14,5,Real Estate
agence pour appartement,84,7,Real Estate
vente de maison,82,1,Real Estate
vente propriété,67,2,Real Estate
vente maison,405,4,Real Estate
vendre ma maison,77,1,Real Estate
vendre maison,166,1,Real Estate
Heated Outdoor Mat,3,1,Electrician
Electrician Longueuil,5,1,Electrician
Electrical Companies,2,1,Electrician
Plumbers Near Me,20,2,Plumber
Plumber Vaudreuil,7,4,Plumber
Plumber Chateauguay,14,1,Plumber
Cardboard Packaging,208,5,Box Creator
Cardboard Sheets,338,1,Box Creator
Cardboard Rolls,25,1,Box Creator
Cardboard Sheets,51,1,Box Creator
Cardboard Packaging,93,7,Box Creator
Service De Transport,36,3,Moving Services
Compagnie De Transport,11,1,Moving Services
Compagnie Transport,33,5,Moving Services
Corrugated Pads,372,12,Box Creator
Corrugated Cardboard Sheets,12,1,Box Creator
Corrugated Cardboard,826,15,Box Creator
Corrugated Sheet,938,18,Box Creator
Corrugated Cardboard Roll,10,1,Box Creator
Corrugated Cardboard Sheets,732,26,Box Creator
Corrugated Box,59,3,Box Creator
Corrugated Cardboard Roll,303,7,Box Creator
Corrugated Box,2138,46,Box Creator
Drain Français,10,1,Excavator
Réparation Fissure Fondation,1,1,Excavator
Calfeutrage Fenêtre,5,2,Doors & Windows
Calfeutrage De Fenêtre,6,1,Doors & Windows
vitre thermos,16,4,Doors & Windows
Remplacement De Vitre Thermos,10,1,Doors & Windows
Spécialiste En Isolation De Maison,4,1,Insulation
Spécialiste Isolation,11,1,Insulation
Montréal Hydraulique,15,7,Other Industries
Système Hydraulique,9,2,Other Industries
Hydrauliques Rive-Sud,36,11,Other Industries
arpenteur geometre,10,3,Training Classes
Arpenteur Geometre,117,9,Training Classes
Geometre Arpenteur,11,1,Training Classes
Technicien En Arpentage,7,1,Training Classes
Arpenteur,97,6,Training Classes
Arpenteur,162,13,Training Classes
Arpenteur Géomètre,740,75,Training Classes
Arpenteur Montréal,54,13,Training Classes
Arpenteur Construction,49,1,Training Classes
Arpenteurs Géomètres,168,7,Training Classes
Arpenteur Géomètre Prix,106,4,Training Classes
Plan Implantation Prix,2,1,Training Classes
Levé Topographique,5,1,Training Classes
Prix Certificat De Localisation,81,3,Training Classes
Certificat De Localisation Prix,212,8,Training Classes
Certificat Localisation,137,4,Training Classes
Certificat De Localisation,593,47,Training Classes
obtenir certificat de localisation,57,3,Training Classes
certificat de localisation,252,10,Training Classes
Certificats De Localisation,62,1,Training Classes
Arpenteur Certificat De Localisation,5,3,Training Classes
Foundation Repair,8,2,Plumber
Déménagement Bureau,9,2,Moving Services
Déménagement Locaux Entreprise,15,5,Moving Services
Déménagement De Bureau,12,2,Moving Services
Déménagement Commercial,26,3,Moving Services
Excavation,70,1,Excavator
Excavation Rimouski,105,1,Excavator
réparation de fissure de fondation,71,3,Excavator
Réparation De Fondation,105,1,Excavator
Reparation Fondation,34,1,Excavator
réparation de fissure de fondation,54,2,Excavator
Installation Fosse Septique,134,14,Excavator
Fosse Septique Installation,152,11,Excavator
fosse septique béton,21,1,Excavator
Fosse Septique Installation,232,16,Excavator
Fondation Construction,165,12,Excavator
Prix Fondation Maison,169,9,Excavator
Fondation Maison,240,10,Excavator
Prix Fondation Maison,62,5,Excavator
Compagnie Excavation,157,5,Excavator
excavation terrassement,43,1,Excavator
excavation terrassement,54,3,Excavator
Entreprise Excavation,31,1,Excavator
Entreprise Excavation,236,9,Excavator
soulever maison,85,7,Excavator
Levage De Maison,29,1,Excavator
Soulèvement De Maison,196,16,Excavator
soulever maison,36,2,Excavator
Drain Français Prix,40,2,Excavator
Drain Français,245,7,Excavator
Coffrage Rimouski,32,6,Excavator
Coffrage,31,2,Excavator
Coffrage,578,27,Excavator
Coffrage Rimouski,51,4,Excavator
Transport Routier,909,24,Moving Services
Transporteur Camion,647,6,Moving Services
Service De Transport,2883,97,Moving Services
Compagnie Transport,1675,71,Moving Services
Compagnie De Transport,2329,60,Moving Services
Compagnie De Camionnage,138,4,Moving Services
Transport Vrac,196,4,Moving Services
Transport En Vrac,34,0.5,Moving Services
transport flatbed montreal,44,7,Moving Services
compagnie de transport flatbed,17,1,Moving Services
transport flatbed montreal,44,3,Moving Services
transport flatbed,333,23,Moving Services
Transport De Gravier,106,9,Moving Services
Transporteur De Terre,64,4,Moving Services
Transport Terre,58,1.5,Moving Services
Transport Gravier,36,1,Moving Services
Transport Sable,48,3,Moving Services
transport de matériaux,118,4,Moving Services
Transport Marchandise,752,18,Moving Services
Transport De Marchandises,644,3,Moving Services
Transport De Marchandises Par Camion,37,2,Moving Services
Elastomeric Membrane,33,5,Roofer
Flat Roof,64,2,Roofer
Local Roofers,148,6,Roofer
roofers near me,38,3,Roofer
metal roofers,57,1,Roofer
Roofer Gatineau,327,45,Roofer
Roofing Companies,452,37,Roofer
Roofing Contractors,274,23,Roofer
Roof Company,6,1,Roofer
Rooftop Snow Removal,126,7,Roofer
Roof Snow Removal,229,18.4,Roofer
Roof Snow Removal Service,55,2.6,Roofer
Roof Installation,111,4,Roofer
New Roof Estimate,152,1,Roofer
Roofing Services,613,26,Roofer
Roof Maintenance,18,2,Roofer
roof repair service,81,3,Roofer
Roof Leak Repair,48,4.5,Roofer
Roof Replacement,295,11,Roofer
repair roofers,17,1,Roofer
Roof Repair,598,40.5,Roofer
Heated Outdoor Mat,44,2,Electrician
Heated Driveway Mats,23,2,Electrician
Heated Stair Mats,32,2,Electrician
Snow Melting Mats,58,2,Electrician
Heated Snow Mats,23,1,Electrician
Heat Mat,174,7,Electrician
Electrical Panel Replacement,2,1,Electrician
Distribution Panel,22,1,Electrician
Emergency Electrical Services,3,1,Electrician
Emergency Electrician,42,7,Electrician
Electrician Saint-Bruno,31,1,Electrician
Electrician Brossard,232,45,Electrician
Electrician Longueuil,176,28,Electrician
Electrician Near Me,662,75,Electrician
Electrician Saint-Lambert,8,2,Electrician
Licensed Electrician,72,1,Electrician
Certified Electrician,110,9,Electrician
Electrician Boucherville,75,8,Electrician
Residential Electrician,224,18,Electrician
Longueuil Electrician,4,1,Electrician
Electrician,598,39,Electrician
Master Electrician,213,30,Electrician
Electrician Saint-Hubert,46,4,Electrician
Local Electricians,94,2,Electrician
Brossard Electrician,22,4,Electrician
Electrician Companies,374,22,Electrician
Electrical Company,548,76,Electrician
Electrical Contracting,35,4,Electrician
Electrical Companies,98,11,Electrician
Electrical Electrician,719,51,Electrician
Electrical Contractors,158,10,Electrician
entreprise de réparation de toiture,30,2.5,Roofer
Réparation De Toiture,134,12,Roofer
Toiture Réparation,77,7,Roofer
entreprise réparation toiture,22,2,Roofer
Fuite Toiture,53,5,Roofer
Réparation Toiture,240,30,Roofer
Réfection De Toiture,5,2,Roofer
Refaire Toiture,54,3,Roofer
Toiture Plate,94,13,Roofer
Réparation de Toit Plat,12,5,Roofer
Toit Plat,260,23,Roofer
service de toiture,22,1,Roofer
Entrepreneur En Toitures,116,17,Roofer
Entrepreneur Toiture,52,3,Roofer
Couvreur Outaouais,43,6,Roofer
Couvreur Toiture,315,27,Roofer
couvreur réparation toiture,39,5,Roofer
entreprise couvreur,10,1.5,Roofer
Couvreur Gatineau,243,31,Roofer
Couvreur,48,2,Roofer
Revêtement Toiture,83,5,Roofer
toitures,20,1,Roofer
toit metal,38,1,Roofer
compagnie toiture,20,3,Roofer
toit de métal,85,3,Roofer
Toiture Commercial,14,5,Roofer
Bardeaux De Toiture,73,3,Roofer
tole a toiture,80,1,Roofer
toit de tole,8,1,Roofer
Toiture,356,71,Roofer
Toiture Gatineau,438,73,Roofer
toiture mongeon gatineau,8,1,Roofer
Toiture Résidentiel,27,2,Roofer
Toiture de Métal,385,20.5,Roofer
Bardeau Toiture,35,1,Roofer
toitures gatineau,74,4,Roofer
couvreur de toit,69,4,Roofer
Toiture Gatineau,1336,278.5,Roofer
toiture a gatineau,8,1,Roofer
service toiture,17,2,Roofer
Toiture Outaouais,349,56,Roofer
Prix Toiture,84,4,Roofer
Toiture Bardeau,111,13,Roofer
Toiture de Tole,800,49,Roofer
toiture pour maison,36,1,Roofer
Déneigement Toiture,508,49,Roofer
Déneigement De Toiture,17,4,Roofer
Hvac Repair,7,2,Hvac
French Drain Installation,29,1,Plumber
French Drain Cost,95,6,Plumber
House Foundation Repair,73,6,Plumber
Fix Foundation,178,23,Plumber
Foundation Repair,811,102,Plumber
Basement Foundation Repair,36,4,Plumber
Foundation Repair,84,14,Plumber
House Foundation Repair,19,1,Plumber
Fix Foundation,41,3,Plumber
Foundation Repair,833,118,Plumber
Concrete Foundation Repair,6,1,Plumber
Foundation Experts,154,14,Plumber
Foundation Contractors,114,17,Plumber
Foundation Specialists,47,3,Plumber
Foundation Companies,107,14,Plumber
Waterproof Foundation,36,3,Plumber
Basement Waterproofing,52,3,Plumber
Foundation Waterproofing,34,2,Plumber
Wet Basement Repair,33,5,Plumber
Basement Leak Repair,32,7,Plumber
Leaking Basement Wall,73,5,Plumber
Foundation Leak Repair,52,3,Plumber
French Drain Repair,24,6,Plumber
French Drain Inspection,34,1,Plumber
acheter une maison,842,1,Real Estate
maison à vendre à Ville Mont-Royal,64,1,Real Estate
propriété à vendre,252,2,Real Estate
achat de maison,91,1,Real Estate
maison à vendre,4634,4,Real Estate
achat maison,1598,1,Real Estate
acheter un duplex,54,1,Real Estate
duplex,4281,8,Real Estate
loft à vendre,319,1,Real Estate
quadruplex,665,3,Real Estate
maison prestige,733,1,Real Estate
maison luxe,1013,2,Real Estate
maison de luxe,2515,2,Real Estate
immobilier de luxe,179,2,Real Estate
condo à vendre,864,3,Real Estate
achat appartement,887,2,Real Estate
acheter un appartement,270,4,Real Estate
acheter condo,79,1,Real Estate
appartement à vendre,667,1,Real Estate
triplex,2683,1,Real Estate
Frame shop,13,2,Framing Store
Picture framing near me,9,2,Framing Store
Custom framed mirrors,6,2,Framing Store
Custom framing services,9,1,Framing Store
Concrete Parking Lot,50,2,Paving
Concrete Paving Company,145,9,Paving
Concrete Paving Company,69,4,Paving
Parking Lot Repair,14,1,Paving
Parking Lot Paving Companies,8,1,Paving
Parking Lot Paving Companies,4,1,Paving
Parking Lot Contractors,12,1,Paving
Paving Contractors,6,1,Paving
Paving Company,1251,19,Paving
Paving Contractors Near Me,104,2,Paving
Paving Contractors,256,3,Paving
Paving Company,14,0.5,Paving
Paving Services,39,6.67,Paving
Paving Specialist,39,3,Paving
Paving Services,399,11,Paving
Paving Contractors Near Me,28,5.79,Paving
Pavement Company,3,1,Paving
Best Paving Company Near Me,103,3,Paving
Pavement Company,261,15,Paving
Asphalt Services Near Me,166,6,Paving
Asphalt Paving Contractors,231,15,Paving
Asphalt Paving Contractors,47,3,Paving
Canvas painting framing near me,29,2,Framing Store
Frames for canvas paintings,1539,53,Framing Store
Canvas framing near me,225,12,Framing Store
Art rental service,224,4,Framing Store
Coût Drain Français,164,2,Plumber
drain francais,39,3,Plumber
drains francais,32,1,Plumber
Drain Français,788,55,Plumber
Drain De Fondation,190,9,Plumber
Custom Framing Toronto,77,2,Framing Store
Custom frames,2044,79,Framing Store
Custom picture frames,444,3,Framing Store
Custom framing company,211,20,Framing Store
Custom framing services,547,37,Framing Store
Custom Picture Framing Toronto,44,6,Framing Store
Custom Framing In Toronto,20,2,Framing Store
Custom frames for mirrors,87,10,Framing Store
Custom framed mirrors,231,21,Framing Store
Custom made mirror frames,88,10,Framing Store
Frame Shop Toronto,44,2,Framing Store
Photo Frames Toronto,40,8,Framing Store
Frame Store Toronto,220,26,Framing Store
Frame shop,1639,100,Framing Store
Picture frame store near me,369,12,Framing Store
Picture Frame Brampton,39,5,Framing Store
Picture framing near me,1407,44,Framing Store
Art framing near me,251,9,Framing Store
Frames Toronto,152,4,Framing Store
Picture frame shop,1217,41,Framing Store
Frame store near me,734,38,Framing Store
Picture Frame Toronto,116,17,Framing Store
Imperméabilisation Fondation,378,26,Plumber
Imperméabilisation Fondation,201,8,Plumber
Imperméabilisation De Fondation,95,2,Plumber
Conservation framing,17,1,Framing Store
Archival framing,33,1,Framing Store
Mirror framing company near me,59,3,Framing Store
Mirror framing service,141,11,Framing Store
Frames for mirrors,1133,39,Framing Store
Movie poster frames,145,3,Framing Store
Poster frames canada,544,8,Framing Store
Wall poster frames,185,2,Framing Store
Poster framing near me,98,1,Framing Store
Poster picture frames,843,27,Framing Store
Réparation Drain Français,23,3,Plumber
Inspection Drain Français,77,3,Plumber
Réparation De Drain Français,16,1,Plumber
Luxury Homes Real Estate,1045,3,Real Estate
Plumber Dorval,5,1,Plumber
Plumber Chateauguay,5,1,Plumber
Plumbing Services,41,1,Plumber
Hot Water Heater Installation,3,1,Plumber
DPF Filter,621,25.5,Car Mechanic
Diesel Particulate Filter,236,9,Car Mechanic
DPF Replacement,25,4,Car Mechanic
dpf replacement,13,1,Car Mechanic
dpf filter replacement,40,1,Car Mechanic
Diesel Particulate Filter Regeneration,42,2,Car Mechanic
DPF Filter Cleaning Near Me,8,2,Car Mechanic
dpf filter cleaning service,14,1,Car Mechanic
dpf cleaner diesel,100,1.5,Car Mechanic
dpf service,126,5,Car Mechanic
DPF Filter Cleaning,129,17.5,Car Mechanic
DPF Regeneration,128,5,Car Mechanic
dpf cleaning,141,9.5,Car Mechanic
DPF Cleaning Services,39,10,Car Mechanic
Expert En Fondation,138,11,Plumber
Entrepreneur En Fondation,173,11,Plumber
Entrepreneur Fondation,70,8,Plumber
Infiltration d'Eau,674,25,Plumber
Réparation Infiltration d'Eau,267,13.5,Plumber
Humidité Sous Sol,492,10.5,Plumber
Infiltration d'Eau Sous Sol,313,12,Plumber
Fissure De Fondation,45,1,Plumber
Fissure Fondation,309,51,Plumber
Réparation De Fissure Fondation,166,15,Plumber
Réparation Fissure Solage,44,2,Plumber
Fissure Solage,48,8,Plumber
Réparation De Fissure De Fondation,63,5,Plumber
Réparation Fissure Fondation,109,19,Plumber
Réparation De Fondation,562,36,Plumber
Réparation Solage,122,8,Plumber
Réparation De Solage,147,16,Plumber
Fondation Réparation,177,23,Plumber
Réparation Fondation,189,17,Plumber
Réparation Drain Français,23,2,Plumber
Inspection Drain Français,72,7,Plumber
Réparation De Drain Français,11,1,Plumber
Drain Français,903,52,Plumber
Drain Français Prix,44,1,Plumber
Imperméabilisation Fondation,90,6,Plumber
Imperméabilisation De Fondation,26,5,Plumber
duproprio,451,1,Real Estate
Sutton,508,2,Real Estate
materiel medical montreal,65,10,Medical Supplies
materiel medical,1208,45,Medical Supplies
fourniture materiel medical,336,14,Medical Supplies
fourniture materiel medical,134,7,Medical Supplies
couche protection adulte,250,4,Medical Supplies
couche protection adulte,100,5,Medical Supplies
couche pour adulte homme,41,1,Medical Supplies
couche pour incontinence,89,5,Medical Supplies
produits incontinence adulte,59,5,Medical Supplies
sous vetement incontinence homme,57,1,Medical Supplies
produits pour incontinence adulte,56,1,Medical Supplies
vetement incontinence,51,1,Medical Supplies
incontinence couche,4,2,Medical Supplies
couche pour incontinence homme,25,1,Medical Supplies
incontinence couche,19,1,Medical Supplies
appareil medical,36,1,Medical Supplies
appareil medical,381,8,Medical Supplies
couches pour adultes les plus absorbantes,1,2,Medical Supplies
equipements medicaux,899,42,Medical Supplies
equipement medical,216,6,Medical Supplies
équipements médicaux,1435,37,Medical Supplies
vente equipement medical,688,39,Medical Supplies
équipements médicaux,155,1,Medical Supplies
vente equipement medical,156,9,Medical Supplies
equipement medical,465,18,Medical Supplies
couche culotte personne agee,21,1,Medical Supplies
couche culotte pour adulte,213,11,Medical Supplies
couche culotte pour homme,22,1,Medical Supplies
couche culotte femme,8,1,Medical Supplies
couche culotte pour homme,19,1,Medical Supplies
culotte de protection adulte,48,3,Medical Supplies
fourniture medicale,182,4,Medical Supplies
fournisseur de matériel médical,300,22,Medical Supplies
fourniture medicale,964,41,Medical Supplies
fournisseur de matériel médical,542,37,Medical Supplies
acheter fourniture medicale,54,4,Medical Supplies
acheter fourniture medicale,34,2,Medical Supplies
prevail,150,5,Medical Supplies
prevail,123,11,Medical Supplies
Service Plomberie,22,3,Plumber
Service de Plomberie,23,3,Plumber
Remplacement Chauffe Eau,1,1,Plumber
Plombier Vaudreuil,5,2,Plumber
Plombier Valleyfield,56,7,Plumber
Inspection Drain Caméra,2,1,Plumber
Plombier 24h,26,1,Plumber
Plombier Urgent,15,1,Plumber
Plombier Urgence,9,1,Plumber
Urgence Plombier,10,2,Plumber
Installation Fosse Septique,107,11,Excavator
Installation De Fosse Septique,57,13,Excavator
Installation Septique,139,17,Excavator
Fosse Septique Installation,53,4,Excavator
Electrician Brossard,4,1,Electrician
Electrical Company,5,2,Electrician
Installation Champ d'Épuration,13,2,Excavator
concrete services near me,481,16,Excavator
residential concrete services near me,45,1,Excavator
concrete services near me,769,24,Excavator
Plombier Urgence,17,1,Plumber
Plombier 24h,3,1,Plumber
Plombier Beauharnois,8,2,Plumber
Plombier Valleyfield,21,3,Plumber
Plombier Dorval,2,1,Plumber
Plombier Pointe-Claire,3,1,Plumber
Plombier Dollard des Ormeaux,1,1,Plumber
Installation Chauffe Eau,5,1,Plumber
maison à vendre,735,1,Real Estate
loft à vendre,11,1,Real Estate
Entreprise Électricité,3,1,Electrician
electricien longueuil,18,1,Electrician
Électricien Brossard,20,2,Electrician
Électricien Rive Sud,10,1,Electrician
Maître Électricien,15,2,Electrician
Électricien Résidentiel,8,2,Electrician
Électricien,26,1,Electrician
electricien rive sud,21,2,Electrician
Drain Français,3,2,Excavator
luxury house,558,4,Real Estate
luxury home,632,1,Real Estate
luxury property,107,9,Real Estate
luxury real estate,549,9,Real Estate
triplex for sale,832,5,Real Estate
duplex for sale,1287,1,Real Estate
loft for sale,920,4,Real Estate
Blanchir Les Dents,1,1,Dentist
buy apartment,480,4,Real Estate
condominium for sale,1081,10,Real Estate
apartment for sale,1466,2,Real Estate
Chirurgien Dentiste,1,1,Dentist
Centre Dentaire,9,1,Dentist
Urgence Dentaire,3,1,Dentist
house for sale,6498,10,Real Estate
buying a house,516,2,Real Estate
home for sale,1420,4,Real Estate
Agent Immobilier De Luxe,335,1,Real Estate
Agence Immobilière Haut De Gamme,87,2,Real Estate
Déménagement Piano,70,2,Moving Services
Déménagement Montreal,30,2,Moving Services
Service De Déménagement,84,4,Moving Services
Déménageur Terrebonne,3,1,Moving Services
Entreprise De Déménagement,24,3,Moving Services
Bardagi,45,1,Real Estate
Georges Bardagi,4,4,Real Estate
Déménagement Pas Cher,9,1,Moving Services
Éliminer Les Fourmis,218,2,Exterminator
Extermination Fourmis,68,7,Exterminator
Exterminateur Fourmis,67,7,Exterminator
Fourmis Charpentières Extermination,14,1,Exterminator
Exterminateur De Fourmis,13,3,Exterminator
Fourmis Maison,279,5,Exterminator
Exterminateur Punaise De Lit,135,29,Exterminator
Punaise De Lit Traitement,78,8,Exterminator
Puces De Lit Traitement,11,1,Exterminator
Traitement Punaise De Lit,95,8,Exterminator
Extermination Raton Laveur,79,9,Exterminator
Exterminateur Raton Laveur,86,12,Exterminator
Extermination Écureuil,98,10,Exterminator
Exterminateur Écureuil,109,19,Exterminator
Exterminateur Rongeur,15,6,Exterminator
Exterminateur Rats,26,4,Exterminator
Exterminateur Souris,100,17,Exterminator
Exterminateur De Souris,28,7,Exterminator
Exterminateur De Rat,18,2,Exterminator
Souris Extermination,11,1,Exterminator
Exterminateur Coquerelle,15,5,Exterminator
Cafard Extermination,6,1,Exterminator
Exterminateur De Cafard,6,1,Exterminator
Extermination Coquerelle,31,4,Exterminator
Extermination Cafard,10,1,Exterminator
Traitement Contre Les Araignées,87,3,Exterminator
Exterminateur Araignée,20,1,Exterminator
Exterminateur West Island,28,3,Exterminator
Exterminateur Sainte-Julie,86,10,Exterminator
Exterminateur,505,112,Exterminator
West Island Extermination,47,3,Exterminator
Extermination Laval,71,10,Exterminator
Exterminateur Montreal,480,119,Exterminator
Laval Exterminateur,6,2,Exterminator
Extermination Sainte-Julie,20,3,Exterminator
Exterminateur Brossard,83,7,Exterminator
Extermination,83,14,Exterminator
Montreal Exterminateur,23,3,Exterminator
Extermination Boucherville,13,1,Exterminator
Exterminateur Montreal-Est,48,4,Exterminator
Extermination West Island,96,11,Exterminator
exterminateur montréal,23,3,Exterminator
Exterminateur Longueuil,158,16,Exterminator
Longueuil Exterminateur,11,1,Exterminator
Extermination Montreal,226,56,Exterminator
Services d'Extermination,41,4,Exterminator
Exterminateur Boucherville,50,8,Exterminator
Extermination Brossard,17,2,Exterminator
Extermination Longueuil,35,2,Exterminator
Exterminateur Blainville,88,20,Exterminator
Extermination Blainville,20,5,Exterminator
Gestion Parasitaire,221,16,Exterminator
Exterminateur Laval,183,26,Exterminator
Exterminateur De Guêpes,13,1,Exterminator
Exterminateur Guêpe,36,5,Exterminator
Extermination Coquerelle,11,4,Exterminator
Isolation Uréthane Giclé,3,1,Insulation
Isolation Mur Fondation,9,1,Insulation
Isolation Mur Sous Sol,17,1,Insulation
Isolation Toit Plat,2,1,Insulation
Isolation Plafond Sous Sol,3,1,Insulation
Isolation Rive-sud,7,5,Insulation
Vehicle Movers,21,1,Moving Services
car shipping newfoundland,16,3,Moving Services
Car Moving Service,38,3,Moving Services
Moving Services,156,5,Moving Services
moving companies nl,136,15,Moving Services
Moving Company,465,17,Moving Services
Local Movers Near Me,33,2,Moving Services
Newfoundland Movers,203,7,Moving Services
movers newfoundland,171,11.67,Moving Services
Moving Services,378,13.33,Moving Services
nl movers,67,4,Moving Services
Storage Units Near Me,155,3,Moving Services
Storage Rental,100,2,Moving Services
Storage For Rent,49,1,Moving Services
nettoyage conduit ventilation,6,1,Hvac
entrepreneur en excavation,13,1,Excavator
mini excavation sherbrooke,6,2,Excavator
Planter,29,1,Landscaper
Planter Near Me,87,3,Landscaper
Outdoor Planters,56,1,Landscaper
Seasonal Planters,74,1,Landscaper
Planters,60,1,Landscaper
Planters Ottawa,461,17,Landscaper
Prix Plancher Epoxy,79,3,Flooring
Plancher Epoxy Prix,87,1,Flooring
Garage Plancher Epoxy,225,4,Flooring
Epoxy Plancher,1520,43,Flooring
Plancher Epoxy,240,6,Flooring
Membrane De Stationnement,33,1,Flooring
Plancher En Epoxy,94,5,Flooring
Plancher Epoxy Rive-Sud,12,3,Flooring
epoxy plancher garage,43,1,Flooring
Plancher Béton Epoxy,47,1,Flooring
Polissage Béton,367,33,Flooring
Béton Poli Plancher,44,1,Flooring
Béton Poli,549,35,Flooring
Polissage De Béton,166,18,Flooring
beton polie,40,4,Flooring
Plancher Béton Poli,280,11,Flooring
Restauration De Béton,324,14,Flooring
Restauration Béton,259,8,Flooring
Meulage De Béton,72,2,Flooring
Meulage Béton,93,1,Flooring
Zephyr Thermopompe,6,2,Hvac
Air Climatisé Thermopompe,43,2,Hvac
thermopompe chauffage,3,1,Hvac
Vente De Thermopompe,23,2,Hvac
Nettoyage Thermopompe,9,2,Hvac
Entretien Thermopompe,2,1,Hvac
Nettoyage Thermopompe Murale,9,2,Hvac
Réparation Thermopompe,7,2,Hvac
Réparation Climatiseur,19,1,Hvac
Vente De Thermopompe,21,1,Hvac
Installation De Toiture,9,1,Roofer
Réparation Toit,8,1,Roofer
Rénovation Toiture,2,1,Roofer
Entrepreneur De Toiture,7,1,Roofer
Entrepreneur En Toiture,6,1,Roofer
Déménagement Bureau,63,16,Moving Services
Déménagement Bureau Entreprise,31,15,Moving Services
Déménagement Pour Entreprise,103,25,Moving Services
Déménagement De Bureau,14,5,Moving Services
Entreposage Industriel,366,27,Moving Services
Entreposage Commercial,1196,86,Moving Services
déménagement résidentiel,37,2,Moving Services
entreprise de déménagement,13,2,Moving Services
déménagement commercial montréal,56,8,Moving Services
Commercial Déménagement,85,23,Moving Services
Déménageur Industriel,102,27,Moving Services
Déménagement Industriel,136,34,Moving Services
Déménagement Commercial,226,66,Moving Services
3pl,291,13,Moving Services
3pl logistic,56,1,Moving Services
3pl service,85,4,Moving Services
3pl logistique,28,4,Moving Services
Liège En Rouleau Pour Murs,126,6,Flooring
liege achat,132,7,Flooring
Rouleau De Liège,259,6.21,Flooring
Revetement De Plancher,572,5,Flooring
Revêtement Plancher,201,1,Flooring
Revetement Liege,647,16,Flooring
Mur De Liège,203,1,Flooring
Plancher Liege,371,4,Flooring
Plancher Flottant Liège,73,2.33,Flooring
Plancher Flottant,698,1,Flooring
Plancher De Liege,1407,50.7,Flooring
plancher liège,168,4,Flooring
Plancher De Liège,337,5.5,Flooring
Plancher Flottant En Spécial,273,3,Flooring
Inspection En Bâtiment,1,2,Home Inspection
Inspecteur De Bâtiment,7,1,Home Inspection
Inspecteur En Bâtiment Drummondville,3,1,Home Inspection
Inspecteur En Bâtiment Trois-rivières,10,2,Home Inspection
Inspecteur En Structure De Bâtiment,7,2,Home Inspection
Test Air Moisissure,13,2,Home Inspection
radon,107,4,Renovation
Radon,428,10,Renovation
radon,912,36,Renovation
Radon Maison,204,8,Renovation
Traitement Radon,44,4,Renovation
Système D Atténuation Du Radon,89,4,Renovation
detection radon maison,32,1,Renovation
Ventilation Radon,61,5,Renovation
Solutions Radon,42,1,Renovation
Mitigation Radon,107,8,Renovation
detection radon,65,2,Renovation
Radon Dans Les Maisons,31,2,Renovation
Système Incendie,9,1,Commercial Fire Sprinklers
Protection Incendie,25,2,Commercial Fire Sprinklers
Sign Company,369,41,Signs
Calgary Sign Companies,355,37,Signs
Sign Making Companies Near Me,66,9,Signs
Sign Shop Near Me,25,1.5,Signs
Sign Makers Near Me,24,5.5,Signs
Road Sign,113,4,Signs
Road Sign Rentals,29,4,Signs
Traffic Signs,1256,8,Signs
Street Signs,120,7,Signs
Road Sign Manufacturers,4,0.5,Signs
Graphic Shop:,29,4,Signs
Signs And Graphics Near Me,9,1,Signs
Temporary Signs,22,3,Signs
Temporary Outdoor Signs,6,1,Signs
Vehicle Signage,67,3,Signs
Custom Signs,265,7,Signs
Custom Sign Maker,23,1,Signs
Commercial Signs Calgary,25,3,Signs
Business Signs Calgary,122,11.83,Signs
Commercial Signs,71,6.5,Signs
Entreprise de Toiture,8,1,Roofer
Revêtement Extérieur,57,2,Renovation
Revêtement Extérieur Vinyle,13,1,Renovation
Revêtement Mural Extérieur,11,1,Renovation
Revêtement Extérieur Aluminium,1,1,Renovation
Rénover Armoire De Cuisine,4,2,Renovation
Rénovation Salle De Bain,15,1,Renovation
Renovation Salle De Bain Pas Cher,5,2,Renovation
acheter piscine creusée,125,0.33,Pools
Piscine Creusée Béton,50,0.67,Pools
Piscines Creusée,82,2,Pools
Piscine Creusée,569,7,Pools
Installer Piscine Creusée,12,1,Pools
Piscine Creusée Promotion,118,2,Pools
Piscine Béton,204,6,Pools
Piscines Creusées,177,2,Pools
Piscine En Béton,62,6,Pools
Ouverture De Piscine Creusée,129,10,Pools
Ouverture Piscine Creusée,124,7,Pools
Ouverture Piscine Creusée Au Sel,73,2,Pools
Ouvrir Piscine Creusée,48,2,Pools
Réparation De Piscine,505,36.5,Pools
Réparation De Piscine Creusée,29,4,Pools
réparation piscine creusée,76,5,Pools
Piscine Réparation,80,5,Pools
Reparation Piscine Creusée,53,3,Pools
Réparation Piscine,234,19,Pools
Réparation Fissure Piscine,28,3,Pools
Réparateur Piscine,469,24.5,Pools
Installation Bardeau,100,1,Roofer
Couvreur Toiture,127,4,Roofer
service de toiture,57,1,Roofer
Couvreur de Toiture,36,3,Roofer
Couvreur Mascouche,4,1,Roofer
Entreprise de Toiture,155,4,Roofer
entrepreneur couvreur,28,1,Roofer
Entrepreneur en Toiture,91,1,Roofer
Toiture Laval,61,6,Roofer
entreprise de couvreur,56,1,Roofer
entreprise couvreur toiture,37,1,Roofer
entrepreneur de toiture,149,4,Roofer
Toiture Pour Maison,274,8,Roofer
Imperméabilisation Fondation,1,1,Excavator
Imperméabilisation De Fondation,5,1,Excavator
Terrassement Extérieur,11,1,Excavator
Nivelage De Terrain,3,1,Excavator
Excavation Paysagement,5,4,Excavator
Compagnie Excavation,33,2,Excavator
Compagnie Gaz Propane,40,4,Natural Gas Dealer
propane sainte agathe,6,2,Natural Gas Dealer
Entrepreneur En Toitures,13,1,Roofer
Entreprise De Toiture,54,5,Roofer
entrepreneur de toiture,19,1,Roofer
professionnel gouttière,18,1,Roofer
spécialiste gouttière,82,2,Roofer
gouttière installation,70,7,Roofer
installation gouttière,28,1,Roofer
gouttière drummondville,193,23,Roofer
poseur de gouttière,65,2,Roofer
compagnie gouttière,244,10,Roofer
pose de gouttière,21,1,Roofer
installation de gouttières,85,8,Roofer
installation toiture,28,1,Roofer
toiture drummondville,44,13,Roofer
toiture pour maison,110,4,Roofer
renovation toiture,12,2,Roofer
nettoyage de gouttière,128,5,Roofer
nettoyage de gouttières prix,84,4,Roofer
nettoyage gouttière,147,7,Roofer
réparation gouttière,87,3,Roofer
entreprise réparation toiture,55,4,Roofer
réparation toit,76,6,Roofer
réparation de toiture,46,4,Roofer
toiture réparation,28,1,Roofer
réparation fuite toiture,28,1,Roofer
toiture de bardeaux,59,1,Roofer
installation bardeaux,32,2,Roofer
couvreur toiture drummondville,14,2,Roofer
couvreur drummondville,10,1,Roofer
couvreure toiture,46,1,Roofer
Compagnie De Transport,31,2,Transport
Service De Transport,40,1,Transport
Transport Longue Distance,5,1,Transport
Réparation Congélateur,37,7,Repair Household Items
Réparateur Congélateur,178,55.17,Repair Household Items
Réparateur De Congélateur,20,2,Repair Household Items
Technicien En Électroménager,56,13,Repair Household Items
Réparateur Électroménager Québec,1969,389.17,Repair Household Items
Réparateur Électroménager,2027,395,Repair Household Items
Réparateur D'électroménager,71,14,Repair Household Items
Technicien Réparation Électroménager,11,1,Repair Household Items
Réparation Réfrigérateur Québec,485,125.17,Repair Household Items
Réparation Réfrigérateur,1331,274.08,Repair Household Items
Réparateur Réfrigérateur,71,12,Repair Household Items
Réparateur De Réfrigérateur,1505,406.96,Repair Household Items
Problème Réfrigérateur,80,5,Repair Household Items
Réfrigérateur Ge Profile Problème,23,2,Repair Household Items
Réparateur Frigo,699,145.21,Repair Household Items
Réfrigérateur Réparation,476,116.5,Repair Household Items
Long Distance Moving Services,9,1,Moving Services
Packing Services,16,1,Moving Services
Packing And Movers,13,2,Moving Services
Packing Companies,33,1,Moving Services
Réparateur De Cuisinière,187,54,Repair Household Items
Réparation Cuisinière,189,47,Repair Household Items
Réparation Four,258,58,Repair Household Items
Réparation Électroménager Limoilou,179,38,Repair Household Items
Réparation Électroménager Charlesbourg,21,1,Repair Household Items
Réparer Électroménager,294,59,Repair Household Items
Électroménager Réparation,892,167,Repair Household Items
Électroménagers Réparation,313,54,Repair Household Items
Réparation Appareil Électroménager,242,35,Repair Household Items
Réparation Électroménager Québec,2210,383.07,Repair Household Items
Réparation Électroménager Prix,42,3,Repair Household Items
Service De Réparation Électroménager,2209,339.33,Repair Household Items
Service Réparation Électroménager,436,69,Repair Household Items
Réparation Électroménager,2919,478.35,Repair Household Items
Cheap Movers Near Me,8,1,Moving Services
Moving Companies,317,47,Moving Services
moving services,474,100,Moving Services
Mobile Home Movers Ontario,15,1,Moving Services
moving companies,25,4,Moving Services
baird moving kitchener,19,9,Moving Services
Mover Service Near Me,11,2,Moving Services
Cheap Movers,112,27,Moving Services
movers near me,170,24,Moving Services
Moving Services,52,6,Moving Services
Storage For Rent,22,2,Moving Services
Storage Units,308,9,Moving Services
Portable Washrooms Rental,18,1,Portable Toilet
Portable Washroom,53,9,Portable Toilet
Portable Toilet Rentals,44,4,Portable Toilet
Portable Toilets For Rent Near Me,12,2,Portable Toilet
Portable Toilet Rental Montreal,17,4,Portable Toilet
Construction Toilet Rental,73,13,Portable Toilet
Toilets For Rent,29,8.5,Portable Toilet
Garden Maintenance Company,10,1.5,Landscaper
Garden Maintenance Services Near Me,8,1,Landscaper
Landscape Maintenance Service,760,29.5,Landscaper
Garden Maintenance Service,281,17,Landscaper
Lawn And Garden Maintenance,657,19,Landscaper
Landscape Maintenance Companies,156,5,Landscaper
Garden Services Company,103,5.5,Landscaper
Radon,25,3,Renovation
Service De Déneigement,20,6,Excavator
Underground Electrical Service,6,1,Electrician
Electric Company Near Me,1,2,Electrician
Electrical Installation,3,1,Electrician
Electrical Companies,10,1,Electrician
Electrical Contractors,74,3.5,Electrician
Electrical Company,179,20,Electrician
Electrical Electrician,174,13,Electrician
Electrical Contractors Near Me,8,2,Electrician
Solar Installation,22,3,Electrician
Solar Electric Company,17,1,Electrician
Solar System Installation,25,1,Electrician
Solar Electric Service,49,2,Electrician
Solar Installation Company,4,2,Electrician
Solar Power Installation,17,3,Electrician
Electrical Upgrade,16,1,Electrician
Electrical Panel Box,27,1,Electrician
Déménagement Commercial,12,9,Moving Services
Déménageur Industriel,5,3,Moving Services
Generator Hook Ups,7,2,Electrician
Backup Generator,47,1,Electrician
Generator Installation,40,7,Electrician
Power Backup Generator,27,1,Electrician
Home Standby Generator,21,3.5,Electrician
Standby Generators,28,4,Electrician
Entreposage Industriel,24,2,Moving Services
Entreposage Commercial,18,4,Moving Services
House Generator,80,7.5,Electrician
Backup Generator For Home,18,1,Electrician
House Backup Generator,114,7,Electrician
Generator To Power House,35,2,Electrician
Home Generator Installation,27,2,Electrician
Déménagement De Bureau,2,1,Moving Services
Déménagement Bureau,3,1,Moving Services
Electrician Near Me,16,1,Electrician
Residential Electrician,21,2.5,Electrician
Location WC Chantier,47,6.5,Portable Toilet
Toilette De Chantier Prix,220,8.83,Portable Toilet
WC Chimique Chantier,80,11,Portable Toilet
Toilette Chimique Chantier,61,2,Portable Toilet
Location Toilette Chantier Prix,105,10.17,Portable Toilet
Toilette Chantier,104,6,Portable Toilet
Toilette De Chantier,339,50.33,Portable Toilet
Location Toilette De Chantier,164,23,Portable Toilet
Location Toilette Sèche,108,13.5,Portable Toilet
Location Toilette Chimique,464,79,Portable Toilet
Location De Toilette Chimique,229,31,Portable Toilet
Location Toilettes Chimiques,45,10,Portable Toilet
Louer Toilette Chimique,191,23,Portable Toilet
Louer Toilette Chimique Prix,167,19,Portable Toilet
Toilettes Chimiques Location,52,12,Portable Toilet
Location Toilette Chimique Prix,422,20.5,Portable Toilet
Toilette Mobile Location,169,19,Portable Toilet
Prix Location Toilette Chimique,298,17.33,Portable Toilet
Toilette Chimique Location Prix,167,7,Portable Toilet
Location Toilettes Mobiles,121,11,Portable Toilet
Toilette Chimique Location,239,32,Portable Toilet
Toilette Chimique A Louer,55,10.5,Portable Toilet
Location Lavabo Autonome,6,4,Portable Toilet
Window Film For Homes,151,6,Doors & Windows
Residential Window Film,39,6,Doors & Windows
3M Window Film Security,8,1,Doors & Windows
3M Window Film Installer Near Me,6,1,Doors & Windows
Sanibert,513,123.67,Portable Toilet
Sanibert,2741,883.01,Portable Toilet
Frosted Glass Film,14,1,Doors & Windows
Tint Service Near Me,26,1,Doors & Windows
Residential Home Window Tinting Near Me,3,1,Doors & Windows
Windsor Window Tinting,455,59,Doors & Windows
Residential Window Tinting Near Me,8,1,Doors & Windows
Window Tint For House Windows,1,1,Doors & Windows
Window Tinting Services Near Me,71,7,Doors & Windows
window tinting windsor,7,1,Doors & Windows
Window Tinting House,133,16,Doors & Windows
Windows Tinting Service,398,38,Doors & Windows
Residential Window Tinting,24,6,Doors & Windows
Residential Tinting,14,1,Doors & Windows
Privacy Film On Windows,60,1,Doors & Windows
Window Film Installation,21,6,Doors & Windows
Landscape Planner,252,4,Landscaper
Landscape Designers Near Me,94,1,Landscaper
Landscaping Design,106,2,Landscaper
Landscape Design Services Near Me,22,4,Landscaper
Landscape Design Company,907,40,Landscaper
Backyard Design,259,6,Landscaper
Landscape Design Near Me,39,2,Landscaper
Garden Design,128,1,Landscaper
Landscape Architect,322,12.5,Landscaper
Best Landscape Architects,18,1,Landscaper
refaire patio,15,1,Construction
balcon fibre de verre prix,77,3,Construction
renovation patio,4,2,Construction
Installation de balcon,74,9,Construction
refection balcon,181,21,Construction
Balcon En Métal,24,1,Construction
balcon en bois,41,6,Construction
renovation de patio,39,3,Construction
Balcon Extérieur,19,1,Construction
Balcon Extérieur,810,71.5,Construction
balcon de fibre,49,3,Construction
balcon en fibre de verre,203,21,Construction
balcon fibre de verre,882,118,Construction
Installation de balcon,24,6.5,Construction
balcon fibre de verre montreal,36,2,Construction
Garde Corps Métal,104,9,Construction
Garde Corps Extérieur,293,17,Construction
Rampe De Verre Extérieur,7,1,Construction
Rampe Extérieur,601,58,Construction
installateur rampe aluminium,9,1,Construction
Rampe Escalier,44,1,Construction
Escalier Rampe,642,42,Construction
Rampe D'escalier Exterieur,62,2,Construction
Rampe Escalier Exterieur,134,9,Construction
Rampe Extérieur,29,2,Construction
rampe pour balcon exterieur,29,3,Construction
installation rampe escalier,93,12,Construction
Rampe Extérieur Aluminium,24,1,Construction
Escalier Et Rampe,211,8,Construction
Rampe De Balcon Extérieur,40,1,Construction
Escalier Métal,160,22,Construction
Escalier En Fer,39,6,Construction
Escalier Exterieur Metal,170,28.67,Construction
Escalier De Métal,312,52.25,Construction
Escalier En Acier,77,19,Construction
Escalier Extérieur,50,3,Construction
Escalier Métal,16,3,Construction
Escalier De Fer,19,4,Construction
Escalier Extérieur,1628,173.08,Construction
Escalier En Métal,115,15,Construction
escalier de métal extérieur,18,2,Construction
Installation Escalier Extérieur,33,8,Construction
Escalier Acier,24,2,Construction
Inspection Systeme Incendie,2,1,Commercial Fire Sprinklers
Inspection Alarme Incendie,6,1,Commercial Fire Sprinklers
Compagnie de Propane,5,1,Natural Gas Dealer
Propane Livraison,4,1,Natural Gas Dealer
Livraison Propane,26,2,Natural Gas Dealer
Livraison De Propane,10,1,Natural Gas Dealer
Détection Incendie,2,1,Commercial Fire Sprinklers
Système Alarme Incendie,14,2,Commercial Fire Sprinklers
Installation Propane,73,3,Natural Gas Dealer
Réservoir de Propane,55,2,Natural Gas Dealer
Foyer au Propane,100,1,Natural Gas Dealer
Système De Gicleur,9,1,Commercial Fire Sprinklers
Sprinkler Incendie,3,2,Commercial Fire Sprinklers
Gicleur Incendie,4,1,Commercial Fire Sprinklers
Moving Companies,7,1,Moving Services
Storage Units,10,2,Moving Services
Mitigation Radon,11,2,Renovation
Solution Radon,2,1,Renovation
Radon Maison,13,1,Renovation
Solutions Radon,4,1,Renovation
location pelle mecanique,12,1,Machine Shop
location pelle,9,1,Machine Shop
Location Scie Béton,9,1,Machine Shop
Échafaud à Louer,7,2,Machine Shop
Location Échafaud,74,7,Machine Shop
Location Trailer Dompeur,12,4,Machine Shop
trailer a louer,30,3.5,Machine Shop
Location Remorque,245,15.5,Machine Shop
Remorque À Louer,11,3,Machine Shop
location de petite remorque,1,1,Machine Shop
location remorque fermée,32,2,Machine Shop
Louer Remorque,300,41,Machine Shop
Location De Remorque,90,16.5,Machine Shop
Location Génératrice,12,2,Machine Shop
Location Génératrice Industriel,5,2,Machine Shop
Génératrice Location,4,1,Machine Shop
Location Génératrice Portative,1,1,Machine Shop
Louer Remorque,81,3,Excavator
Location De Pelle Mécanique,12,1,Excavator
Location Pelle Mécanique,9,1,Excavator
entreprise de déménagement,48,11,Moving Services
déménagement résidentiel,115,15,Moving Services
compagnie de déménagement,34,5,Moving Services
déménageur résidentiel,50,9,Moving Services
Equipment Rental,3,1,Tools
Rentals Equipment,23,2,Tools
Flatbed Trailer Rental Near Me,4,1,Tools
Mini Excavator Rental,2,3,Tools
Dumpster Bin Rental,13,1,Tools
Climatisation Mural,6,1,Hvac
Air Climatisé Mural,23,2,Hvac
Air Climatisé Centrale,16,1,Hvac
Climatisation Gatineau,43,3,Hvac
Climatiseur Mural,33,1,Hvac
Climatiseur Centrale,13,1,Hvac
Fournaise Centrale Électrique,19,2,Hvac
Portable Shower Rentals,28,2.67,Portable Toilet
Portable Shower Rentals Near Me,7,1,Portable Toilet
Portable Toilet Trailer Rental,4,1,Portable Toilet
Restroom Trailer Rental Near Me,3,1,Portable Toilet
Washroom Trailer Rentals,104,16.33,Portable Toilet
Toilet Trailer Rental Cost,27,2,Portable Toilet
Toilet Trailer Rental,140,25.25,Portable Toilet
Portable Washroom Trailer,67,9,Portable Toilet
Portable Bathroom Trailers,25,2,Portable Toilet
Portable Toilet Trailer,88,6.5,Portable Toilet
Washroom Trailers,82,4.33,Portable Toilet
Brokers Insurance Company,37,2,Insurance
Mississauga Insurance Brokers,7,1,Insurance
Life Insurance Company,33,2,Insurance
Property Insurance,18,1,Insurance
Snow Throwers For Sale,194,2,Tools
Snow Blowers For Sale Near Me,168,1.5,Tools
Snow Blower To Buy,49,0.5,Tools
Snow Blower For Sale,134,1,Tools
Buy Snow Blower,144,2,Tools
Husqvarna Tractor Snowblower,12,1,Tools
Husqvarna Snow Blowers For Sale,32,1,Tools
maison a vendre shawinigan,146,0.33,Real Estate
maison a vendre a 3 rivieres,263,1,Real Estate
exterior staircase,344,12,Construction
steel staircase,203,12,Construction
steel stair railing,107,1,Construction
exterior stairs,107,5,Construction
exterior handrail,57,1,Construction
exterior railings,359,5,Construction
outdoor handrail,103,2,Construction
exterior aluminum railings,100,2,Construction
outdoor railings for steps,67,1,Construction
metal railing outdoor,116,4,Construction
outside stair rails,193,10,Construction
Revêtement Extérieur,16,1,Renovation
Entrepreneur En Rénovation,3,1,Renovation
Rénovation Maison,7,2,Renovation
Trailers For Rent,35,4,Tools
Dumpster Bin Rental,11,1,Tools
Rentals Equipment,4,1,Tools
Equipment For Rent,24,3,Tools
Equipment Rental,54,6,Tools
Equipment Rental Place,2,1,Tools
Equipment Rental Ottawa,17,2,Tools
Concrete Core Drill Rental,3,1,Tools
Concrete Chainsaw Rental,1,1,Tools
Soudage Mobile,96,16.5,Welder
Soudeur Mobile,615,118.5,Welder
Soudure Mobile,934,186.5,Welder
Service De Soudure Mobile,70,13,Welder
Soudure Mobile Tarif,36,2,Welder
Soudure Mobile Laval,52,9,Welder
Réparation Thermopompe,188,19.5,Hvac
Réparation Climatiseur,739,75,Hvac
Réparation Thermopompe Saguenay,12,3,Hvac
Nettoyage Thermopompe Saguenay,25,3.5,Hvac
Entretien Thermopompe,31,2,Hvac
Nettoyage Thermopompe,786,53,Hvac
Installation Thermopompe Saguenay,48,3,Hvac
Installation Thermopompe Murale,17,1,Hvac
Thermopompe Installation,161,7,Hvac
Thermopompe Murale Installation,195,6.5,Hvac
Installateur Thermopompe,177,15.33,Hvac
Thermopompe Gree,30,2,Hvac
chauffage thermopompe,102,2,Hvac
Air Climatisé Mural Thermopompe,27,1,Hvac
Zephyr Thermopompe,488,26,Hvac
Thermopompe Murale,1432,42.5,Hvac
Thermopompe Zephyr,58,1,Hvac
Air Climatisé Thermopompe,706,20,Hvac
Vente Thermopompe,25,1,Hvac
Thermopompe Alma,404,30,Hvac
Vente De Thermopompe,2334,93.67,Hvac
thermopompe chauffage,36,1,Hvac
Got Junk Montréal,52,3,Disposal
1800 I Got Junk,11,3,Disposal
1 800 Got Junk,42,1.5,Disposal
Got Junk,365,24,Disposal
Dechet Electromenager,41,1,Disposal
Ramassage Meubles Usagés,307,23.5,Disposal
ramassage meuble,58,2,Disposal
Service de Ramassage de Meuble,35,4,Disposal
Ramassage ÉLectroménager,369,31.83,Disposal
Ramassage de Vieux Electromenager,89,6,Disposal
Ramassage Vieux Meubles,167,18.33,Disposal
Enlèvement éLectroménager à Domicile,100,11,Disposal
Ramassage de Meubles,3656,291.5,Disposal
Collecte Électroménager,912,76.68,Disposal
Cueillette de Meubles,794,58.5,Disposal
Ramasse Electromenager,77,9,Disposal
Ramassage électroménager Montréal,108,9,Disposal
Ramassage Vieux Electroménagers,207,15,Disposal
Récupération éLectroménager Usagé,153,20.5,Disposal
Ramassage Vieux Fer,26,2,Disposal
Collecte Ferraille,2,1,Disposal
Ramassage Ferraille,55,7,Disposal
Ramassage de Metal,34,6,Disposal
Ramassage de Metaux,10,3,Disposal
Ramassage de Ferraille,26,3,Disposal
Récupération de Ferraille à Domicile,276,36,Disposal
Ramassage Déchets Construction,173,20,Disposal
ramassage des encombrants,714,50.33,Disposal
Ramassage Objets Encombrants,1256,56,Disposal
Ramassage D'Ordure,1273,107,Disposal
1800 I Got Junk,39,3,Disposal
Récupération Des Déchets,298,19,Disposal
Ramassage Debris Construction,97,8.5,Disposal
Ramassage Gros Dechets,438,16,Disposal
Ramassage Debris,228,24,Disposal
Ramassage de Dechet,877,77.49,Disposal
Ramassage de Débris,69,11,Disposal
1800 Got Junk,61,6,Disposal
Toiture Saint-hubert,4,1,Renovation
Toiture,3,1,Renovation
Toiture Longueuil,12,1,Renovation
Installation Toiture,4,1,Renovation
Couvreurs De Toitures,13,1,Renovation
Toit De Bardeau,3,2,Renovation
toilette chimique,757,67.33,Portable Toilet
Toilette De Chantier,728,132.44,Portable Toilet
Location De Toilette De Chantier,24,5,Portable Toilet
Toilette Chimique Chantier,97,15,Portable Toilet
Location Toilette De Chantier,286,36.5,Portable Toilet
Location WC Chantier,64,14,Portable Toilet
WC Chimique Chantier,88,16.5,Portable Toilet
Toilette De Chantier Prix,492,32.98,Portable Toilet
Toilette Chantier De Construction,30,1,Portable Toilet
Toilette Chantier,201,32.17,Portable Toilet
Location Toilette Chantier Prix,260,19.33,Portable Toilet
Location De Toilette Chimique,740,117.33,Portable Toilet
Toilette Chimique A Louer,176,20,Portable Toilet
Louer Toilette Chimique Prix,348,45.33,Portable Toilet
Toilette Mobile Location,374,51,Portable Toilet
Louer Toilette Chimique,495,81.5,Portable Toilet
Location Toilettes Chimiques,89,16,Portable Toilet
Toilette Chimique Location Prix,791,71.58,Portable Toilet
Toilettes Chimiques Location,102,17.5,Portable Toilet
Location Toilettes Mobiles,150,18.33,Portable Toilet
Location Toilette Chimique Prix,704,55,Portable Toilet
Prix Location Toilette Chimique,595,43.08,Portable Toilet
Toilette Chimique Location,597,121.33,Portable Toilet
Location Toilette Sèche,231,50,Portable Toilet
Location Toilette Chimique,1007,166.17,Portable Toilet
Location Lavabo Autonome,23,3,Portable Toilet
Entreposage Commercial,348,25,Moving Services
Entreposage Commercial,1,1,Moving Services
Entreposage Industriel,98,7,Moving Services
toiture drummondville,5,1,Roofer
Standby Generators,4,1,Electrician
House Generator,11,2,Electrician
Generator To Power House,11,1,Electrician
Home Generator Installation,7,1,Electrician
House Backup Generator,18,1,Electrician
Portable Generators,32,1,Electrician
Système D'extinction Incendie,34,2,Commercial Fire Sprinklers
Fire Suppression System,13,1,Commercial Fire Sprinklers
Inspection Alarme Incendie,234,19,Commercial Fire Sprinklers
Alarme Incendie,166,10,Commercial Fire Sprinklers
Alarme Incendie,383,42.5,Commercial Fire Sprinklers
Détection Incendie,111,7,Commercial Fire Sprinklers
Système Alarme Incendie,102,4,Commercial Fire Sprinklers
Installation Gicleur Incendie,79,6,Commercial Fire Sprinklers
Installation Gicleurs,45,1,Commercial Fire Sprinklers
Système De Gicleur Incendie,87,10,Commercial Fire Sprinklers
Inspection Gicleur,69,5,Commercial Fire Sprinklers
Sprinkler Incendie,47,4,Commercial Fire Sprinklers
Gicleur Incendie,54,3,Commercial Fire Sprinklers
Installation De Gicleurs,52,10,Commercial Fire Sprinklers
Service Protection Incendie,231,23.5,Commercial Fire Sprinklers
Protection Incendie,455,27,Commercial Fire Sprinklers
Compagnie Protection Incendie,121,7,Commercial Fire Sprinklers
Sécurité Incendie,248,7,Commercial Fire Sprinklers
Système Incendie,57,1.5,Commercial Fire Sprinklers
Protection Sécurité Incendie,149,6,Commercial Fire Sprinklers
Portable Toilet Rental Montreal,3,1.5,Portable Toilet
Portable Potty Rental Prices,1,3,Portable Toilet
Toilets For Rent,10,1,Portable Toilet
Portable Toilets For Rent Near Me,15,4,Portable Toilet
Portable Washroom,6,0.5,Portable Toilet
Brokers Insurance Company,10,1,Insurance
Life Insurance Company,6,2,Insurance
Business Insurance Firms,2,1,Insurance
Auto Insurance Brokers Mississauga,2,1,Insurance
Réparation De Toit,4,2,Roofer
Réparation Toiture,10,2,Roofer
Réparation De Toiture,7,1,Roofer
Entrepreneur Toiture,12,1,Roofer
Toiture Rive-sud,23,5,Roofer
Toiture De Maison,26,7,Roofer
Inspecteur En Bâtiment,4,1,Home Inspection
Inspecteur Bâtiment,1,1,Home Inspection
Inspecteur En Bâtiment Trois-rivières,5,1,Home Inspection
Expertise En Bâtiment,4,1,Home Inspection
Expert Bâtiment,6,2,Home Inspection
Test Amiante,4,1,Home Inspection
Inspection Immobilière,4,1,Home Inspection
Test Air Moisissure,1,1,Home Inspection
Test De Moisissure,5,1,Home Inspection
Thermopompe Alma,5,1,Hvac
Thermopompe Murale,17,1,Hvac
Piscine Creusée Béton,2,1,Pools
Piscine Creusée,14,1,Pools
Piscine En Béton,10,1,Pools
Ouverture De Piscine Creusée,15,3,Pools
Ouverture Piscine Creusée,4,2,Pools
Réparateur Piscine,8,2,Pools
Réparation Piscine,27,5,Pools
Réparation De Piscine,38,6,Pools
Reparation Piscine Creusée,6,1,Pools
Installateur Gaz Propane,91,5,Natural Gas Dealer
Installateur de Gaz Propane,136,10,Natural Gas Dealer
Vendeur de Propane,536,74,Natural Gas Dealer
Installateur Propane,215,13,Natural Gas Dealer
propane charbonneau vaudreuil,60,12,Natural Gas Dealer
Balayage Mécanique,20,3,Transport
Cuisinière au Propane,95,1,Natural Gas Dealer
Fournaise au Propane,279,8,Natural Gas Dealer
Réservoir Propane,885,34,Natural Gas Dealer
Installation Propane Maison,98,9.5,Natural Gas Dealer
installation gaz propane maison,30,2,Natural Gas Dealer
Installation Propane,1066,82.5,Natural Gas Dealer
Installation Gaz Propane Maison,30,1,Natural Gas Dealer
Compagnie De Déneigement Gatineau,5,1,Transport
Service Déneigement,40,1,Transport
Déneigement Gatineau,610,10,Transport
Compagnie De Déneigement,203,4,Transport
Service De Déneigement,462,8,Transport
Déneigement Commercial Gatineau,14,1,Transport
Livraison De Propane,380,25,Natural Gas Dealer
Achat Propane,1209,63.83,Natural Gas Dealer
Livraison Gaz Propane,60,5,Natural Gas Dealer
nettoyage maison neuve,4,1,Transport
Nettoyage Après Construction,94,2,Transport
Compagnie Gaz Propane,1366,124.17,Natural Gas Dealer
charbonneau propane ile perrot,189,66,Natural Gas Dealer
Compagnie de Gaz Propane,593,65,Natural Gas Dealer
Compagnie de Propane,140,10,Natural Gas Dealer
propane sainte agathe,144,10.5,Natural Gas Dealer
propane saint jerome,247,20.5,Natural Gas Dealer
Liège Rouleau,1,1,Flooring
Déménageur Beloeil,24,4,Moving Services
Déménagement Maison,543,32.83,Moving Services
Déménageur Résidentiel,156,6.5,Moving Services
Déménageur Brossard,13,1,Moving Services
Déménagement Résidentiel,262,28.33,Moving Services
Déménageur Maison,34,1,Moving Services
Société De Déménagement,206,9.5,Moving Services
entreprises de déménagement,16,1,Moving Services
Déménageur Beloeil,216,31,Moving Services
Société Déménagement,719,64.17,Moving Services
Déménagement Pas Cher,122,9,Moving Services
Déménagement,1759,110.17,Moving Services
compagnie de déménagement,105,4,Moving Services
Entreprise De Déménagement,60,3.5,Moving Services
Déménageurs Longue Distance,41,1,Moving Services
Déménagement Longue Distance,34,6,Moving Services
Déménagement Longue Distance Tarif,85,3,Moving Services
Déménagement Transport,116,8,Moving Services
Transport Déménagement,40,3,Moving Services
Transport pour Déménagement,113,5,Moving Services
Transport et Déménagement,30,2,Moving Services
Service Transport Déménagement,2,1,Moving Services
Service d'Excavation,6,2,Excavator
Drains Français,4,2,Excavator
Mover Jobs Hiring Near Me,76,3,Moving Services
Moving Company Career,77,2,Moving Services
Moving Company Job,61,5,Moving Services
Moving Companies Hiring,100,8,Moving Services
Movers Hiring Near Me,25,4,Moving Services
Moving Company Jobs Hiring,119,7,Moving Services
Moving Jobs Near Me,146,4,Moving Services
Moving Companies Hiring Near Me,10,1,Moving Services
réparation de fondations,2,1,Excavator
Toiture Réparation,1,1,Roofer
Réparation Fissure Fondation,10,2,Excavator
Entrepreneur De Toiture,11,1,Roofer
Compagnie Excavation,25,4,Excavator
Couvreur de Toiture,11,2,Roofer
Terrassement,30,4,Excavator
Nivelage De Terrain,12,5,Excavator
Terrassement Extérieur,13,2,Excavator
Entreprise De Terrassement,5,1,Excavator
Landscape Design Services,12,1,Landscaper
Backyard Design,7,1,Landscaper
Garden Maintenance Service,7,1,Landscaper
Lawn And Garden Maintenance,24,1,Landscaper
Landscape Maintenance Service,24,1,Landscaper
Marteau Piqueur Location,3,1,Machine Shop
Location Remorque,35,8.5,Machine Shop
Remorque À Louer,3,0.5,Machine Shop
Louer Remorque,15,1,Machine Shop
location de petite remorque,31,8,Machine Shop
Électroménager Réparation,7,1,Repair Household Items
Service De Réparation Électroménager,13,3,Repair Household Items
Réparation Réfrigérateur,8,2,Repair Household Items
Réparateur De Réfrigérateur,4,3,Repair Household Items
Réfrigérateur Réparation,4,5,Repair Household Items
Réparateur De Cuisinière,3,1,Repair Household Items
Réparateur Électroménager Québec,5,1,Repair Household Items
Toiture En Bardeau,15,1,Roofer
Bardeau Toiture,43,3,Roofer
Installation Toiture,26,2,Roofer
Construction Toiture,34,1,Roofer
Toiture De Maison,360,52,Roofer
Toiture Rive-sud,91,21,Roofer
Réparation De Toiture,48,9,Roofer
Réparation Toiture,231,33,Roofer
Réparation Toiture Urgence,7,1,Roofer
Réparer Toit,71,22,Roofer
Réparation De Toit,36,5,Roofer
Protection Incendie,44,6,Commercial Fire Sprinklers
Sécurité Incendie,12,3,Commercial Fire Sprinklers
Alarme Incendie,67,12,Commercial Fire Sprinklers
Alarme Incendie,103,7,Commercial Fire Sprinklers
Détection Incendie,6,2,Commercial Fire Sprinklers
Entreprise de Toiture,197,17,Roofer
Compagnie De Toiture,108,6,Roofer
Entrepreneur Toiture,192,21,Roofer
Système De Gicleur Incendie,65,3,Commercial Fire Sprinklers
Inspection Gicleur,23,2,Commercial Fire Sprinklers
Sprinkler Incendie,14,0.67,Commercial Fire Sprinklers
Installation De Gicleurs,18,9,Commercial Fire Sprinklers
Installation Gicleur Incendie,20,2.33,Commercial Fire Sprinklers
Gicleur Incendie,15,2,Commercial Fire Sprinklers
Inspection Bâtiment,20,1,Home Inspection
Inspection En Bâtiment,121,10,Home Inspection
Test De Moisissure,107,19,Home Inspection
Test Air Moisissure,47,8,Home Inspection
Inspection Résidentielle,79,13,Home Inspection
Inspecteurs En Bâtiment,62,6,Home Inspection
Expert Bâtiment,65,8,Home Inspection
Expertise En Bâtiment,73,10,Home Inspection
Inspecteur En Bâtiment Estrie,13,1,Home Inspection
Inspecteur En Bâtiment Victoriaville,7,1,Home Inspection
Inspecteur En Bâtiment Drummondville,32,13,Home Inspection
Inspecteur En Bâtiment Trois-rivières,164,30,Home Inspection
Inspecteur De Bâtiment,124,20,Home Inspection
Inspecteur En Bâtiment,45,5,Home Inspection
Inspecteur En Structure De Bâtiment,61,7,Home Inspection
Inspecteur Bâtiment,61,17.33,Home Inspection
Test d'Amiante,65,12,Home Inspection
Test Amiante,23,1,Home Inspection
Test Radon,41,3,Home Inspection
compagnie gouttière,18,1,Roofer
gouttière drummondville,16,3,Roofer
Entreprise De Toiture,7,3,Roofer
toiture drummondville,3,1,Roofer
toiture pour maison,6,1,Roofer
nettoyage de gouttière,35,1,Roofer
nettoyeur de gouttière,7,1,Roofer
couvreure toiture,10,2,Roofer
couvreur toiture drummondville,6,2,Roofer
roofer,213,6,Roofer
roofing contractor,204,5,Roofer
roof repair near me,58,3,Roofer
roofers near me,31,2,Roofer
Toiture Rive-Sud,197,25,Renovation
Entreprise Toiture,11,2,Renovation
Toiture,30,5,Renovation
Toiture Saint-hubert,31,5,Renovation
membranes élastomères,18,3,Renovation
Toiture Longueuil,131,29,Renovation
Bardeau Asphalte,12,2,Renovation
Bardeau Dasphalte,16,2,Renovation
Couvreurs De Toitures,24,3,Renovation
Couvreurs Rive Sud,17,3,Renovation
Entrepreneur Toiture,65,5,Renovation
Couvreur Longueuil,10,1,Renovation
Couvreur Toiture,61,4,Renovation
Réfection De Toitures,5,1,Renovation
réparation toiture,34,3,Renovation
Transport Eau,12,0.5,Transport
remplir piscine,2,1,Transport
swimming pool water delivery,26,1,Transport
eau pour piscine,5,0.5,Transport
Réparation Soudure,674,54,Welder
Réparation par Soudage,43,7,Welder
Soudure Sur Mesure,40,3,Welder
soudure acier inoxydable,10,2,Welder
Fabrication Pièce Métal Sur Mesure,11,1,Welder
atelier de soudure,6,1,Welder
Soudeur,53,5,Welder
soudeur laval,85,14.5,Welder
Entreprise De Soudure,50,3,Welder
atelier de soudure,393,32.5,Welder
Entreprise De Soudage,11,1,Welder
Compagnie de Soudure,11,1,Welder
Soudure Laval,333,48,Welder
Soudure Générale,74,8,Welder
Entreprise Soudeur,1144,99.5,Welder
Soudage Laval,33,6,Welder
soudure aluminium,241,23,Welder
Entreprise Soudure,433,34,Welder
Soudure Métallique,300,28,Welder
Service De Soudure,161,16,Welder
Service Soudure,1138,80,Welder
Thermopompe Murale,94,2,Hvac
Thermopompe Centrale,276,6,Hvac
Chauffage Gatineau,121,5,Hvac
Compagnie De Chauffage,53,10,Hvac
Système De Chauffage,225,6,Hvac
installateur chauffage,9,1,Hvac
chauffage central gatineau,10,1,Hvac
Chauffage Central,23,2,Hvac
installation de chauffage,71,2,Hvac
Air Climatisé Centrale,41,1,Hvac
Climatiseur Centrale,230,9,Hvac
Climatiseur Mural,193,10,Hvac
Air Climatisé Mural,265,12,Hvac
Climatisation Mural,95,9,Hvac
Nettoyage Air Climatisé Mural,59,7,Hvac
Climatisation Gatineau,446,37,Hvac
entretien air climatisé mural,76,8,Hvac
Fournaise Centrale Électrique,107,2,Hvac
Fournaise Gaz Naturel,88,3,Hvac
Signage Company,3,1,Signs
Sign Company,6,1,Signs
Portable Washrooms Rental,259,17.67,Portable Toilet
Washroom Rentals,13,0.33,Portable Toilet
Portable Washroom,516,47,Portable Toilet
Portable Toilet Service,112,14.5,Portable Toilet
Portable Toilet Rental Montreal,97,12.99,Portable Toilet
Toilets For Rent,299,26.67,Portable Toilet
Portable Toilet Rentals,154,16,Portable Toilet
Construction Toilet Rental,203,15,Portable Toilet
Portable Toilets For Rent Near Me,153,24.75,Portable Toilet
Portable Potty Rental Prices,101,8,Portable Toilet
Luxury Portable Restrooms,6,1,Portable Toilet
Toiture Maison,9,1,Roofer
Toiture Pour Maison,5,1,Roofer
Rent A Portable Sink,5,1,Portable Toilet
Portable Sink Rental,3,1,Portable Toilet
Couvreur Terrebonne,2,1,Roofer
service de toiture,1,1,Roofer
water truck delivery for pools,128,4,Transport
remplissage piscine,181,10,Transport
Eau Besoin Transport,41,3,Transport
Remplissage de Piscine,320,10,Transport
eau pour piscine,15,2,Transport
Camion Citerne Eau,332,18,Transport
pool filling service near me,41,1,Transport
remplissage piscine gatineau,99,8,Transport
pool water delivery near me,89,10,Transport
livraison d eau pour piscine,18,1.5,Transport
water truck delivery to fill pool near me,16,3,Transport
camion eau piscine,10,1,Transport
camion deau,11,1,Transport
transport d eau pour piscine gatineau,10,1,Transport
water trucks to fill pool near me,83,2,Transport
Transport Eau,480,30.83,Transport
Transport D Eau Pour Piscine,129,3,Transport
compagnie remplissage de piscine,2,1,Transport
livraison d eau par camion citerne,148,5,Transport
remplir piscine,65,4.67,Transport
transport d eau remplissage de piscine,104,10,Transport
livraison eau pour piscine,33,1.5,Transport
water delivery for pool near me,143,4,Transport
remplissage eau piscine,216,8.67,Transport
camion d eau pour piscine,7,1,Transport
Citerne Transport Eau,122,2,Transport
camion eau remplir piscine,12,1,Transport
Transport Eau Piscine,117,4.5,Transport
Transport D Eau Piscine,16,2,Transport
livraison eau piscine,91,8,Transport
pool filling services near me,32,2,Transport
Transport D Eau,382,40.33,Transport
radon,101,7,Renovation
Couvreur Toiture,96,8,Roofer
Entreprise Toiture,32,5,Roofer
compagnie de toiture,33,1,Roofer
Toiture Entrepreneur,28,0.33,Roofer
Entreprise de Toiture,19,1,Roofer
Compagnie de Toiture,221,24.5,Roofer
Entrepreneur en Toiture,64,3.67,Roofer
couvreur rive nord,1,3,Roofer
Toiture,13,1,Roofer
Revêtement De Toiture,171,13,Roofer
Réparer Toit,8,1,Roofer
Réparation Toiture,29,3,Roofer
Réparation De Toit,16,2,Roofer
Rénovation Toiture,26,0.5,Roofer
Réparation De Toiture Bardeaux,8,3.5,Roofer
Réparation De Toiture,20,4,Roofer
Réparation Toit,30,4,Roofer
Réparer Bardeau Asphalte,8,2,Roofer
entreprise réparation toiture,10,1,Roofer
Bardeau Asphalte,11,1,Roofer
Bardeau d'Asphalte,66,1,Roofer
Underground Electrical Service,5,1,Electrician
Douche Mobile Location,28,3,Portable Toilet
Location De Douche Mobile,48,2,Portable Toilet
Location Douche Mobile,99,10,Portable Toilet
House Backup Generator,7,2,Electrician
Solar Electric Company,3,1,Electrician
Solar Energy Installation,5,1,Electrician
Roulotte Toilette,362,19,Portable Toilet
Location Roulotte Sanitaire,59,5,Portable Toilet
Roulotte Sanitaire,148,12,Portable Toilet
Roulotte Sanitaire Location,88,10,Portable Toilet
Packing And Moving Services,2,2,Moving Services
Moving And Storage Services,1,1,Moving Services
Storage Units,10,2,Moving Services
Moving Companies,11,1,Moving Services
Mover Service Near Me,1,1,Moving Services
réparation de fondations,105,15,Excavator
Réparation De Fissure,41,1,Excavator
Réparation Fissure Fondation,145,17,Excavator
Fissure Fondation,54,6,Excavator
Fissure De Fondation,9,1,Excavator
Service De Soudure Mobile,11,4,Welder
Soudure Mobile,32,8,Welder
Soudeur Mobile,13,3,Welder
Soudure Mobile Laval,7,2,Welder
Soudage Mobile,7,2,Welder
Terrassement Extérieur,33,3,Excavator
Entreprise Terrassement,9,1,Excavator
Terrassement,53,1,Excavator
Nivelage De Terrain,18,4,Excavator
Entreprise de Terrassement,38,3,Excavator
Infiltration Eau Sous-sol,31,3,Excavator
Imperméabilisation Fondation,63,14,Excavator
Infiltration D Eau,100,11,Excavator
Impermeabiliser Fondation,19,3,Excavator
Imperméabilisation De Fondation,45,6,Excavator
Terrassement Excavation,182,30.5,Excavator
Mini-Excavation,20,1,Excavator
Excavation Terrassement,55,10.5,Excavator
Compagnie Excavation,284,41,Excavator
Excavation Paysagement,62,16,Excavator
Excavation Shawinigan,33,4,Excavator
Entreprise Excavation,25,1,Excavator
Service d'Excavation,707,69,Excavator
Installation de Drain Francais,32,1,Excavator
Drains de Fondation,29,1,Excavator
Drains Français,234,24.5,Excavator
Drain Français Intérieur,9,1,Excavator
Travaux De Démolition,52,2,Excavator
Démolition Trois Rivières,49,3,Excavator
Démolition Maison,15,1,Excavator
Toiture,4,1,Renovation
Toiture Longueuil,18,2,Renovation
Toiture Rive-Sud,18,3,Renovation
Réfection De Toitures,3,1,Renovation
Key Cutting Near Me,44,5,Lock
Key Duplication Near Me,21,2,Lock
Key Duplication Service,21,3,Lock
Lethbridge Key Cutting,77,9.67,Lock
Locksmith,164,51,Lock
Locksmith Lethbridge Alberta,752,176,Lock
Key Locksmith Near Me,22,2,Lock
Locksmith Shop Near Me,273,68,Lock
Locksmith Services Near Me,91,13,Lock
Locksmith Around Me,8,2,Lock
Lock Smith Lethbridge,168,41.33,Lock
Nearest Locksmith,133,27.33,Lock
Auto Locksmith Near Me,122,30.5,Lock
car unlocking service,20,3,Lock
Car Key Locksmith,59,9,Lock
24 Hr Locksmith,36,4,Lock
Emergency Locksmith Near Me,28,5,Lock
Emergency Lock Service,498,117.17,Lock
Car Lockout Service,65,16,Lock
Keys Locked In Car Near Me,19,3,Lock
Auto Key Replacement,115,2,Lock
Car Key Fob Replacement,49,4,Lock
Lost Car Key Replacement Near Me,3,1,Lock
Car Key Replacement,17,1,Lock
Driveway Sealcoating,119,16.5,Insulation
Professional Driveway Sealing,77,16,Insulation
Driveway Asphalt Sealing,25,2,Insulation
Driveway Sealing Near Me,69,18.5,Insulation
Asphalt Driveway Sealer,105,11.5,Insulation
Driveway Sealing,500,67.75,Insulation
driveway sealing innisfil,30,8,Insulation
Residential Driveway Sealing,23,5,Insulation
driveway sealing barrie,182,35.5,Insulation
Driveway Crack Repair,19,1,Insulation
Driveway Repair Near Me,48,8,Insulation
Asphalt Driveway Repair,59,9,Insulation
Driveway Crack Filler,33,4,Insulation
Asphalt Repair Near Me,7,2,Insulation
Asphalt Driveway Crack Repair,15,1,Insulation
Nettoyage Air Climatisé Mural,40,1,Hvac
Climatisation Gatineau,47,1,Hvac
chauffagiste,10,1,Hvac
Compagnie De Chauffage,11,2,Hvac
Chauffage Gatineau,18,1,Hvac
installation de chauffage,3,2,Hvac
Nivelage Terrain,15,2,Excavator
Nivelage De Terrain,6,1,Excavator
Nivellement De Terrain,79,7,Excavator
Niveler Terrain,15,2,Excavator
Entreprise Mini Excavation,23,1,Excavator
compagnie excavation,58,1,Excavator
Compagnie Excavation,34,1,Excavator
entrepreneur en excavation,327,8,Excavator
Excavation,54,2,Excavator
Compagnie d'excavation,73,2,Excavator
Excavation Paysagement,30,1,Excavator
Excavation Estrie,25,1,Excavator
entreprise excavation,63,1,Excavator
Entreprise Excavation,59,1,Excavator
Services d'Excavation,435,14,Excavator
Mini-excavation,24,3,Excavator
Excavation Sherbrooke,24,2,Excavator
excavation sherbrooke,168,10,Excavator
Terrassement Excavation,89,6,Excavator
Terrassement,21,1,Excavator
Drain Pluvial,24,2,Excavator
Drain Interieur Sous Sol,22,1,Excavator
Drainage De Maison,69,1,Excavator
Drainage De Fondation,19,1,Excavator
drain de fondation,24,1,Excavator
Driveway Sealing,9,1,Insulation
Professional Driveway Sealing,4,1,Insulation
compagnie de déménagement,10,2,Moving Services
entreprise de déménagement,9,1,Moving Services
déménageur résidentiel,6,1,Moving Services
déménagement résidentiel,33,4,Moving Services
Déménagement Commercial,8,2,Moving Services
Déménageur Industriel,6,2,Moving Services
Entreposage Commercial,21,2,Moving Services
Entreposage Industriel,78,9,Moving Services
Escalier Rampe,10,2,Construction
Garde Corps Extérieur,4,1,Construction
Escalier Extérieur,22,5,Construction
Escalier En Acier,2,1,Construction
Escalier Métal,3,1,Construction
Escalier Exterieur Metal,4,1,Construction
balcon fibre de verre,29,9,Construction
Installation de balcon,3,1,Construction
balcon en fibre de verre,10,1,Construction
Balcon Extérieur,21,5,Construction
déménagement résidentiel,59,7,Moving Services
compagnie de déménagement,7,1,Moving Services
entreprise de déménagement,23,3,Moving Services
Commercial Déménagement,23,9,Moving Services
Déménagement Commercial,8,1,Moving Services
Déménagement Industriel,57,6,Moving Services
Déménagement Pour Entreprise,11,1,Moving Services
Déménagement Bureau,18,5,Moving Services
3pl service,123,6,Moving Services
3pl,73,1,Moving Services
3pl logistique,41,1,Moving Services
Entreposage Industriel,252,14,Moving Services
Entreposage Commercial,502,45,Moving Services
Réparateur De Toit,37,2,Roofer
Réparation De Toiture Bardeaux,15,1,Roofer
Réparation Toit,74,1,Roofer
Réparation Toiture,108,7.67,Roofer
Toiture Réparation,27,3,Roofer
Réparation De Toiture,53,4,Roofer
Réparateur Toiture,103,14,Roofer
Installation De Toiture,78,2,Roofer
Revêtement De Toiture,788,18,Roofer
installation toiture,85,5,Roofer
Toiture Laval,28,4,Roofer
Couvreur Mascouche,4,1,Roofer
Couvreur Toiture,66,0.5,Roofer
Couvreur de Toiture,141,5,Roofer
Entrepreneur Couvreur,56,1,Roofer
Entrepreneur De Toiture,194,11.5,Roofer
Entrepreneur En Toiture,129,7,Roofer
Toiture Entrepreneur,21,1.33,Roofer
Contracteur Toiture,14,1,Roofer
Entrepreneur Couvreur,63,5,Roofer
Custom Signs,14,2,Signs
Sign Company,24,2,Signs
Signage Company,3,1,Signs
Calgary Sign Companies,25,2,Signs
Road Sign Rentals,1,1,Signs
location de grue,3,1,Transport
Emergency Lock Service,51,10,Lock
calculateur de tonnage,328,2,Transport
calcul tonnage gravier,261,4,Transport
Transport De Marchandises,108,3,Transport
entreprise de transport agricole,1,1,Transport
dby transport,9,4,Transport
Service De Transport,322,10,Transport
Compagnie De Transport,342,8,Transport
transport de terre,7,1,Transport
Déménageur Beloeil,23,2,Moving Services
Déménagement,40,8,Moving Services
Location Machinerie Lourde,212,3,Transport
Location De Machinerie Lourde,65,3,Transport
location pelle mécanique,23,1,Transport
Déménageur Résidentiel,17,2,Moving Services
Services d'Excavation,122,8,Transport
Entrepreneur en Excavation,6,1,Transport
Entreprise Excavation,125,1,Transport
Auto Locksmith Near Me,8,3,Lock
Déménagement Longue Distance,2,1,Moving Services
Locksmith Lethbridge Alberta,13,5,Lock
Lost Car Key Replacement Near Me,1,1,Lock
Lock Smith Lethbridge,20,7,Lock
Prix Élagage Arbre,4,1,Tree Services
Émondage Boucherville,9,5,Tree Services
Émondage Varennes,4,1,Tree Services
Émondage Longueuil,4,1,Tree Services
Abattage d'Arbre,8,3,Tree Services
Abattage Arbre,9,2,Tree Services
Enlever Souche Arbre,4,1,Tree Services
Essouchement,6,1,Tree Services
Élaguer Arbre,2,1,Tree Services
Émondeur,3,4,Tree Services
Emploi Toiture,58,2,Roofer
Couvreur Emploi,10,3,Roofer
Couvreur Recrutement,48,1,Roofer
Réparation Four,7,2,Repair Household Items
Réparateur De Cuisinière,6,1,Repair Household Items
Réparation Cuisinière,4,1,Repair Household Items
Réparer Électroménager,9,3,Repair Household Items
Électroménager Réparation,29,7,Repair Household Items
Réparation Appareil Électroménager,10,3,Repair Household Items
Réparation Électroménager Limoilou,5,1,Repair Household Items
Réparation Électroménager,16,3,Repair Household Items
Réparation Électroménager Québec,30,8,Repair Household Items
Réparation Électroménager Charlesbourg,2,1,Repair Household Items
Électroménagers Réparation,4,2,Repair Household Items
Réparateur Électroménager,35,8,Repair Household Items
Réparateur Électroménager Québec,18,2,Repair Household Items
Réparateur D'électroménager,7,3,Repair Household Items
Technicien En Électroménager,3,1,Repair Household Items
Réfrigérateur Réparation,8,2,Repair Household Items
Réparateur De Réfrigérateur,38,12,Repair Household Items
Réparation Réfrigérateur,15,4,Repair Household Items
Réparateur Réfrigérateur,5,2,Repair Household Items
Réparateur Frigo,5,1,Repair Household Items
Réparateur De Congélateur,3,2,Repair Household Items
Réparation Soudure,17,1,Welder
Service Soudure,18,2,Welder
Soudure Laval,9,1,Welder
Service De Soudure,16,4,Welder
Compagnie de Soudure,2,3,Welder
Soudure Métallique,15,3,Welder
Soudure Sur Mesure,1,1,Welder
Windows Tinting Service,6,1,Doors & Windows
Residential Window Tinting,7,2,Doors & Windows
3M Residential Window Film,1,1,Doors & Windows
Frosted Glass Film,2,1,Doors & Windows
Rent A Generator,1,1,Tools
Power Generator Rental,3,1,Tools
Equipment Rental Ottawa,126,19,Tools
Rentals Equipment,150,26,Tools
Equipment Rental Agencies,4,1,Tools
Equipment Rental,32,3.5,Tools
Mini Excavator Rental,6,2,Tools
Concrete Equipment Rental,19,1,Tools
Concrete Mixer Rental Near Me,2,1,Tools
Concrete Chainsaw Rental,7,2,Tools
Concrete Floor Grinder Rental,15,1,Tools
Disposal Bin Rental,2,1,Tools
Dumpster Bin Rental,28,8,Tools
Boom Lift Rental,8,4,Tools
Construction Equipment Rental,9,1,Tools
Heavy Equipment Rental,21,0.5,Tools
Heavy Equipment Rental Ottawa,18,8,Tools
Flat Bed Trailer Rentals,19,2,Tools
Trailers For Rent,93,15,Tools
Nettoyage Thermopompe,67,2,Hvac
Installateur Thermopompe,33,0.5,Hvac
Thermopompe Murale,232,3,Hvac
thermopompe murale,118,1,Hvac
Zephyr Thermopompe,75,3,Hvac
Réparation Climatiseur,16,1,Hvac
Réparation Thermopompe,20,0.5,Hvac
Boom Lift Rental,287,20,Tools
Lifts For Rent Near Me,31,0.23,Tools
Elevated Work Platform Rental,29,2,Tools
Man Lift Rental,78,11.5,Tools
Aerial Lift Rental,94,4,Tools
scissor lift rental,47,7,Tools
Boom Rental,231,21,Tools
Construction Lift Rental,366,40,Tools
Construction Fence Rental,22,1,Tools
Construction Fencing,27,1,Tools
Fencing Rental,84,3,Tools
Heavy Equipment Rental,450,16.25,Tools
Heavy Equipment Rental Ottawa,251,16.5,Tools
Large Equipment Rentals,264,17,Tools
Construction Equipment Rental,214,4,Tools
Construction Equipment Rental Near Me,127,17,Tools
Power Generator Rental,200,5,Tools
Generator Rentals,311,7,Tools
Concrete Floor Grinder Rental,201,9.67,Tools
Concrete Tool Rental,122,6,Tools
Concrete Cutting Saw Rental,72,2,Tools
Concrete Grinder Rental,111,2.33,Tools
Concrete Hole Saw Rental,10,1,Tools
Concrete Chainsaw Rental,73,3,Tools
Concrete Equipment Rental,527,23,Tools
Concrete Core Drill Rental,84,9,Tools
Concrete Polisher Rental,34,1,Tools
Concrete Breaker Rental,124,4,Tools
Concrete Pump Rental,344,7,Tools
Concrete Saw Rental,104,3.5,Tools
Concrete Mixer Rental,136,3,Tools
Concrete Cutter Rental,47,3,Tools
Excavator Rental,249,6,Tools
Digging Equipment Rental,142,5,Tools
Earth Moving Equipment Rental,50,5,Tools
Equipment Rental Kanata,252,16,Tools
Equipment Rental Ontario,345,6.33,Tools
Equipment Rental Place,324,22.5,Tools
Local Equipment Rental Companies,40,8.5,Tools
Equipment Rental,2516,131.87,Tools
Equipment For Rent,575,13,Tools
Equipment Rental Agencies,199,14.5,Tools
Equipment Rental Place Near Me,68,3,Tools
Equipment Rental Ottawa,3405,219.75,Tools
Rent Equipment Near Me,540,14,Tools
Rentals Equipment,7356,299.92,Tools
Small Equipment Rentals,344,10.43,Tools
Equipment Rental Companies Near Me,130,8,Tools
Small Equipment Rental Near Me,28,1,Tools
Roll Off Bins,109,3,Tools
dumpster rental ottawa,39,8,Tools
Dumpster Bin Rental,622,54.25,Tools
Dumpster Bins,187,10.5,Tools
Garbage Bin Rental,124,8,Tools
Bin Rental,214,18,Tools
Disposal Bin Rental,44,1,Tools
Dumpster Rental,520,63,Tools
Rental Dumpster,21,3,Tools
Dumpster Container Rental,184,8,Tools
Roll Off Dumpster Rental Near Me,6,1,Tools
Roll Off Dumpster Rental,33,4,Tools
Flat Bed Trailer Rentals,777,47.25,Tools
Moving Trailer Rental,583,19.99,Tools
Utility Trailer Rental Near Me,194,7.33,Tools
Flat Deck Trailer Rental Near Me,19,5.5,Tools
Trailers For Rent,8169,192.83,Tools
Trailer Rental Prices,270,4.5,Tools
Trailer Rental Near Me,489,16.75,Tools
Small Cargo Trailer Rental,84,2,Tools
Flatbed Trailer Rental Near Me,271,11.5,Tools
Tools Rentals,412,1,Tools
Mini Digger Rental,125,3,Tools
Mini Excavator Rental Ottawa,119,6,Tools
Mini Excavator Rental,203,3,Tools
nl movers,11,2,Moving Services
moving companies nl,12,2,Moving Services
movers newfoundland,3,1,Moving Services
movers newfoundland,10,1,Moving Services
steel stair railing,201,5,Construction
stairs railings,63,3,Construction
steel staircase,340,26.5,Construction
build stairs for deck,36,1,Construction
exterior staircase,536,20,Construction
exterior stairs,270,13.5,Construction
garde corps fer forgé,115,2,Construction
outdoor railings for steps,362,19,Construction
metal railing outdoor,183,7.5,Construction
exterior railings,543,15.5,Construction
outside stair rails,173,7,Construction
outdoor railing,44,1,Construction
exterior aluminum railings,185,6,Construction
Réparation De Toiture,5,1,Renovation
Toiture Longueuil,11,1,Renovation
Entreprise Toiture,44,4,Renovation
Toiture Rive-Sud,17,3,Renovation
nettoyage air climatisé,116,1,Hvac
nettoyage air climatisé mural,216,19,Hvac
nettoyeur air climatisé,70,3,Hvac
Thermopompe Murale Coule,18,1,Hvac
Nettoyage unité murale,102,7,Hvac
entretien thermopompe,127,8,Hvac
nettoyage de thermopompe,262,18,Hvac
Nettoyage Thermopompe murale,188,8,Hvac
nettoyage conduit sécheuse,38,1,Hvac
nettoyage de conduit de sécheuse,10,1,Hvac
nettoyage tuyau sécheuse,32,1,Hvac
nettoyage conduit chauffage,57,4,Hvac
nettoyeur de conduit de ventilation,10,1,Hvac
nettoyage conduit ventilation,234,19,Hvac
nettoyage conduit,31,4,Hvac
nettoyage ventilation,32,2,Hvac
nettoyage de ventilation,13,1,Hvac
nettoyage échangeur d'air,91,4,Hvac
dépoussiéreur industriel,37,1,Hvac
Transport Eau,36,2,Transport
Citerne Transport Eau,7,2,Transport
Transport D Eau Pour Piscine,23,3,Transport
Toiture Maison,6,1,Roofer
Locksmith Lethbridge Alberta,13,1,Lock
Lock Smith Lethbridge,40,3,Lock
Emploi Déménageur,140,6,Moving Services
Job Déménageur,83,3,Moving Services
Emploi Déménagement,793,32,Moving Services
Charbonneau Propane,8,2,Natural Gas Dealer
Gaz Pétrole Charbonneau Inc.,6,3,Natural Gas Dealer
Roche En Vrac,52,2,Machine Shop
Pierre Concassée En Vrac,38,1,Machine Shop
Acheter Gravier,35,3,Machine Shop
Gravier Vrac,9,2,Machine Shop
Produits De Béton,73,5,Machine Shop
Acheter Béton,78,1,Machine Shop
Dalle De Béton,133,10,Machine Shop
Terre Noire En Vrac,10,1,Machine Shop
Terre En Vrac Prix,13,1,Machine Shop
Terre En Vrac,60,2.5,Machine Shop
Terre A Gazon En Vrac,8,1,Machine Shop
Terre A Jardin En Vrac,51,3.5,Machine Shop
Sable En Vrac,13,1,Machine Shop
Got Junk,506,60.17,Disposal
1 800 Got Junk,200,25,Disposal
1 800 I Got Junk,23,2,Disposal
Pick up Old Furniture,436,36.17,Disposal
Refrigerator Removal,183,21,Disposal
Appliance Removal,81,5,Disposal
Appliance Removal Montreal,67,2.5,Disposal
Appliance Removal Near Me,149,14,Disposal
Fridge Removal,73,9,Disposal
Furniture Removal,152,13,Disposal
Furniture Removal Services,387,31.33,Disposal
Mattress Removal Near Me,77,10,Disposal
Old Furniture Removal,59,1,Disposal
Sofa Removal,140,15,Disposal
Unwanted Furniture Removal,256,18.33,Disposal
Furniture Removal Near Me,174,10.33,Disposal
Old Appliance Removal,165,14.5,Disposal
Junk Metal,535,45.5,Disposal
Scrap Metal Pick up Montreal,50,4.5,Disposal
Metal Waste,26,1,Disposal
Garage Clean Out,29,3,Disposal
Scrap Pickup,229,32.5,Disposal
1800 Got Junk,79,9,Disposal
Junk Removal,1136,119.76,Disposal
Junk Removal Service,159,13,Disposal
Got Junk,542,49.5,Disposal
Junk Removal Montreal,580,73.17,Disposal
rubbish hauling,11,2.33,Disposal
1800 I Got Junk,108,9,Disposal
Junk Pick up Montreal,185,31.33,Disposal
Home Junk Removal,17,1,Disposal
Cheap Junk Removal,17,1,Disposal
Junk Pick Up,153,10,Disposal
Scrap Removal Near Me,175,18,Disposal
rubbish removal,95,10,Disposal
Junk Removal Near Me,185,28,Disposal
Scrap Removal,252,39,Disposal
Entreprise Excavation,6,1,Excavator
Services d'Excavation,24,1,Excavator
Nivelage De Terrain,1,1,Excavator
Excavation Terrassement,2,1,Excavator
Entreprise De Terrassement,5,1,Excavator
Inspection Dar,219,20,Plumber
Plomberie Dar,251,19,Plumber
systeme anti refoulement,105,3,Plumber
dispositif antirefoulement,1353,72.5,Plumber
Installation Dar,196,12,Plumber
clapet anti retour installation,79,1,Plumber
Anti-refoulement,2292,91.5,Plumber
Installation Dispositif Anti-refoulement,50,1,Plumber
Certification Dar,130,9,Plumber
Royal Lepage Trois-Rivières,56,4,Real Estate
Royal Lepage,115,2,Real Estate
Agence Immobilière,67,2,Real Estate
Agent Immobilier,42,1,Real Estate
Maison A Vendre Trois Rivieres,1414,6,Real Estate
agent immobilier trois rivieres,40,1,Real Estate
Maison À Vendre,221,2,Real Estate
agence immobilière trois rivières,992,5.67,Real Estate
courtier immobilier mauricie,10,1,Real Estate
agence immobilière shawinigan,537,3,Real Estate
courtier immobilier shawinigan,14,2,Real Estate
Propriété À Vendre,1205,6,Real Estate
Chalet À Vendre,426,5,Real Estate
Escalier En Métal,3,1,Construction
Escalier Extérieur,26,4,Construction
Escalier De Métal,3,2,Construction
Fer Escalier,1,1,Construction
balcon fibre de verre prix,6,1,Construction
patio fibre de verre,6,1,Construction
Balcon Extérieur,14,1,Construction
Balcon En Métal,4,1,Construction
balcon fibre de verre,29,9,Construction
Escalier Rampe,6,1,Construction
installation rampe aluminium,1,1,Construction
Réparation Réfrigérateur,17,4.5,Repair Household Items
Réparateur De Réfrigérateur,35,8.5,Repair Household Items
Réparation Réfrigérateur Québec,17,3,Repair Household Items
Réparation Électroménager,90,19.5,Repair Household Items
Réparation Électroménager Québec,12,5,Repair Household Items
Service De Réparation Électroménager,36,5,Repair Household Items
Déménagement,73,6,Moving Services
Entreprise De Déménagement,14,2,Moving Services
Transport et Déménagement,11,2,Moving Services
Transport Déménagement Pas Cher,6,2,Moving Services
Déménagement Transport,15,2,Moving Services
Déménageur Résidentiel,5,1,Moving Services
Déménageur Brossard,1,1,Moving Services
Déménageur Beloeil,5,1,Moving Services
Déménagement Résidentiel,17,4,Moving Services
Réparateur Électroménager Québec,133,26.5,Repair Household Items
Property Insurance,93,2,Insurance
Commercial Insurers,97,28,Insurance
Commercial Insurance Companies,15,4,Insurance
Commercial Insurance Brokers Near Me,5,3,Insurance
Life Insurance Quote,6,1,Insurance
Life Insurance Company,352,21,Insurance
Pierre Concassée En Vrac,6,1,Machine Shop
Car Insurance Brokers Near Me,68,25,Insurance
Auto Insurance Brokers Mississauga,17,7,Insurance
Automobile Insurance Brokers,65,10,Insurance
Vehicle Insurance Broker,220,40,Insurance
Auto Insurance Plans,302,61,Insurance
Cyber Crime Insurance,9,1,Insurance
Corporate Insurance Company,73,15,Insurance
Corporate Liability Insurance,4,1,Insurance
Small Business Insurance Broker,1,1,Insurance
Business Insurance Companies,22,10,Insurance
Insurance Brokers Ontario,145,16,Insurance
insurance broker,26,6,Insurance
Mississauga Insurance Brokers,94,10,Insurance
insurance company in mississauga,34,5,Insurance
Brokers Insurance Company,390,36,Insurance
mississauga insurance,3,2,Insurance
Dalle De Béton Prix,12,1,Machine Shop
Anti-refoulement,118,6,Plumber
Installation Dar,6,1,Plumber
dispositif antirefoulement,32,2,Plumber
Windows Tinting Service,16,1,Doors & Windows
Windsor Window Tinting,10,1,Doors & Windows
Residential Window Tinting,1,1,Doors & Windows
Window Tinting House,7,1,Doors & Windows
Residential Home Window Tinting Near Me,2,1,Doors & Windows
Retirer une Souche,24,1,Tree Services
Essouchement,20,2,Tree Services
Enlever Souche,107,5,Tree Services
Coût Abattage Arbre,38,2,Tree Services
Abattage d'Arbre,53,5,Tree Services
Abattage Arbre,57,5,Tree Services
Prix Abattage Arbre,48,1,Tree Services
Élagage Varennes,5,1,Tree Services
Prix Élagage Arbre,17,1,Tree Services
Élagage,49,4,Tree Services
Élagage Arbre,24,4,Tree Services
Élagage Rive Sud,27,7,Tree Services
Élagueur Saint-Bruno,4,1,Tree Services
Service d'Arbre,112,10,Tree Services
Émondage Longueuil,30,2,Tree Services
Émondage,17,1,Tree Services
Émondage Boucherville,22,3,Tree Services
Émondage Arbre,81,9,Tree Services
Émondage Varennes,34,5,Tree Services
Émondeur,14,2,Tree Services
Réfrigérateur Réparation,5,3,Repair Household Items
Réparation Réfrigérateur,13,4,Repair Household Items
Problème Réfrigérateur,3,2,Repair Household Items
Réparation Réfrigérateur Québec,6,1,Repair Household Items
Réparateur Électroménager,31,5,Repair Household Items
Électroménagers Réparation,24,8,Repair Household Items
Réparation Électroménager Québec,15,1,Repair Household Items
Service Réparation Électroménager,7,2,Repair Household Items
Réparateur De Four,2,1,Repair Household Items
Réparation Four,3,2,Repair Household Items